Coolant Temperature,Motor Devri,Yağ Basıncı,Tarih,Yakıt Tüketimi (L),Egzoz Sıcaklığı,Titreşim Seviyesi,Çalışma Süresi (Saat),Test Sonucu,Test Engineer
78.4,1713,3.75,2026-10-12T16:45:00.000,8.29,372.2,1.37,0.07,OK,C. Yildiz
84.6,2484,3.68,2026-10-12T16:52:00.000,11.05,496.3,1.8,0.18,OK,A. Demir
84.3,2523,4.3,2026-10-12T16:58:00.000,11.74,486.5,2.31,0.27,OK,C. Yildiz
83.3,1914,3.89,2026-10-12T17:05:00.000,9.06,427.1,1.35,0.36,OK,D. Sahin
83.1,2489,4.57,2026-10-12T17:11:00.000,13.27,453.9,1.36,0.46,OK,C. Yildiz
77.7,1430,3.77,2026-10-12T17:16:00.000,8.7,381.5,1.04,0.56,OK,A. Demir
80.6,2338,4.1,2026-10-12T17:18:00.000,11.17,441.2,1.28,0.64,OK,D. Sahin
87.5,2624,3.76,2026-10-12T17:24:00.000,14.33,498.6,1.91,0.74,OK,C. Yildiz
78,1776,3.94,2026-10-12T17:27:00.000,10.09,423.1,1.39,0.76,OK,C. Yildiz
84.9,2835,4.38,2026-10-12T17:31:00.000,12.25,533.3,1.76,0.81,OK,E. Aydin
82.5,2418,4.11,2026-10-12T17:36:00.000,12.28,484.6,1.42,0.88,OK,A. Demir
83.5,2046,,2026-10-12T17:42:00.000,10.66,439.4,1.91,1,OK,E. Aydin
81.3,,4.43,2026-10-12T17:46:00.000,12.12,416.8,1.44,1.07,OK,B. Kaya
80.2,2411,,2026-10-12T17:51:00.000,10.43,452.9,1.53,1.11,OK,E. Aydin
86.9,3270,4.93,2026-10-12T17:53:00.000,14.4,544.3,2.15,1.14,OK,A. Demir
82.6,2742,4.32,2026-10-12T18:01:00.000,13.95,495.3,1.91,1.21,OK,C. Yildiz
80.7,2375,3.66,2026-10-12T18:03:00.000,10.83,446.6,1.48,1.25,OK,A. Demir
83.7,2878,4.25,2026-10-12T18:10:00.000,12.54,494.7,1.52,1.34,OK,D. Sahin
85.1,3044,4.24,2026-10-12T18:18:00.000,13.91,523.6,1.78,1.45,OK,D. Sahin
83.4,2887,4.62,2026-10-12T18:21:00.000,12.09,495.6,1.54,1.51,OK,C. Yildiz
83.5,2450,4.21,2026-10-12T18:27:00.000,11.56,452.8,1.38,1.54,OK,B. Kaya
80.4,2445,4.83,2026-10-12T18:29:00.000,12.07,462.3,1.73,1.59,OK,D. Sahin
81.5,2018,4.33,2026-10-12T18:35:00.000,10,433.5,1.9,1.63,OK,E. Aydin
88.3,3058,4.68,2026-10-12T18:39:00.000,15.12,552.6,1.65,1.66,OK,D. Sahin
86.1,2751,3.97,2026-10-12T18:47:00.000,12.73,490.4,1.66,1.68,OK,E. Aydin
81.5,2555,3.98,2026-10-12T18:51:00.000,13.14,464.8,1.44,1.74,OK,A. Demir
89.3,3159,4.07,2026-10-12T18:58:00.000,13.84,520.8,1.68,1.85,OK,B. Kaya
78.5,2762,4.53,2026-10-12T19:05:00.000,12.9,487.6,2.04,1.88,OK,E. Aydin
82.4,2330,3.67,2026-10-12T19:10:00.000,12.88,469.9,1.38,1.93,OK,D. Sahin
83.8,3161,4.76,2026-10-12T19:17:00.000,13.06,530,1.74,2.05,OK,A. Demir
76.3,2618,3.86,2026-10-12T19:20:00.000,11.85,482.5,1.75,2.16,OK,E. Aydin
86.8,2798,4.7,2026-10-12T19:23:00.000,13.88,527,1.85,2.21,OK,B. Kaya
90.3,2945,3.88,2026-10-12T19:31:00.000,13.04,555,2.69,2.3,OK,B. Kaya
89.9,3031,3.86,2026-10-12T19:33:00.000,13.72,525.5,1.67,2.36,OK,B. Kaya
80.1,2459,4.12,2026-10-12T19:38:00.000,12.46,470.3,1.83,2.46,OK,E. Aydin
83.4,2801,4.74,2026-10-12T19:43:00.000,12.77,477.6,1.66,2.52,OK,C. Yildiz
86.5,2871,4.19,2026-10-12T19:51:00.000,14.41,511.8,2.02,2.56,OK,B. Kaya
84.9,3189,4.01,2026-10-12T19:55:00.000,14.06,545.9,1.89,2.61,OK,C. Yildiz
88.4,3084,4.32,2026-10-12T19:59:00.000,14.54,542,1.92,2.64,OK,A. Demir
89.4,2903,4.53,2026-10-12T20:07:00.000,15.05,524.8,1.62,2.74,OK,B. Kaya
84.5,3311,3.97,2026-10-12T20:13:00.000,15.87,547.6,1.8,2.89,OK,D. Sahin
80,2686,4.01,2026-10-12T20:15:00.000,12.46,499.5,1.56,2.93,OK,C. Yildiz
92.5,3749,5.11,2026-10-12T20:19:00.000,17.65,582.8,2.05,3,OK,C. Yildiz
86.9,3771,5.55,2026-10-12T20:24:00.000,15.15,587.7,1.96,3.1,OK,A. Demir
89.1,3641,4.69,2026-10-12T20:27:00.000,16.24,584.1,1.87,3.19,OK,A. Demir
87.9,3321,4.43,2026-10-12T20:35:00.000,14.59,566.6,2.23,3.25,OK,C. Yildiz
81.4,3464,4.56,2026-10-12T20:38:00.000,15.9,558.2,2.48,3.34,OK,B. Kaya
87.5,3150,4.43,2026-10-12T20:44:00.000,14.78,544.7,1.61,3.38,OK,C. Yildiz
88.3,3302,4.97,2026-10-12T20:48:00.000,14.2,535.8,2.27,3.42,OK,D. Sahin
83.9,3288,4.98,2026-10-12T20:51:00.000,15.41,561.7,1.97,3.54,OK,E. Aydin
84.5,3548,5.16,2026-10-12T20:55:00.000,16.73,588.9,2.02,3.6,OK,B. Kaya
91.4,3285,4.91,2026-10-12T21:03:00.000,16.51,570.2,1.75,3.7,OK,C. Yildiz
85.8,2712,3.93,2026-10-12T21:10:00.000,11.87,491.9,1.87,3.72,OK,A. Demir
90.7,3503,4.39,2026-10-12T21:12:00.000,14.82,582.6,2.91,3.79,OK,A. Demir
84.4,2937,4.99,2026-10-12T21:17:00.000,14.22,510.3,2.05,3.88,OK,A. Demir
87.6,3469,4.12,2026-10-12T21:23:00.000,14.18,566.1,2.73,3.95,OK,C. Yildiz
82.7,2934,4.43,2026-10-12T21:30:00.000,14.07,492,1.84,4,OK,A. Demir
84.6,3742,4.53,2026-10-12T21:32:00.000,16.91,573.4,1.93,4.11,OK,E. Aydin
86.2,3848,4.84,2026-10-12T21:35:00.000,16.27,616.9,2.13,4.17,OK,C. Yildiz
87.9,3293,4.41,2026-10-12T21:43:00.000,14.78,548,2.37,4.26,OK,D. Sahin
89.5,3685,4.42,2026-10-12T21:47:00.000,15.1,581.9,2.42,4.35,OK,B. Kaya
91.3,4165,5.07,2026-10-12T21:53:00.000,17.35,640.1,2.49,4.44,OK,B. Kaya
90.4,3683,5.04,2026-10-12T21:59:00.000,16.76,610.3,1.98,4.54,OK,B. Kaya
91.5,3319,4.64,2026-10-12T22:07:00.000,14.79,536.7,1.79,4.57,OK,C. Yildiz
90.1,3216,4.52,2026-10-12T22:14:00.000,14,521.7,1.81,4.61,OK,D. Sahin
87.2,3667,5.11,2026-10-12T22:22:00.000,18.52,584,2.27,4.69,OK,C. Yildiz
92,3527,4.8,2026-10-12T22:24:00.000,13.99,574.1,2.07,4.77,OK,B. Kaya
89.5,3424,4.55,2026-10-12T22:32:00.000,14.8,568.6,1.74,4.86,OK,D. Sahin
82.4,2952,4.9,2026-10-12T22:39:00.000,12.73,515.9,2.85,4.93,OK,B. Kaya
85.8,3417,4.61,2026-10-12T22:42:00.000,15.52,571.3,1.87,4.99,OK,A. Demir
88.2,3340,5.27,2026-10-12T22:49:00.000,14.1,559.6,1.98,5.02,OK,C. Yildiz
88.5,3427,4.67,2026-10-12T22:52:00.000,16.57,581.4,2.51,5.1,OK,B. Kaya
90.5,3325,5.04,2026-10-12T22:55:00.000,14.09,558,1.68,0.09,OK,A. Demir
89.7,4013,4.62,2026-10-12T23:01:00.000,17.55,611.2,2.51,0.12,OK,B. Kaya
87.5,3591,4.88,2026-10-12T23:04:00.000,16.52,564.8,2.04,0.22,OK,B. Kaya
88.1,3222,4.57,2026-10-12T23:12:00.000,14.98,531.1,1.72,0.3,OK,B. Kaya
81.2,3082,4.89,2026-10-12T23:19:00.000,12.42,539.4,1.77,0.34,OK,C. Yildiz
95.1,4528,4.86,2026-10-12T23:26:00.000,19.04,650,2.72,0.38,OK,B. Kaya
85.5,3274,5.2,2026-10-12T23:34:00.000,14.96,522.4,1.93,0.43,OK,A. Demir
81.3,3028,4.39,2026-10-12T23:42:00.000,15.45,505.4,1.71,0.52,OK,D. Sahin
81.4,2758,4.38,2026-10-12T23:45:00.000,12.18,498,1.95,0.57,OK,A. Demir
83,2805,4.6,2026-10-12T23:48:00.000,13.36,482.6,2.28,0.61,OK,B. Kaya
85.8,2948,3.66,2026-10-12T23:50:00.000,13.41,514.2,2.39,0.7,OK,A. Demir
86.5,2969,4.66,2026-10-12T23:57:00.000,13.75,509.5,1.63,0.82,OK,D. Sahin
79.6,3111,4.99,2026-10-13T00:02:00.000,14.34,525.9,1.6,0.9,OK,D. Sahin
90.6,3594,4.77,2026-10-13T00:10:00.000,16.24,593.2,2.08,0.95,OK,E. Aydin
88.3,3361,4.96,2026-10-13T00:12:00.000,12.76,573.9,1.76,0.98,OK,D. Sahin
85.8,3503,4.95,2026-10-13T00:17:00.000,16.59,548.4,1.94,1.06,OK,B. Kaya
85.9,3014,4.81,2026-10-13T00:24:00.000,13.14,489.9,1.97,1.11,OK,A. Demir
88.7,3125,4.57,2026-10-13T00:31:00.000,13.42,537.9,2.03,1.21,OK,C. Yildiz
86.4,3446,5.07,2026-10-13T00:33:00.000,14.37,554.9,1.91,1.29,OK,D. Sahin
84.4,3440,4.66,2026-10-13T00:40:00.000,15.82,564.4,2.1,1.38,OK,A. Demir
84.9,2980,4.54,2026-10-13T00:45:00.000,14.55,518.6,1.75,1.47,OK,C. Yildiz
90.4,3724,5.08,2026-10-13T00:51:00.000,16.91,590.1,1.94,1.57,OK,A. Demir
82.4,2641,3.74,2026-10-13T00:57:00.000,13.42,494.6,2.02,1.64,OK,D. Sahin
85,3565,4.96,2026-10-13T01:02:00.000,15.81,552.3,2.38,1.76,OK,A. Demir
86,2816,4.34,2026-10-13T01:05:00.000,11.89,505.6,2.03,1.78,OK,D. Sahin
80.8,2640,4.41,2026-10-13T01:08:00.000,12.79,498.9,1.7,1.9,OK,D. Sahin
85,2597,4.05,2026-10-13T01:16:00.000,10.92,510,1.57,2,OK,D. Sahin
88.8,2780,3.64,2026-10-13T01:20:00.000,12.7,490.4,2.27,2.08,OK,A. Demir
85.4,3231,4.6,2026-10-13T01:27:00.000,13.5,528.1,1.84,2.18,OK,D. Sahin
83.7,3306,4.84,2026-10-13T01:34:00.000,14.81,548,1.9,2.29,OK,D. Sahin
86.7,3057,4.36,2026-10-13T01:42:00.000,13.46,516.3,2.17,2.37,OK,B. Kaya
83,2623,4.43,2026-10-13T01:48:00.000,12.61,501.1,1.55,2.47,OK,E. Aydin
84.9,2638,3.9,2026-10-13T01:53:00.000,11.77,490.6,2.62,2.57,OK,A. Demir
85.3,2589,3.95,2026-10-13T02:01:00.000,11.73,462.4,2.17,2.65,OK,D. Sahin
86.6,3608,4.96,2026-10-13T02:08:00.000,15.34,553.7,2.9,2.69,OK,A. Demir
83,2817,4.43,2026-10-13T02:12:00.000,14.21,471.6,2.18,2.78,OK,B. Kaya
84.9,2810,4.44,2026-10-13T02:16:00.000,13.82,518.6,1.83,2.86,OK,A. Demir
84,2731,4.24,2026-10-13T02:20:00.000,13.81,512.4,2,2.97,OK,E. Aydin
87.1,2500,3.67,2026-10-13T02:28:00.000,12.29,472.8,1.92,3.09,OK,B. Kaya
79.2,2540,4.47,2026-10-13T02:31:00.000,11.52,454.7,1.85,3.2,OK,D. Sahin
87.3,2743,4.15,2026-10-13T02:35:00.000,12.5,504.9,1.42,3.29,OK,C. Yildiz
89.5,2918,3.46,2026-10-13T02:40:00.000,13.47,538.2,1.71,3.37,OK,A. Demir
83.9,2542,4.08,2026-10-13T02:48:00.000,12.19,494.5,1.77,3.4,OK,C. Yildiz
82,1990,4.2,2026-10-13T02:54:00.000,10.56,430.5,1.49,3.51,OK,C. Yildiz
81.7,1946,3.38,2026-10-13T03:01:00.000,10.38,432.1,2.03,3.56,OK,C. Yildiz
88.4,2561,3.76,2026-10-13T03:06:00.000,12.14,479.1,2.3,3.6,OK,B. Kaya
84.3,2509,4.32,2026-10-13T03:08:00.000,12.11,482,2.35,3.62,OK,E. Aydin
83.9,1928,4.06,2026-10-13T03:15:00.000,12.22,399.4,1.48,3.67,OK,E. Aydin
81.3,2165,4.33,2026-10-13T03:19:00.000,11.63,456.7,1.38,3.73,OK,B. Kaya
82.1,2411,4.14,2026-10-13T03:25:00.000,11.32,460,1.81,3.82,OK,E. Aydin
81.5,2329,3.72,2026-10-13T03:29:00.000,12.27,447.6,1.86,3.87,OK,E. Aydin
83.9,2866,4.09,2026-10-13T03:36:00.000,13.08,512.3,1.79,3.98,OK,D. Sahin
86.4,2568,4.8,2026-10-13T03:39:00.000,12.27,489.1,1.46,4.05,OK,C. Yildiz
77.1,1773,4.03,2026-10-13T03:42:00.000,11.12,414.4,1.57,4.14,OK,E. Aydin
85.6,2613,4.77,2026-10-13T03:44:00.000,12.96,498.4,1.73,4.2,OK,B. Kaya
79.3,1578,3.58,2026-10-13T03:50:00.000,9.47,384,1.17,4.24,OK,D. Sahin
80.2,1635,3.28,2026-10-13T03:56:00.000,8.29,374.6,1.04,4.3,OK,C. Yildiz
78,1661,3.78,2026-10-13T04:00:00.000,8.41,400.3,1.28,4.36,OK,D. Sahin
76.5,1676,3.49,2026-10-13T04:03:00.000,10.26,376.4,1.28,4.42,OK,C. Yildiz
83,2243,4.32,2026-10-13T04:09:00.000,11.33,422,1.89,4.46,OK,C. Yildiz
81.3,2101,4.95,2026-10-13T04:13:00.000,10.2,442.2,1.42,4.51,OK,E. Aydin
78.2,1954,3.91,2026-10-13T04:18:00.000,11.22,417.7,1.9,4.57,OK,E. Aydin
86.6,2607,4.38,2026-10-13T04:23:00.000,13.72,480.6,1.4,4.66,OK,A. Demir
81.4,1159,3.06,2026-10-13T04:29:00.000,7.52,345.9,1.05,4.74,OK,D. Sahin
83.4,2371,3.74,2026-10-13T04:35:00.000,13.17,482,1.53,4.8,OK,D. Sahin
84.3,2576,4.13,2026-10-13T04:37:00.000,13.26,468.9,1.51,4.91,OK,C. Yildiz
77.7,1814,4.41,2026-10-13T04:43:00.000,11.24,408.3,1.28,4.99,OK,A. Demir
81.1,1862,3.95,2026-10-13T04:45:00.000,10.59,420.1,1.27,5.08,OK,E. Aydin
78.6,1282,3.51,2026-10-13T04:48:00.000,6.46,374,1.89,5.19,OK,B. Kaya
78.9,1509,3.68,2026-10-13T04:55:00.000,8.74,374.4,1.74,5.23,OK,A. Demir
82.2,2000,3.43,2026-10-13T04:57:00.000,9.13,438,2.07,5.26,OK,B. Kaya
78.9,1560,4.07,2026-10-13T05:03:00.000,8.6,358.2,0.97,5.33,OK,C. Yildiz
77.5,1576,3.99,2026-10-13T05:11:00.000,9.6,379.1,1.27,5.45,OK,D. Sahin
77.1,1973,3.63,2026-10-13T05:19:00.000,11.28,428.2,1.12,5.55,OK,E. Aydin
79,1303,3.57,2026-10-13T05:26:00.000,8.41,360.5,1.24,5.64,OK,B. Kaya
84.2,1353,3.42,2026-10-13T05:32:00.000,9.4,358.5,1.24,5.75,OK,C. Yildiz
76.6,1280,3.84,2026-10-13T05:35:00.000,8.44,346.9,1.32,5.8,OK,C. Yildiz
82.6,1428,4.37,2026-10-13T05:39:00.000,9.09,338.8,1.77,5.88,WARNING,D. Sahin
80,1289,3.31,2026-10-13T05:47:00.000,9.21,334.3,1.2,5.97,OK,E. Aydin
78.6,2013,4.15,2026-10-13T05:55:00.000,8.78,429.5,1.23,6.05,OK,B. Kaya
76.3,1397,3.82,2026-10-13T06:03:00.000,9.35,359.3,1.4,6.09,OK,D. Sahin
76.7,1411,3.55,2026-10-13T06:11:00.000,7.89,350.7,1.3,6.18,OK,A. Demir
83.3,1249,3.26,2026-10-13T06:16:00.000,7.98,368.7,1.44,6.27,OK,D. Sahin
78,1123,3.58,2026-10-13T06:21:00.000,8.44,323.5,1.53,6.33,OK,E. Aydin
86.9,2471,4.02,2026-10-13T06:23:00.000,14.41,472.7,2.11,6.35,OK,C. Yildiz
75.7,912,3.4,2026-10-13T06:28:00.000,5.35,331,1.92,6.47,OK,D. Sahin
83.6,1708,4.14,2026-10-13T06:32:00.000,9.76,403.7,1.38,6.58,OK,B. Kaya
78,1128,3.12,2026-10-13T06:34:00.000,8.85,361.7,1.17,6.7,OK,A. Demir
76,800,3.05,2026-10-13T06:39:00.000,8.66,292.9,1.42,6.76,OK,E. Aydin
78.6,1401,3.75,2026-10-13T06:46:00.000,8.95,376.5,1.51,6.86,OK,E. Aydin
79,1196,3.54,2026-10-13T06:52:00.000,5.91,337.8,1.27,6.94,OK,A. Demir
76.4,1330,3.43,2026-10-13T06:54:00.000,8.67,351.6,1.64,6.97,OK,B. Kaya
75.2,1642,3.89,2026-10-13T07:00:00.000,8.26,399.2,1.44,6.99,OK,B. Kaya
76,877,3.85,2026-10-13T07:08:00.000,7.76,326.4,1.51,7.11,OK,D. Sahin
77.1,800,3.48,2026-10-13T07:12:00.000,6.63,286.9,1.39,7.16,OK,B. Kaya
77.2,1101,3.44,2026-10-13T07:14:00.000,8.77,339.3,0.77,7.21,OK,C. Yildiz
77.5,1219,3.61,2026-10-13T07:21:00.000,8.97,327.5,2.34,7.24,OK,D. Sahin
74.7,1252,2.92,2026-10-13T07:28:00.000,7.9,362.4,0.89,7.34,OK,D. Sahin
74,1303,3.33,2026-10-13T07:31:00.000,8.13,372.9,1.23,7.43,OK,B. Kaya
78.2,1176,3.69,2026-10-13T07:38:00.000,7.74,347.2,1.1,7.48,OK,C. Yildiz
81.6,1611,3.82,2026-10-13T07:42:00.000,9.52,361,1.05,7.52,OK,A. Demir
72.8,800,3.46,2026-10-13T07:45:00.000,6.96,309,1.11,7.58,OK,A. Demir
77,1094,3.47,2026-10-13T07:48:00.000,7.62,335.3,1.26,7.63,OK,A. Demir
71.7,800,3.15,2026-10-13T07:55:00.000,6.42,292.4,0.7,7.67,OK,B. Kaya
79.5,1658,4.27,2026-10-13T08:00:00.000,10.03,392.3,1.25,7.72,OK,E. Aydin
80.5,800,3.43,2026-10-13T08:05:00.000,5.76,311.5,0.71,7.81,OK,B. Kaya
79.3,872,3.19,2026-10-13T08:11:00.000,6.19,322.9,0.75,7.91,OK,C. Yildiz
73.1,,4.31,2026-10-13T08:14:00.000,6.46,325,0.64,7.97,OK,E. Aydin
80.7,866,3.37,2026-10-13T08:16:00.000,8.21,299.6,0.79,8.08,OK,B. Kaya
70.8,800,3.87,2026-10-13T08:19:00.000,8.2,297.1,0.84,8.19,OK,C. Yildiz
76.2,800,3.13,2026-10-13T08:23:00.000,5.75,301.4,1.45,8.3,OK,D. Sahin
72.8,1499,4.44,2026-10-13T08:27:00.000,8.21,380.1,0.98,8.33,OK,E. Aydin
76.2,1200,3.66,2026-10-13T08:33:00.000,7.96,356.3,1.16,8.43,OK,A. Demir
77.8,1213,3.63,2026-10-13T08:35:00.000,8.28,352.4,1.72,8.49,OK,B. Kaya
94.2,1330,3.68,2026-10-13T08:41:00.000,7.72,355.9,1.08,8.57,OK,C. Yildiz
80.6,1020,3.24,2026-10-13T08:44:00.000,5.88,334.1,1.11,8.69,OK,D. Sahin
81.6,1011,4.04,2026-10-13T08:51:00.000,6.74,342.7,1.03,8.73,OK,D. Sahin
77.3,857,3.84,2026-10-13T08:54:00.000,6.06,293.1,0.88,8.77,OK,E. Aydin
74.7,1227,2.57,2026-10-13T08:59:00.000,7.69,369.8,1.28,8.83,OK,B. Kaya
79.3,800,3.5,2026-10-13T09:02:00.000,6.26,311.9,1.24,8.93,OK,E. Aydin
74,800,3.16,2026-10-13T09:07:00.000,5.85,303.6,1.32,8.98,OK,E. Aydin
79.1,1505,3.23,2026-10-13T09:13:00.000,8.19,379.4,1.33,9.06,OK,A. Demir
80.4,1454,3.11,2026-10-13T09:15:00.000,7.71,381.1,1.25,9.11,OK,D. Sahin
75.4,800,3.71,2026-10-13T09:21:00.000,6.36,323.4,0.85,9.18,OK,A. Demir
77.1,953,3.27,2026-10-13T09:26:00.000,6.4,307,0.77,9.24,OK,C. Yildiz
76.2,800,2.86,2026-10-13T09:34:00.000,7.58,287,0.82,9.32,OK,A. Demir
77.1,800,2.69,2026-10-13T09:41:00.000,5.22,313.8,1.26,9.43,OK,B. Kaya
80.1,1072,2.76,2026-10-13T09:48:00.000,6.97,326,1.18,9.52,OK,D. Sahin
72.8,1244,3.49,2026-10-13T09:53:00.000,8.11,340,1.62,9.63,OK,E. Aydin
76,1454,3.77,2026-10-13T09:55:00.000,9.97,375,1.41,9.72,OK,C. Yildiz
81.9,959,3.2,2026-10-13T10:03:00.000,8.04,320.1,1.36,9.83,OK,A. Demir
75.8,1191,3.07,2026-10-13T10:10:00.000,5.55,374,1.09,9.88,OK,D. Sahin
79.4,1440,3.73,2026-10-13T10:17:00.000,7.96,360.4,1.12,9.91,OK,D. Sahin
76.6,1100,3.66,2026-10-13T10:24:00.000,7.27,309.5,0.98,10.03,OK,E. Aydin
76.6,1063,2.67,2026-10-13T10:28:00.000,7.23,315.6,1.49,10.13,OK,B. Kaya
74.6,827,3.36,2026-10-13T10:32:00.000,7.47,330.2,1.02,10.23,OK,B. Kaya
79.3,1157,3.26,2026-10-13T10:36:00.000,6.77,345.4,1.99,10.32,OK,B. Kaya
72.7,831,3.37,2026-10-13T10:44:00.000,5.11,328.5,0.71,10.43,OK,C. Yildiz
75.5,1335,3.6,2026-10-13T10:48:00.000,7.46,341.5,0.91,10.53,OK,D. Sahin
73,988,3.55,2026-10-13T10:54:00.000,7.8,310.1,1.31,10.56,OK,B. Kaya
84.4,1765,3.37,2026-10-13T10:57:00.000,9.98,404.2,2.11,10.65,OK,D. Sahin
79.6,1096,3.64,2026-10-13T11:02:00.000,7.15,352.6,1.77,10.71,OK,C. Yildiz
80.5,1695,4.08,2026-10-13T11:09:00.000,8.49,414.2,1.2,10.79,OK,C. Yildiz
79.3,1240,3.57,2026-10-13T11:17:00.000,7.4,364.8,1.7,10.88,OK,E. Aydin
76.4,975,2.9,2026-10-13T11:21:00.000,7.01,316.9,1.8,0.04,OK,B. Kaya
74.4,1194,3.43,2026-10-13T11:27:00.000,6.37,318.7,0.91,0.13,OK,C. Yildiz
84.2,,3.5,2026-10-13T11:31:00.000,6.93,324.6,1.34,0.22,OK,E. Aydin
77.9,1291,3.49,2026-10-13T11:36:00.000,8.18,346.6,1.32,0.27,OK,D. Sahin
76.5,800,2.92,2026-10-13T11:42:00.000,7.52,301,0.74,0.29,OK,E. Aydin
80.7,1592,3.25,2026-10-13T11:50:00.000,11.17,364.8,1.11,0.39,OK,D. Sahin
71.1,800,3.31,2026-10-13T11:56:00.000,5.31,312.3,0.73,0.46,OK,A. Demir
71.9,1310,3.91,2026-10-13T12:03:00.000,7.93,352.7,1.23,0.54,OK,E. Aydin
77.2,1459,3.22,2026-10-13T12:10:00.000,7.6,370,1.13,0.59,OK,D. Sahin
78.6,1425,3.75,2026-10-13T12:17:00.000,6.65,354.2,1.24,0.71,OK,B. Kaya
76.2,1375,3.64,2026-10-13T12:21:00.000,9.52,381.7,1.29,0.81,OK,E. Aydin
81.6,1251,3.16,2026-10-13T12:26:00.000,8.22,356.9,1.19,0.9,OK,A. Demir
77.2,988,3.38,2026-10-13T12:33:00.000,6.92,311.7,0.87,1.01,OK,D. Sahin
75.2,1571,3.71,2026-10-13T12:39:00.000,8.99,373.8,1.26,1.08,OK,A. Demir
79,1470,3.67,2026-10-13T12:41:00.000,9.18,377.4,1.47,1.17,OK,E. Aydin
78.6,1998,3.45,2026-10-13T12:46:00.000,10.85,418.9,1.31,1.28,OK,E. Aydin
80,1852,3.42,2026-10-13T12:50:00.000,10.7,415.2,1.23,1.33,OK,D. Sahin
87.2,2212,4.77,2026-10-13T12:52:00.000,11.54,440.9,1.74,1.44,OK,B. Kaya
80.4,2112,4.35,2026-10-13T12:56:00.000,10.35,397.3,1.71,1.55,OK,C. Yildiz
83.4,1869,3.63,2026-10-13T13:01:00.000,8.22,415.3,1.51,1.65,OK,D. Sahin
86.3,2000,3.63,2026-10-13T13:08:00.000,10.37,422.7,2.1,1.7,OK,B. Kaya
80.7,1933,3.77,2026-10-13T13:13:00.000,9.37,414.1,1.55,1.74,OK,D. Sahin
76.1,1449,4.02,2026-10-13T13:20:00.000,8.8,358.3,1.11,1.77,OK,D. Sahin
74.9,1301,3.54,2026-10-13T13:26:00.000,7.28,351.8,0.95,1.79,OK,B. Kaya
82.9,1799,3.82,2026-10-13T13:32:00.000,9.07,437.8,1.58,1.88,OK,E. Aydin
85.2,2045,3.97,2026-10-13T13:40:00.000,10.28,445.2,1.52,2,OK,D. Sahin
86.1,2068,3.72,2026-10-13T13:47:00.000,8.92,424,1.59,2.07,OK,A. Demir
79.1,1728,4.2,2026-10-13T13:50:00.000,8.43,438.8,1.45,2.18,OK,C. Yildiz
80.8,2099,3.8,2026-10-13T13:52:00.000,11.71,420.7,1.87,2.29,OK,A. Demir
79.1,1979,3.57,2026-10-13T14:00:00.000,10.75,393.4,1.94,2.39,OK,D. Sahin
81.9,2397,4.42,2026-10-13T14:07:00.000,12.35,431.7,1.79,2.5,OK,D. Sahin
84.7,2044,3.87,2026-10-13T14:15:00.000,11.1,448.9,1.52,2.61,OK,E. Aydin
85.9,2844,4.83,2026-10-13T14:21:00.000,15.38,515.6,1.83,2.68,OK,A. Demir
82.7,2474,4.03,2026-10-13T14:29:00.000,12.92,484.7,1.89,2.74,OK,C. Yildiz
79.2,2386,3.97,2026-10-13T14:35:00.000,10.76,449.1,1.29,2.8,OK,E. Aydin
82.6,2574,3.88,2026-10-13T14:43:00.000,13.16,463.8,1.43,2.91,OK,B. Kaya
76.3,2108,4.16,2026-10-13T14:49:00.000,9.23,418.7,1.59,3.02,OK,C. Yildiz
,2519,4.54,2026-10-13T14:51:00.000,13.61,449.5,1.91,3.12,OK,B. Kaya
83.1,2512,3.83,2026-10-13T14:55:00.000,14.23,476.6,2.15,3.22,OK,E. Aydin
78.2,2247,4.27,2026-10-13T14:59:00.000,12.34,439,1.22,3.28,OK,C. Yildiz
84.3,2916,4.64,2026-10-13T15:02:00.000,13.77,489.4,1.75,3.3,OK,D. Sahin
85.9,2865,4.35,2026-10-13T15:07:00.000,14.22,495.1,2.1,3.39,OK,A. Demir
82.8,2856,4.39,2026-10-13T15:12:00.000,12.99,481.2,1.67,3.48,OK,C. Yildiz
81.7,2675,4.45,2026-10-13T15:17:00.000,13.85,486.1,2.13,3.55,OK,A. Demir
80.8,2679,4.34,2026-10-13T15:22:00.000,12.71,474.7,2.13,3.61,OK,E. Aydin
87.3,3013,4.2,2026-10-13T15:30:00.000,14.26,524,1.69,3.64,OK,C. Yildiz
87.3,2825,,2026-10-13T15:35:00.000,12.15,533.7,1.84,3.73,OK,C. Yildiz
84.1,2989,4.97,2026-10-13T15:42:00.000,12.92,504.7,1.95,3.78,OK,E. Aydin
81.8,2920,4.43,2026-10-13T15:48:00.000,11.79,493.5,2.27,3.84,OK,A. Demir
91,3409,4.77,2026-10-13T15:51:00.000,15.35,579.6,1.81,3.95,OK,D. Sahin
87.3,2845,4.24,2026-10-13T15:58:00.000,14.29,491.8,2.09,3.98,OK,B. Kaya
87.3,3184,4.52,2026-10-13T16:01:00.000,14.34,558.1,2.19,4.07,OK,A. Demir
82.6,2513,4.3,2026-10-13T16:03:00.000,12.6,471,1.52,4.13,OK,B. Kaya
89.1,3057,4.13,2026-10-13T16:06:00.000,14.59,521.8,1.59,4.2,OK,E. Aydin
82.5,2546,4.14,2026-10-13T16:09:00.000,13.75,466.2,1.8,4.31,OK,B. Kaya
84.3,2883,4.6,2026-10-13T16:11:00.000,15.49,512.3,1.67,4.36,OK,A. Demir
85.6,3155,4.2,2026-10-13T16:17:00.000,16.35,513.6,1.83,4.39,OK,A. Demir
84.3,3212,4.75,2026-10-13T16:24:00.000,13.47,560.3,2.03,4.42,OK,A. Demir
79.7,2206,4.29,2026-10-13T16:31:00.000,12.69,447.7,1.64,4.44,OK,A. Demir
83.4,3159,4.88,2026-10-13T16:37:00.000,14.86,535.9,2.4,4.53,OK,C. Yildiz
85.2,2499,4.33,2026-10-13T16:42:00.000,12.97,453.1,1.37,4.58,OK,E. Aydin
86.1,3078,5.01,2026-10-13T16:44:00.000,15.41,531.9,1.9,4.7,OK,A. Demir
81.5,2276,3.84,2026-10-13T16:52:00.000,11.66,433.9,1.75,4.73,OK,B. Kaya
81.8,2889,4.16,2026-10-13T16:57:00.000,15.23,523.4,1.56,4.82,OK,C. Yildiz
84.1,2959,4.62,2026-10-13T17:05:00.000,12.54,547.9,1.8,4.88,OK,C. Yildiz
81.8,3352,4.56,2026-10-13T17:09:00.000,17.13,557.1,2.03,5,OK,C. Yildiz
82.6,3103,4.33,2026-10-13T17:11:00.000,14.58,538,1.87,5.02,OK,C. Yildiz
82.9,2761,4.37,2026-10-13T17:19:00.000,12.93,500.2,1.97,5.12,OK,C. Yildiz
86.2,3537,4.53,2026-10-13T17:25:00.000,15.87,576,2.51,5.2,OK,B. Kaya
88.2,3295,4.68,2026-10-13T17:31:00.000,14.35,540.5,1.84,5.3,OK,B. Kaya
84.8,3373,5.09,2026-10-13T17:37:00.000,15.43,549.2,2.03,5.35,OK,D. Sahin
83.7,3060,4.36,2026-10-13T17:43:00.000,14.62,521.4,1.93,5.43,OK,E. Aydin
86.5,3188,4.86,2026-10-13T17:48:00.000,16.41,536.5,3.5,5.53,WARNING,D. Sahin
86.9,3423,,2026-10-13T17:54:00.000,15.34,570.1,1.86,5.56,OK,D. Sahin
84.7,3668,5.21,2026-10-13T18:01:00.000,16.09,569.2,2.72,5.6,OK,E. Aydin
84.6,3547,5.34,2026-10-13T18:05:00.000,14,551.7,2.59,5.69,OK,D. Sahin
84.9,3406,4.79,2026-10-13T18:12:00.000,14.86,552.6,2.68,5.78,OK,D. Sahin
82,2875,4.5,2026-10-13T18:20:00.000,14.12,521.9,1.58,5.81,OK,B. Kaya
90.4,3817,4.96,2026-10-13T18:24:00.000,17.38,622.2,1.95,5.91,OK,D. Sahin
85.6,3182,4.85,2026-10-13T18:31:00.000,14.42,545.3,1.91,5.99,OK,D. Sahin
82.9,3251,4.54,2026-10-13T18:34:00.000,15.1,510.3,2.06,6.03,OK,D. Sahin
88.2,3608,5.74,2026-10-13T18:37:00.000,15.34,536.2,2.67,6.12,OK,B. Kaya
84.1,3527,4.8,2026-10-13T18:45:00.000,17.31,574.6,1.89,6.22,OK,D. Sahin
81.5,2465,4.25,2026-10-13T18:48:00.000,12.81,449.9,1.56,6.31,OK,E. Aydin
87.1,3273,4.67,2026-10-13T18:54:00.000,14.81,545.4,1.73,6.36,OK,E. Aydin
88.1,3284,4.15,2026-10-13T18:59:00.000,15.29,553.1,2.32,6.42,OK,D. Sahin
83.7,3164,,2026-10-13T19:02:00.000,14.8,547.5,1.69,6.48,OK,A. Demir
87.5,3296,4.84,2026-10-13T19:08:00.000,15.92,543.2,2.18,6.54,OK,E. Aydin
91.6,3600,4.54,2026-10-13T19:15:00.000,15.41,560.7,1.99,6.57,OK,D. Sahin
94.2,3783,5.14,2026-10-13T19:21:00.000,17.32,604.4,1.91,6.65,OK,D. Sahin
86.6,3444,3.96,2026-10-13T19:28:00.000,15.91,560.9,2.75,6.73,OK,A. Demir
85.3,2818,4.96,2026-10-13T19:31:00.000,12.46,473.7,1.69,6.82,OK,C. Yildiz
93.5,3443,5.12,2026-10-13T19:38:00.000,15.15,559.1,1.83,6.92,OK,D. Sahin
84.5,3002,4.19,2026-10-13T19:44:00.000,13.4,533.6,1.8,6.97,OK,D. Sahin
86.4,3389,5.29,2026-10-13T19:48:00.000,16.92,579.7,1.69,7.02,OK,E. Aydin
94.9,3882,5.1,2026-10-13T19:51:00.000,16.39,614.1,1.99,7.11,OK,B. Kaya
85.4,3574,4.38,2026-10-13T19:58:00.000,16.24,571.8,2.48,7.2,OK,B. Kaya
86.3,3143,4.55,2026-10-13T20:05:00.000,13.27,533.3,2.17,7.26,OK,A. Demir
80.3,3035,4.2,2026-10-13T20:07:00.000,14.37,528.6,1.81,7.32,OK,D. Sahin
88.7,3694,4.68,2026-10-13T20:15:00.000,16.32,583.4,1.95,7.35,OK,B. Kaya
84.7,3908,4.54,2026-10-13T20:20:00.000,16.76,599,1.98,7.39,OK,B. Kaya
83.1,2886,5.14,2026-10-13T20:23:00.000,13.07,513,1.95,7.48,OK,C. Yildiz
86.1,3606,4.49,2026-10-13T20:31:00.000,15.38,600.9,2.38,7.56,OK,C. Yildiz
88.4,3978,5.09,2026-10-13T20:37:00.000,16.59,639,2.12,7.64,OK,B. Kaya
87.5,3227,4.44,2026-10-13T20:45:00.000,16.17,538,1.86,7.68,OK,B. Kaya
84,3080,4.43,2026-10-13T20:49:00.000,15.83,533.7,1.73,7.78,OK,B. Kaya
85.4,3366,4.6,2026-10-13T20:53:00.000,15.19,556.4,1.86,7.81,OK,D. Sahin
85.9,3421,4.68,2026-10-13T20:58:00.000,15.69,538.4,1.91,7.91,OK,D. Sahin
87.1,3796,4.55,2026-10-13T21:03:00.000,17.46,565.3,1.89,8.03,OK,E. Aydin
82.6,3272,4.27,2026-10-13T21:05:00.000,15.79,537.4,1.93,8.12,OK,C. Yildiz
89.1,3405,4.7,2026-10-13T21:08:00.000,13.89,538.5,2.12,8.21,OK,D. Sahin
87.5,3339,4.18,2026-10-13T21:10:00.000,16.05,527.6,1.86,8.27,OK,B. Kaya
86.9,3732,4.86,2026-10-13T21:14:00.000,15.22,596.4,2.02,8.37,OK,B. Kaya
91.1,3460,4.42,2026-10-13T21:18:00.000,12.61,578.3,1.96,8.43,OK,A. Demir
88.1,3157,3.87,2026-10-13T21:24:00.000,15.33,529.7,1.69,8.51,OK,B. Kaya
87.8,3497,4.96,2026-10-13T21:30:00.000,14.53,560.1,1.95,8.55,OK,E. Aydin
89.6,3412,4.91,2026-10-13T21:36:00.000,16.3,574.7,2.31,8.61,OK,E. Aydin
83.8,2916,3.78,2026-10-13T21:38:00.000,14.11,507,1.66,8.64,OK,A. Demir
82.6,2780,4.06,2026-10-13T21:45:00.000,14.88,515,1.72,8.68,OK,E. Aydin
84.9,2701,4.19,2026-10-13T21:50:00.000,13.16,512.9,2.07,8.75,OK,D. Sahin
87.9,3394,5.16,2026-10-13T21:54:00.000,15.85,564.6,1.96,8.78,OK,D. Sahin
87.7,3500,5.24,2026-10-13T22:01:00.000,17.47,570.4,2.4,8.83,OK,D. Sahin
87.5,2858,4.14,2026-10-13T22:05:00.000,14.95,529.3,1.7,8.87,OK,A. Demir
87.5,3426,4.97,2026-10-13T22:13:00.000,14.39,557.5,2.04,8.95,OK,D. Sahin
87.3,2737,4.14,2026-10-13T22:19:00.000,13.39,499.6,1.92,9.01,OK,E. Aydin
86.7,3908,4.55,2026-10-13T22:24:00.000,16.44,577.5,2.21,9.1,OK,E. Aydin
85.7,3139,5.24,2026-10-13T22:31:00.000,14.17,561.2,1.98,9.21,OK,C. Yildiz
91.8,3185,4.06,2026-10-13T22:35:00.000,15.11,532.3,1.77,9.27,OK,B. Kaya
85.4,2599,4.45,2026-10-13T22:40:00.000,13.62,489.4,1.59,9.36,OK,A. Demir
83.1,3556,4.93,2026-10-13T22:42:00.000,14.77,545.8,2.23,9.38,OK,E. Aydin
81.9,3492,4.23,2026-10-13T22:44:00.000,13.97,589.2,1.8,9.49,OK,E. Aydin
82.9,2646,3.95,2026-10-13T22:50:00.000,11.9,498,1.77,9.59,OK,A. Demir
89.9,3527,5,2026-10-13T22:58:00.000,16.83,567.4,2.76,9.64,OK,D. Sahin
87.8,2666,4.25,2026-10-13T23:05:00.000,12.61,479.4,1.4,9.76,OK,D. Sahin
85.3,2683,4.41,2026-10-13T23:08:00.000,11.46,507.1,1.62,9.86,OK,E. Aydin
86.2,2939,4.3,2026-10-13T23:12:00.000,12.72,529.4,1.64,9.96,OK,B. Kaya
81.5,2537,4.89,2026-10-13T23:19:00.000,12.2,472.5,1.49,10.03,OK,E. Aydin
89.4,3616,4.53,2026-10-13T23:27:00.000,14.98,578.5,1.94,10.12,OK,D. Sahin
88,3506,4.08,2026-10-13T23:34:00.000,14.65,534.2,2.01,10.22,OK,B. Kaya
83.1,2921,4.31,2026-10-13T23:41:00.000,11.66,535.2,1.58,10.33,OK,C. Yildiz
83.6,2250,4.26,2026-10-13T23:49:00.000,10.76,465.2,1.63,10.36,OK,C. Yildiz
89.2,2909,4.4,2026-10-13T23:52:00.000,13.23,501.1,1.96,10.39,OK,B. Kaya
83,2786,4.45,2026-10-13T23:57:00.000,12.31,485.7,1.89,10.45,OK,A. Demir
87.6,2255,3.66,2026-10-13T23:59:00.000,10.06,423.7,1.47,10.49,OK,B. Kaya
85.5,2269,4.81,2026-10-14T00:03:00.000,12.76,449.9,1.44,10.57,OK,D. Sahin
82.3,,3.62,2026-10-14T00:06:00.000,9.17,438.9,1.71,10.62,OK,D. Sahin
82.7,2603,4.36,2026-10-14T00:12:00.000,13.38,507.8,1.62,10.73,OK,D. Sahin
86.1,2529,4.74,2026-10-14T00:17:00.000,11.86,487.1,1.79,10.83,OK,C. Yildiz
84.7,2254,3.15,2026-10-14T00:22:00.000,11.95,482.6,1.97,10.92,OK,E. Aydin
79.7,1998,4.01,2026-10-14T00:29:00.000,12.01,423.5,1.34,10.97,OK,D. Sahin
84,2928,4.51,2026-10-14T00:35:00.000,14.06,517.6,1.86,11.09,OK,D. Sahin
81.4,2602,4,2026-10-14T00:39:00.000,12.54,468.7,2.08,11.11,OK,D. Sahin
80.2,2693,4.39,2026-10-14T00:46:00.000,12.78,488.4,1.55,11.17,OK,A. Demir
81.1,2156,4.05,2026-10-14T00:53:00.000,11.22,433.8,2.04,11.27,OK,B. Kaya
80.3,1675,3.63,2026-10-14T00:59:00.000,9.97,395.1,1.32,11.34,OK,B. Kaya
81.8,2392,4.39,2026-10-14T01:04:00.000,11.41,465.9,1.89,11.38,OK,D. Sahin
83.2,2516,4.18,2026-10-14T01:07:00.000,13.41,460.9,1.4,11.41,OK,A. Demir
79.4,2449,4.41,2026-10-14T01:13:00.000,11.12,478.5,1.61,11.46,OK,D. Sahin
79.6,1832,4.17,2026-10-14T01:17:00.000,8.89,397.1,1.24,11.56,OK,E. Aydin
85.4,2596,4.62,2026-10-14T01:22:00.000,13.37,464.8,1.39,11.62,OK,C. Yildiz
80.5,2392,3.88,2026-10-14T01:26:00.000,12.86,483.8,1.29,11.71,OK,E. Aydin
81.9,1794,3.85,2026-10-14T01:29:00.000,10.35,399.9,1.58,11.75,OK,E. Aydin
82.8,2676,3.85,2026-10-14T01:36:00.000,13.2,505.8,1.96,11.81,OK,E. Aydin
88,2012,3.53,2026-10-14T01:39:00.000,10.24,449.7,1.34,11.92,OK,E. Aydin
84.6,2503,4.08,2026-10-14T01:46:00.000,11.39,479.2,1.53,12.04,OK,C. Yildiz
79.3,1989,3.93,2026-10-14T01:49:00.000,11.18,436.8,1.79,12.13,OK,E. Aydin
81.2,1993,3.61,2026-10-14T01:54:00.000,11.21,413.6,1.36,12.17,OK,D. Sahin
82.4,2257,3.86,2026-10-14T01:58:00.000,9.43,464.2,1.44,12.27,OK,A. Demir
78.5,1788,3.72,2026-10-14T02:01:00.000,7.98,423.2,1.54,12.35,OK,E. Aydin
79.6,1856,3.55,2026-10-14T02:06:00.000,11.01,406.7,2.4,12.46,OK,E. Aydin
76.2,1846,4.44,2026-10-14T02:10:00.000,9.87,398.6,1.78,12.55,OK,A. Demir
83.5,2170,4.62,2026-10-14T02:16:00.000,11.49,451.5,1.41,12.62,OK,C. Yildiz
77,2043,3.43,2026-10-14T02:20:00.000,10.16,422.5,1.38,12.68,OK,B. Kaya
79.2,1975,,2026-10-14T02:27:00.000,10.92,419.1,1.23,12.72,OK,A. Demir
76,1352,3.03,2026-10-14T02:34:00.000,8.64,374.3,1.02,12.74,OK,A. Demir
77.6,1789,3.78,2026-10-14T02:40:00.000,9.91,397.4,2.06,12.76,OK,A. Demir
82.5,1633,3.66,2026-10-14T02:46:00.000,9.65,373.6,1.34,12.85,OK,A. Demir
85.4,2112,3.83,2026-10-14T02:51:00.000,10.25,429.2,1.95,12.9,OK,C. Yildiz
72.8,1274,3.28,2026-10-14T02:57:00.000,6.03,371,1.06,12.94,OK,D. Sahin
83.6,1607,3.52,2026-10-14T03:01:00.000,7.75,378,1.46,12.98,OK,E. Aydin
77.9,1774,3.4,2026-10-14T03:09:00.000,9.43,401.7,1.25,13.02,OK,D. Sahin
78.7,1568,3.94,2026-10-14T03:12:00.000,9.31,379.9,1.18,13.07,OK,A. Demir
85.3,2121,3.37,2026-10-14T03:20:00.000,12.78,424.7,1.24,13.13,OK,C. Yildiz
76.1,1732,3.9,2026-10-14T03:26:00.000,10.38,419.1,1.12,13.15,OK,E. Aydin
75,800,2.64,2026-10-14T03:29:00.000,7.29,308,1.77,13.21,OK,A. Demir
84.1,1426,3.7,2026-10-14T03:32:00.000,7.39,401.1,1.08,13.31,OK,D. Sahin
78,1612,3.55,2026-10-14T03:38:00.000,9.18,364.4,0.98,13.34,OK,D. Sahin
77,1656,3.78,2026-10-14T03:43:00.000,9.66,370.3,1.14,13.38,OK,A. Demir
78.9,1120,3.25,2026-10-14T03:46:00.000,6.59,310.6,0.85,13.41,OK,D. Sahin
79.9,1372,3.18,2026-10-14T03:50:00.000,7.86,359.2,1.19,13.46,OK,E. Aydin
74.4,1198,3.73,2026-10-14T03:52:00.000,8.19,366,0.85,13.57,OK,E. Aydin
77.1,892,2.91,2026-10-14T03:58:00.000,6.4,322,0.79,13.63,OK,D. Sahin
75.2,1018,3.15,2026-10-14T04:06:00.000,6.76,329.2,1.25,13.71,OK,C. Yildiz
73.6,1099,3.47,2026-10-14T04:12:00.000,6.97,349.2,1.13,13.78,OK,E. Aydin
80.7,2164,4.08,2026-10-14T04:20:00.000,11.02,459,1.91,13.85,OK,C. Yildiz
74,1668,3.95,2026-10-14T04:28:00.000,8.93,404,1.47,13.96,OK,C. Yildiz
71.8,1448,3.21,2026-10-14T04:35:00.000,9.65,372.8,1.38,14.07,OK,E. Aydin
84.4,1323,3.57,2026-10-14T04:37:00.000,6.77,362.3,1.68,14.1,WARNING,C. Yildiz
75.8,,4.3,2026-10-14T04:42:00.000,8.27,354.3,1.01,14.14,OK,E. Aydin
73.5,1018,3.71,2026-10-14T04:47:00.000,6.8,337.3,1.19,14.19,OK,A. Demir
76.9,1014,3.7,2026-10-14T04:54:00.000,7.34,320.9,1.07,14.29,OK,E. Aydin
77.7,1640,3.37,2026-10-14T05:02:00.000,9.48,399.9,1.01,14.37,OK,E. Aydin
78.5,1244,3.08,2026-10-14T05:05:00.000,7.68,347.8,0.89,14.42,OK,A. Demir
72.3,800,3.7,2026-10-14T05:10:00.000,7.51,315.7,0.79,14.45,OK,D. Sahin
73.7,1301,3.18,2026-10-14T05:16:00.000,6.55,366.5,1.69,14.54,WARNING,D. Sahin
79.9,1347,4.29,2026-10-14T05:24:00.000,6.85,367.2,1.5,14.58,OK,C. Yildiz
78.9,1741,3.24,2026-10-14T05:30:00.000,11.1,383.3,2.22,14.64,OK,C. Yildiz
75.2,1503,4.17,2026-10-14T05:32:00.000,6.97,361,1.08,14.75,OK,D. Sahin
73.1,800,3.12,2026-10-14T05:40:00.000,4.8,273.8,0.79,14.82,OK,E. Aydin
75.3,800,2.69,2026-10-14T05:46:00.000,6.66,305.7,1.04,14.86,OK,B. Kaya
78.7,1248,3.56,2026-10-14T05:54:00.000,7.72,351.9,0.95,14.96,OK,D. Sahin
79,1002,2.97,2026-10-14T05:59:00.000,7.73,351.3,1.05,14.99,OK,D. Sahin
74,800,3.23,2026-10-14T06:01:00.000,6.17,298.3,1.22,15.04,OK,D. Sahin
72.9,923,3.69,2026-10-14T06:08:00.000,6.26,312.1,0.85,15.13,OK,C. Yildiz
75.6,800,2.3,2026-10-14T06:10:00.000,7.49,296.9,0.73,15.19,OK,D. Sahin
83.4,1738,3.69,2026-10-14T06:16:00.000,10.68,421.8,1.5,15.27,OK,C. Yildiz
80.9,1215,3.69,2026-10-14T06:21:00.000,7.07,380.4,0.88,15.33,OK,A. Demir
79.6,1715,3.44,2026-10-14T06:28:00.000,9.04,390.6,1.44,15.41,OK,B. Kaya
79.8,1365,3.47,2026-10-14T06:32:00.000,8.25,374.9,0.96,15.5,OK,C. Yildiz
77.5,800,2.79,2026-10-14T06:34:00.000,7.39,318.3,0.86,15.6,OK,D. Sahin
79.3,1402,3.2,2026-10-14T06:39:00.000,9.08,354.3,1.02,15.65,OK,D. Sahin
82.3,1310,3.51,2026-10-14T06:44:00.000,7.94,378.4,1.54,15.71,OK,A. Demir
74.3,966,3.52,2026-10-14T06:48:00.000,5.39,345.2,1.36,15.79,OK,B. Kaya
77.7,1149,3.57,2026-10-14T06:51:00.000,7.71,343.8,0.85,15.9,OK,A. Demir
74.8,1322,3.81,2026-10-14T06:57:00.000,6.83,350.7,1.59,16.01,OK,C. Yildiz
73.4,800,3,2026-10-14T07:01:00.000,6.2,316.8,1.06,16.06,OK,A. Demir
85,800,3.07,2026-10-14T07:07:00.000,7.39,318.3,1.09,16.15,OK,D. Sahin
76.8,800,3.18,2026-10-14T07:09:00.000,6.41,300.9,1.86,16.17,OK,A. Demir
78.2,997,3.17,2026-10-14T07:17:00.000,6.55,339.9,0.8,16.22,OK,C. Yildiz
76.5,1401,3.07,2026-10-14T07:22:00.000,8.79,356.5,1.51,16.31,OK,B. Kaya
72.2,1126,3.42,2026-10-14T07:29:00.000,8.25,338.9,1.12,16.41,OK,C. Yildiz
81.6,1072,4.01,2026-10-14T07:37:00.000,7.69,328.6,0.87,16.49,OK,D. Sahin
79.4,1547,4.02,2026-10-14T07:40:00.000,8.71,356.3,0.99,16.61,OK,E. Aydin
73.6,800,2.74,2026-10-14T07:46:00.000,7.24,309.5,1.58,16.68,OK,C. Yildiz
78.1,1327,,2026-10-14T07:52:00.000,7.45,373.7,0.88,16.71,OK,D. Sahin
78.6,862,3.49,2026-10-14T08:00:00.000,6.08,333.1,1.39,16.77,OK,E. Aydin
76.4,1274,3.89,2026-10-14T08:07:00.000,8.57,329.9,1.12,16.86,OK,D. Sahin
75.4,1019,3.21,2026-10-14T08:09:00.000,6.21,308.8,1.08,16.94,OK,C. Yildiz
79.1,1625,3.24,2026-10-14T08:15:00.000,9.69,394.1,1.19,17.05,OK,B. Kaya
75.5,1619,3.94,2026-10-14T08:21:00.000,8.1,370.3,1.16,17.09,OK,D. Sahin
74.1,1143,3.82,2026-10-14T08:26:00.000,7.44,354.5,1.22,17.13,OK,C. Yildiz
72.7,991,3.2,2026-10-14T08:30:00.000,5.55,310.9,1.19,17.22,OK,B. Kaya
80.2,1621,3.8,2026-10-14T08:36:00.000,8,394.7,2.59,17.27,OK,B. Kaya
75.6,1199,3.37,2026-10-14T08:41:00.000,7.45,350.1,1.09,17.38,OK,A. Demir
77.9,1496,4.13,2026-10-14T08:44:00.000,8.22,398.3,1.5,17.47,OK,B. Kaya
73.7,923,2.93,2026-10-14T08:46:00.000,5.96,321.8,1.2,17.53,OK,E. Aydin
75.4,858,3.97,2026-10-14T08:49:00.000,6.73,338.5,0.69,17.56,OK,A. Demir
76.8,1078,3.24,2026-10-14T08:54:00.000,8.75,350.1,1.32,17.63,OK,E. Aydin
70.9,1204,3.23,2026-10-14T08:58:00.000,6.98,339.6,1.05,17.71,OK,C. Yildiz
76.3,800,3.57,2026-10-14T09:03:00.000,5.55,309.6,0.79,17.76,OK,C. Yildiz
75.5,888,3.22,2026-10-14T09:07:00.000,5.36,318.8,1.2,17.82,OK,A. Demir
75,1404,3.8,2026-10-14T09:12:00.000,8.38,360.5,0.93,17.93,OK,C. Yildiz
81.3,951,3.28,2026-10-14T09:16:00.000,8.26,341,1.01,17.97,OK,A. Demir
76.8,1103,3.3,2026-10-14T09:20:00.000,10.24,352,1,18.07,OK,B. Kaya
73.9,1141,3.2,2026-10-14T09:22:00.000,7.79,319.4,1.25,18.09,OK,A. Demir
77.9,1071,3.68,2026-10-14T09:25:00.000,6.95,340,1.25,18.14,OK,D. Sahin
72.4,,3.04,2026-10-14T09:31:00.000,9.21,339.6,1.55,18.19,OK,C. Yildiz
78.8,800,3.3,2026-10-14T09:33:00.000,5.58,338.3,0.66,18.26,OK,C. Yildiz
80.6,1489,4.2,2026-10-14T09:37:00.000,8.65,378.1,1.01,18.33,OK,A. Demir
75,1257,3.55,2026-10-14T09:42:00.000,8.78,347.1,1.09,18.38,OK,C. Yildiz
80,1653,3.55,2026-10-14T09:49:00.000,9.72,355.9,1.23,18.43,OK,A. Demir
76.5,1409,4.12,2026-10-14T09:57:00.000,7.84,369.2,0.99,18.48,OK,C. Yildiz
78.9,1372,3.62,2026-10-14T10:02:00.000,9.58,370.6,1.26,18.54,OK,C. Yildiz
77.3,1657,4.5,2026-10-14T10:04:00.000,9.92,389.1,1.31,18.65,OK,D. Sahin
76.8,1486,3.2,2026-10-14T10:12:00.000,9.13,381.5,1.06,18.7,OK,C. Yildiz
83.1,1949,3.49,2026-10-14T10:19:00.000,11.01,407.5,1.5,18.73,OK,A. Demir
77.1,1224,3.35,2026-10-14T10:27:00.000,8.44,337.1,1.29,18.76,OK,E. Aydin
86.1,2063,4.06,2026-10-14T10:29:00.000,10.35,456.8,1.25,18.86,OK,D. Sahin
81.5,1638,4.16,2026-10-14T10:32:00.000,9.66,371.9,2.09,18.98,OK,B. Kaya
81.1,1845,4.12,2026-10-14T10:40:00.000,10.99,429.1,1.5,19.09,OK,C. Yildiz
78.3,1130,3.32,2026-10-14T10:43:00.000,8.02,368.5,0.86,19.14,OK,C. Yildiz
75.2,1734,3.75,2026-10-14T10:46:00.000,9.15,389.3,2.32,19.18,OK,E. Aydin
83.8,2607,4.67,2026-10-14T10:52:00.000,12.76,470,1.99,19.2,OK,B. Kaya
84.8,2121,3.73,2026-10-14T10:57:00.000,10.99,431,1.21,19.23,OK,B. Kaya
77.2,1605,3.53,2026-10-14T11:00:00.000,9.6,359,1.59,19.31,OK,B. Kaya
79,1806,3.94,2026-10-14T11:08:00.000,8.51,410.6,1.51,19.43,OK,E. Aydin
75.9,1747,3.85,2026-10-14T11:10:00.000,7.75,379.9,1.03,19.47,OK,B. Kaya
82,2080,4.35,2026-10-14T11:15:00.000,9.93,421.3,1.63,19.53,OK,D. Sahin
85.1,2213,3.91,2026-10-14T11:23:00.000,11.31,467.3,1.79,19.59,OK,C. Yildiz
88.6,2411,3.96,2026-10-14T11:26:00.000,12.58,492.1,1.41,19.63,OK,C. Yildiz
82.3,2007,3.99,2026-10-14T11:31:00.000,10.4,419.4,1.17,19.74,OK,A. Demir
82.6,1906,3.74,2026-10-14T11:36:00.000,9.88,419.9,1.79,19.78,OK,C. Yildiz
80.6,1441,3.97,2026-10-14T11:40:00.000,7.57,385,0.92,19.85,OK,B. Kaya
84.2,2621,4.58,2026-10-14T11:45:00.000,12.02,459.7,2.66,19.88,OK,E. Aydin
84.7,2280,3.71,2026-10-14T11:49:00.000,12.02,451.4,1.42,19.93,OK,D. Sahin
79,2082,3.9,2026-10-14T11:56:00.000,12.29,436.8,1.57,19.96,OK,E. Aydin
80.5,2170,3.51,2026-10-14T12:01:00.000,10.61,424,1.52,20.07,OK,D. Sahin
82.6,2144,4.23,2026-10-14T12:08:00.000,10.86,416.1,1.34,20.17,OK,A. Demir
83.5,2570,4.79,2026-10-14T12:13:00.000,11.66,462.6,1.65,20.2,OK,E. Aydin
80.9,1931,3.3,2026-10-14T12:17:00.000,10.72,395.8,1.41,20.32,OK,A. Demir
84.7,3284,4.4,2026-10-14T12:20:00.000,15.46,556.2,1.94,20.4,OK,D. Sahin
82.8,2080,3.57,2026-10-14T12:23:00.000,11.69,428.2,1.51,20.48,OK,B. Kaya
81.4,2206,3.94,2026-10-14T12:26:00.000,12.23,486.3,1.92,20.53,OK,D. Sahin
85,2439,4.54,2026-10-14T12:30:00.000,11.01,493.5,2.08,20.6,OK,C. Yildiz
80.6,2793,4.02,2026-10-14T12:35:00.000,13.67,489,1.48,20.66,OK,A. Demir
78.3,2148,4.01,2026-10-14T12:37:00.000,10.01,439.3,1.57,20.73,OK,A. Demir
86.7,2637,4.34,2026-10-14T12:42:00.000,11.94,494.2,1.56,20.81,OK,A. Demir
74.6,1692,3.18,2026-10-14T12:48:00.000,9.91,406.7,1.2,20.89,OK,A. Demir
82.9,3007,,2026-10-14T12:54:00.000,14.91,523.2,1.91,20.94,OK,E. Aydin
81.3,2082,3.83,2026-10-14T13:01:00.000,10.85,438.4,1.32,21.05,OK,D. Sahin
83.7,2925,4.95,2026-10-14T13:03:00.000,15.74,527.1,2.58,21.14,OK,A. Demir
85.7,3199,4.84,2026-10-14T13:09:00.000,13.8,537,2.33,21.17,OK,D. Sahin
81.7,2313,4,2026-10-14T13:14:00.000,11.64,473.4,1.45,21.28,OK,B. Kaya
81.8,2835,4.23,2026-10-14T13:22:00.000,12.76,492.8,1.79,21.31,OK,D. Sahin
87.5,2348,3.48,2026-10-14T13:26:00.000,12.24,471.5,1.28,21.35,OK,C. Yildiz
81.8,2829,4.39,2026-10-14T13:34:00.000,13.31,490.4,2.24,21.43,OK,A. Demir
88.3,3075,4.41,2026-10-14T13:41:00.000,17.1,523.3,1.77,21.48,OK,C. Yildiz
85,3109,4.51,2026-10-14T13:46:00.000,12.81,515.6,1.63,21.58,OK,B. Kaya
85.7,2962,4.75,2026-10-14T13:53:00.000,14.01,529.8,2.29,21.65,OK,B. Kaya
85.9,2627,4.32,2026-10-14T14:00:00.000,13.96,463.3,1.88,21.67,OK,E. Aydin
86.6,2886,4.49,2026-10-14T14:03:00.000,13,530.5,2.29,21.72,OK,E. Aydin
88.7,2880,4.61,2026-10-14T14:08:00.000,12.55,508.3,1.71,21.76,OK,B. Kaya
81.9,3139,4.52,2026-10-14T14:14:00.000,14.82,525.7,2.46,21.79,OK,A. Demir
85.6,2777,4.21,2026-10-14T14:22:00.000,12.67,491.1,2.03,21.85,OK,C. Yildiz
86.3,3194,4.14,2026-10-14T14:26:00.000,14.21,534.3,2.08,21.89,OK,C. Yildiz
87.6,3211,5.21,2026-10-14T14:28:00.000,15.89,533.4,2.36,21.94,OK,C. Yildiz
87.4,3561,5.02,2026-10-14T14:35:00.000,17.7,560.9,1.82,22.04,OK,B. Kaya
86.5,3238,4.37,2026-10-14T14:42:00.000,16.51,568.7,1.71,22.08,OK,A. Demir
82.3,2294,4.42,2026-10-14T14:45:00.000,13.17,424.7,1.25,22.15,OK,C. Yildiz
83.9,3234,5.11,2026-10-14T14:47:00.000,13.21,553.5,1.78,22.19,OK,B. Kaya
86.8,3150,4.54,2026-10-14T14:51:00.000,15.35,532,1.86,22.29,OK,D. Sahin
81.4,3023,4.75,2026-10-14T14:55:00.000,12.8,538.9,1.63,22.38,OK,B. Kaya
84.5,3769,4.88,2026-10-14T15:03:00.000,16.03,580.1,2.33,22.5,OK,D. Sahin
85.6,2830,3.97,2026-10-14T15:05:00.000,12.05,498.8,1.72,22.61,OK,B. Kaya
91,2966,4.06,2026-10-14T15:09:00.000,13.02,545.2,1.9,22.65,OK,A. Demir
86.4,3291,4.89,2026-10-14T15:13:00.000,15.35,542.9,1.96,22.72,OK,D. Sahin
79.4,3296,4.56,2026-10-14T15:15:00.000,15.06,550.3,1.76,22.75,OK,A. Demir
84.6,3188,3.95,2026-10-14T15:23:00.000,14.98,559.2,1.65,22.82,OK,E. Aydin
88.9,3293,4.64,2026-10-14T15:25:00.000,13.53,559.6,1.69,22.88,OK,A. Demir
86.4,3878,5.48,2026-10-14T15:29:00.000,16.72,621.4,2.17,22.98,OK,E. Aydin
88.6,3425,4.78,2026-10-14T15:35:00.000,16.55,561.6,1.88,23,OK,A. Demir
83.4,2851,4.32,2026-10-14T15:39:00.000,15.15,502.7,1.59,23.1,OK,B. Kaya
89.7,3577,4.71,2026-10-14T15:43:00.000,16.4,570.4,2.16,23.13,OK,A. Demir
85,3214,4.31,2026-10-14T15:45:00.000,15.15,542,2.11,23.22,OK,D. Sahin
86.2,3776,5.02,2026-10-14T15:51:00.000,16.62,592.7,2.12,23.28,OK,B. Kaya
86.3,3151,4.86,2026-10-14T15:57:00.000,13.67,537.8,1.73,23.33,OK,B. Kaya
89.6,3360,4.77,2026-10-14T16:02:00.000,16.41,566.4,1.67,23.4,OK,A. Demir
86.4,3361,5.02,2026-10-14T16:08:00.000,15.06,549.4,1.88,23.44,OK,B. Kaya
90.9,3388,4.41,2026-10-14T16:11:00.000,16.71,545,1.97,23.53,OK,A. Demir
83.7,3227,4.77,2026-10-14T16:18:00.000,13.85,529.6,1.72,23.62,OK,B. Kaya
87.5,3678,4.72,2026-10-14T16:22:00.000,17.37,599.4,1.87,23.65,OK,A. Demir
84.9,3456,4.64,2026-10-14T16:26:00.000,17.06,566,2.04,23.71,OK,B. Kaya
83.6,3626,5.03,2026-10-14T16:28:00.000,15.39,599.7,2.19,23.77,OK,B. Kaya
84.8,3606,5.06,2026-10-14T16:32:00.000,16.06,603,2.07,23.88,OK,C. Yildiz
85.1,2932,4.71,2026-10-14T16:39:00.000,13.95,486,1.7,23.9,OK,D. Sahin
85.9,3678,4.83,2026-10-14T16:42:00.000,16.17,571.6,2.25,23.99,OK,E. Aydin
88.3,3623,4.49,2026-10-14T16:48:00.000,15.9,587.7,2.21,24.1,OK,C. Yildiz
93.3,3880,5.34,2026-10-14T16:52:00.000,15.81,618.6,2.01,24.15,OK,D. Sahin
91.1,3737,5.1,2026-10-14T16:57:00.000,17.58,583.3,2.84,24.27,OK,A. Demir
89.1,3676,5.1,2026-10-14T17:01:00.000,16.51,577.2,2.48,24.39,OK,B. Kaya
84.2,3443,5.09,2026-10-14T17:09:00.000,15.48,561.3,2.54,24.45,OK,E. Aydin
83.6,2767,3.72,2026-10-14T17:14:00.000,11.58,499.8,1.96,24.56,OK,D. Sahin
91.3,3511,4.76,2026-10-14T17:22:00.000,16.3,592.1,2.38,24.61,OK,C. Yildiz
87,3397,4.68,2026-10-14T17:27:00.000,16.96,560.7,2.21,24.72,OK,D. Sahin
85.2,3393,4.74,2026-10-14T17:34:00.000,15.34,554.2,2.4,24.8,OK,B. Kaya
87.6,3310,4.71,2026-10-14T17:41:00.000,15.97,555.6,2.4,24.84,OK,B. Kaya
85.7,3758,4.73,2026-10-14T17:47:00.000,17.47,590,2.09,24.91,OK,D. Sahin
80.6,2965,4.97,2026-10-14T17:52:00.000,12.75,506.8,1.68,24.99,OK,C. Yildiz
83.2,2890,4.6,2026-10-14T17:57:00.000,13.18,478,1.82,25.11,OK,E. Aydin
81.8,3237,4.69,2026-10-14T18:01:00.000,13.85,541.6,1.74,25.13,OK,A. Demir
89.7,3460,4.82,2026-10-14T18:08:00.000,15.15,562.5,2.45,25.21,OK,B. Kaya
86.5,3439,4.51,2026-10-14T18:13:00.000,15.33,555.1,1.78,25.31,OK,B. Kaya
91.4,3526,4.95,2026-10-14T18:19:00.000,16.83,561.3,2.52,25.37,OK,E. Aydin
87.8,3387,4.96,2026-10-14T18:21:00.000,15.64,575.6,2.4,25.4,OK,B. Kaya
84.9,3648,5.19,2026-10-14T18:26:00.000,16.29,559.6,2.31,25.49,OK,E. Aydin
84.8,3407,4.89,2026-10-14T18:30:00.000,14.29,564.8,1.93,25.59,OK,B. Kaya
88,,5.22,2026-10-14T18:35:00.000,16.11,557.3,2.03,25.65,OK,A. Demir
88.1,3788,4.58,2026-10-14T18:39:00.000,16.86,569.5,1.92,25.76,OK,E. Aydin
87.6,3619,4.88,2026-10-14T18:47:00.000,17.08,577.1,2.41,25.84,OK,D. Sahin
82.2,2908,4.76,2026-10-14T18:55:00.000,13.32,511.3,1.63,25.87,OK,E. Aydin
86.7,2774,4.3,2026-10-14T18:58:00.000,13.14,487.5,1.53,25.9,OK,B. Kaya
89.5,3344,4.07,2026-10-14T19:04:00.000,15.69,524.1,1.93,25.96,OK,E. Aydin
90.6,3499,5.56,2026-10-14T19:09:00.000,16.15,581.3,2.43,25.98,OK,C. Yildiz
85.4,3523,5.18,2026-10-14T19:16:00.000,17.48,555.8,2.05,26.05,OK,E. Aydin
84.7,2676,,2026-10-14T19:18:00.000,12.82,497.5,1.9,26.08,OK,D. Sahin
87.4,3212,4.38,2026-10-14T19:25:00.000,14.92,531.7,2.09,26.19,OK,B. Kaya
87.8,3362,4.56,2026-10-14T19:31:00.000,15.75,559.1,1.89,26.27,OK,C. Yildiz
84.7,2872,3.43,2026-10-14T19:35:00.000,12.99,527.2,1.81,26.39,OK,A. Demir
90.1,3288,5.1,2026-10-14T19:43:00.000,14.04,522.8,1.88,26.44,OK,E. Aydin
86.6,3389,4.48,2026-10-14T19:50:00.000,15.4,548.9,2.08,26.49,OK,C. Yildiz
91.9,3661,4.81,2026-10-14T19:56:00.000,15.5,594.9,2.08,26.58,OK,E. Aydin
84.3,3126,5.06,2026-10-14T20:03:00.000,14.51,533.7,1.84,26.6,OK,A. Demir
91.6,3459,,2026-10-14T20:10:00.000,16.36,598.7,1.79,26.65,OK,D. Sahin
82,2736,4.26,2026-10-14T20:18:00.000,13.62,489.5,1.52,26.69,OK,C. Yildiz
82.1,2654,3.95,2026-10-14T20:26:00.000,13.62,506.7,2.12,26.72,OK,D. Sahin
85.1,3147,4.22,2026-10-14T20:28:00.000,13.65,536.9,2.07,26.8,OK,D. Sahin
86.2,2740,3.81,2026-10-14T20:33:00.000,13.41,493.2,2.92,26.9,OK,D. Sahin
85.7,2810,4.37,2026-10-14T20:38:00.000,12.64,498.1,1.9,27,WARNING,B. Kaya
87.2,3208,4.5,2026-10-14T20:42:00.000,15.28,552.5,2.04,27.04,OK,B. Kaya
84.6,2764,3.86,2026-10-14T20:49:00.000,13.52,487.2,1.54,27.09,OK,B. Kaya
86.9,2597,4.39,2026-10-14T20:55:00.000,12.67,485.3,2.12,27.13,OK,B. Kaya
89.3,3556,4.57,2026-10-14T20:57:00.000,17.29,575.9,2.16,27.15,OK,E. Aydin
87.7,2480,3.8,2026-10-14T21:00:00.000,12.2,465.5,1.76,27.21,OK,C. Yildiz
86.3,2906,4.21,2026-10-14T21:06:00.000,13.51,508.8,1.59,27.23,OK,C. Yildiz
87,2400,3.98,2026-10-14T21:08:00.000,13.18,478.4,1.7,27.28,OK,A. Demir
83.7,2660,4.38,2026-10-14T21:13:00.000,11.68,478.3,1.42,27.37,OK,C. Yildiz
79.1,2256,4.19,2026-10-14T21:18:00.000,11.6,437.9,2.68,27.46,OK,D. Sahin
90.4,3091,4.15,2026-10-14T21:21:00.000,12.46,529.6,1.71,27.55,OK,C. Yildiz
81.1,2459,4.3,2026-10-14T21:25:00.000,12.97,475.8,1.55,27.66,OK,E. Aydin
83.7,2926,4.33,2026-10-14T21:33:00.000,14.34,509.5,1.79,27.75,OK,C. Yildiz
81,2365,4.19,2026-10-14T21:37:00.000,10.77,461.9,1.41,27.82,OK,D. Sahin
83.6,2763,4.54,2026-10-14T21:44:00.000,14.66,494,1.77,27.94,OK,A. Demir
79.6,2909,4.08,2026-10-14T21:51:00.000,14.93,541.5,1.73,27.97,OK,E. Aydin
84.3,2144,3.73,2026-10-14T21:54:00.000,9.04,446,1.41,28.07,OK,B. Kaya
79.8,2375,4.27,2026-10-14T22:02:00.000,11.46,441.5,1.81,28.14,OK,D. Sahin
78.7,1905,3.4,2026-10-14T22:08:00.000,11.69,418.8,1.64,28.18,OK,A. Demir
82.6,2425,3.93,2026-10-14T22:15:00.000,13.61,460.1,1.43,28.21,OK,D. Sahin
83,1905,3.64,2026-10-14T22:21:00.000,10.07,428.4,1.65,28.28,OK,D. Sahin
82.9,2236,4.11,2026-10-14T22:29:00.000,12.24,441,1.53,28.37,OK,A. Demir
84.4,2394,3.79,2026-10-14T22:34:00.000,11.55,462.4,2.04,28.42,OK,A. Demir
85.2,2508,4.66,2026-10-14T22:36:00.000,10.63,473.9,1.93,28.45,OK,C. Yildiz
82.5,2792,4.58,2026-10-14T22:38:00.000,13.4,490.7,1.46,28.56,OK,E. Aydin
82,2233,3.62,2026-10-14T22:42:00.000,12.69,439.4,1.26,28.61,OK,B. Kaya
82.6,2067,3.64,2026-10-14T22:48:00.000,9.57,423,1.2,28.68,OK,B. Kaya
85.7,2209,4.06,2026-10-14T22:52:00.000,11.71,441,1.39,28.78,OK,C. Yildiz
80.9,2541,4.48,2026-10-14T22:57:00.000,14.12,475.7,1.5,28.85,OK,A. Demir
82.2,1770,3.91,2026-10-14T23:01:00.000,9.24,380.7,1.53,28.91,OK,E. Aydin
78.3,1623,3.48,2026-10-14T23:06:00.000,9.57,399.9,1.33,29.01,OK,C. Yildiz
79.9,1841,,2026-10-14T23:08:00.000,8.06,379.3,1.25,29.06,OK,B. Kaya
74.6,1698,3.69,2026-10-14T23:12:00.000,9.72,370.5,1.29,29.13,OK,E. Aydin
81.3,2273,3.68,2026-10-14T23:15:00.000,12.34,470.7,1.41,29.21,OK,E. Aydin
85.1,1822,3.66,2026-10-14T23:17:00.000,9.17,426.6,1.3,29.32,OK,A. Demir
78.5,2213,3.6,2026-10-14T23:24:00.000,12.06,407.8,1.41,29.35,OK,A. Demir
77.5,1772,3.99,2026-10-14T23:31:00.000,10.62,369.9,1.72,29.47,OK,A. Demir
78.9,2000,4.08,2026-10-14T23:34:00.000,10.65,431.6,1.49,29.53,OK,D. Sahin
86.8,2053,3.34,2026-10-14T23:40:00.000,13.43,437.5,1.43,29.63,OK,D. Sahin
81.5,1458,2.92,2026-10-14T23:43:00.000,9.09,367.9,1.63,29.66,OK,E. Aydin
81.7,1778,3.66,2026-10-14T23:49:00.000,8.32,416.9,1.22,29.71,OK,A. Demir
78.1,1591,3.76,2026-10-14T23:55:00.000,7.86,381.8,1.35,29.76,OK,A. Demir
83.7,1760,4.14,2026-10-14T23:57:00.000,10.98,388.7,1.52,29.82,OK,A. Demir
81.2,1717,3.49,2026-10-15T00:03:00.000,9.64,384.8,1.24,29.84,OK,A. Demir
78.4,1867,3.22,2026-10-15T00:08:00.000,8.75,416.3,1.74,29.95,OK,A. Demir
78.8,1594,4.04,2026-10-15T00:15:00.000,7.21,391.6,1.73,30.03,OK,D. Sahin
79.2,1413,3.73,2026-10-15T00:18:00.000,8.94,372.2,1.19,30.14,OK,A. Demir
82.6,1994,4.46,2026-10-15T00:26:00.000,12.06,413.2,1.24,30.2,OK,E. Aydin
77.5,1219,3.27,2026-10-15T00:33:00.000,7.36,353.7,1.46,30.28,OK,C. Yildiz
78.9,1405,4.16,2026-10-15T00:35:00.000,9.61,365,2.05,30.33,OK,B. Kaya
78.6,1329,3.76,2026-10-15T00:38:00.000,6.36,338.7,1.4,30.43,OK,C. Yildiz
81.5,1719,4.07,2026-10-15T00:44:00.000,9.25,373.4,1.07,30.52,OK,B. Kaya
77.8,1494,4.25,2026-10-15T00:47:00.000,9.39,361.2,1,30.59,OK,A. Demir
82.4,2203,3.9,2026-10-15T00:55:00.000,11.66,450.5,1.53,30.64,OK,B. Kaya
74,1249,3.24,2026-10-15T01:03:00.000,7.03,371.2,1.1,30.73,OK,B. Kaya
78.6,1875,4.21,2026-10-15T01:05:00.000,11.45,394.9,1.77,30.84,OK,A. Demir
79.2,1436,3.47,2026-10-15T01:10:00.000,7.53,360,1,30.89,OK,D. Sahin
78.7,1430,3.56,2026-10-15T01:18:00.000,10.72,380.5,1.1,30.96,OK,E. Aydin
75.4,818,3.29,2026-10-15T01:23:00.000,7.15,300.6,0.73,31.07,OK,B. Kaya
73.8,1754,3.83,2026-10-15T01:30:00.000,9.56,383.6,1.06,31.12,OK,D. Sahin
77.5,1509,3.69,2026-10-15T01:33:00.000,8.68,382.4,1.35,31.19,OK,C. Yildiz
77.3,1231,,2026-10-15T01:35:00.000,6.56,347.4,1.28,31.29,OK,E. Aydin
75,1127,3.95,2026-10-15T01:41:00.000,6.65,325.9,0.87,31.31,OK,C. Yildiz
75.4,1351,3.48,2026-10-15T01:45:00.000,9.92,351.1,1.56,31.34,OK,A. Demir
81.3,1190,,2026-10-15T01:51:00.000,6.96,345,1.22,31.43,OK,C. Yildiz
72.9,1218,,2026-10-15T01:58:00.000,9.48,337.7,1.39,31.54,OK,A. Demir
73.9,800,3.02,2026-10-15T02:01:00.000,6.84,327.1,1.24,31.61,OK,B. Kaya
72.3,884,2.99,2026-10-15T02:06:00.000,5.06,303.8,1.18,31.63,OK,C. Yildiz
76.2,1073,3.17,2026-10-15T02:13:00.000,7.94,349.1,1.49,31.7,OK,B. Kaya
71.2,800,3.55,2026-10-15T02:21:00.000,6.21,267.2,0.73,31.79,OK,C. Yildiz
74.2,1059,3.63,2026-10-15T02:23:00.000,6.12,321.8,1.33,31.82,OK,D. Sahin
78.1,1355,3.03,2026-10-15T02:31:00.000,6.9,361.6,1.38,31.85,OK,C. Yildiz
77.2,1452,3.13,2026-10-15T02:37:00.000,9.06,377.7,1.07,31.91,OK,E. Aydin
77.7,864,3,2026-10-15T02:44:00.000,6.92,325.4,0.75,31.99,OK,D. Sahin
78.3,1216,2.47,2026-10-15T02:51:00.000,6.94,362.6,0.82,32.1,OK,E. Aydin
79.1,1318,,2026-10-15T02:56:00.000,8.21,351.3,0.95,32.15,OK,D. Sahin
76.1,809,3.73,2026-10-15T03:00:00.000,6.95,309.7,1.38,32.26,OK,D. Sahin
74.7,908,3.39,2026-10-15T03:03:00.000,5.99,306.7,0.97,32.35,OK,B. Kaya
80.9,1260,3.59,2026-10-15T03:10:00.000,7.86,374.1,1.46,32.41,OK,A. Demir
77,855,3.12,2026-10-15T03:14:00.000,7.62,315.6,1.93,32.46,OK,B. Kaya
75.6,800,3.05,2026-10-15T03:17:00.000,6.13,327,0.74,32.57,OK,B. Kaya
76.9,1596,3.5,2026-10-15T03:24:00.000,10.14,382.2,1.05,32.68,OK,A. Demir
76.6,800,3.08,2026-10-15T03:27:00.000,6.03,328.1,1.27,32.78,OK,E. Aydin
79,1321,3.1,2026-10-15T03:32:00.000,6.6,360.4,1.44,32.81,OK,D. Sahin
83.1,1041,2.82,2026-10-15T03:37:00.000,6.54,331.5,1.48,32.88,OK,E. Aydin
75.1,834,3.39,2026-10-15T03:45:00.000,5.93,322,0.93,32.93,OK,E. Aydin
76.9,1132,3.05,2026-10-15T03:47:00.000,6.5,355.9,1,33.05,OK,B. Kaya
77.9,1083,3.46,2026-10-15T03:53:00.000,6.29,353.2,1.6,33.11,WARNING,A. Demir
74.2,1118,3.19,2026-10-15T03:55:00.000,5.96,356.6,1.28,33.18,OK,E. Aydin
77,1887,3.29,2026-10-15T04:00:00.000,8.86,398,1.28,33.25,OK,B. Kaya
79.9,1722,3.68,2026-10-15T04:06:00.000,11,377.1,1.58,33.35,OK,D. Sahin
75.3,1227,3.48,2026-10-15T04:08:00.000,7.1,366.7,1.41,33.45,OK,D. Sahin
84.2,1853,3.15,2026-10-15T04:13:00.000,9.53,437.9,1.2,33.5,OK,A. Demir
80.8,1627,3.46,2026-10-15T04:16:00.000,9.64,398.3,1.48,33.57,OK,C. Yildiz
77.3,1458,3.18,2026-10-15T04:20:00.000,8.29,380.8,1.35,33.63,OK,E. Aydin
81.5,1433,3.68,2026-10-15T04:26:00.000,9.96,380.1,1.32,33.74,OK,C. Yildiz
78.7,943,3.38,2026-10-15T04:29:00.000,6.18,319,1.09,33.77,OK,C. Yildiz
77,800,3.5,2026-10-15T04:36:00.000,6.13,302,0.73,33.81,OK,A. Demir
76.6,976,3.12,2026-10-15T04:40:00.000,6.03,314.9,0.84,33.91,OK,A. Demir
74.2,800,2.84,2026-10-15T04:48:00.000,6.47,331.6,0.9,33.94,OK,B. Kaya
75.6,800,2.68,2026-10-15T04:56:00.000,5.72,306.6,0.93,33.97,OK,B. Kaya
75.4,967,3.36,2026-10-15T05:03:00.000,5.42,303.6,0.87,34.04,OK,B. Kaya
76.8,1072,4.09,2026-10-15T05:10:00.000,8.01,342.1,1.46,34.13,OK,D. Sahin
72.3,913,4.06,2026-10-15T05:12:00.000,6.02,309.8,1.54,34.19,OK,E. Aydin
75.2,800,3.57,2026-10-15T05:16:00.000,6.73,285.3,0.98,34.23,OK,A. Demir
78.7,1468,3.73,2026-10-15T05:18:00.000,10.64,351.2,1.22,34.31,OK,D. Sahin
77.5,1082,3.73,2026-10-15T05:22:00.000,7.83,363,0.97,34.38,OK,B. Kaya
75.1,1642,4.65,2026-10-15T05:25:00.000,8.08,372.7,1.22,34.45,OK,A. Demir
79.1,1243,3.53,2026-10-15T05:32:00.000,7.1,331.4,0.97,34.56,OK,E. Aydin
82.5,1192,3.67,2026-10-15T05:40:00.000,8.35,347.4,1.21,34.6,OK,A. Demir
71.6,1208,3.27,2026-10-15T05:42:00.000,7.51,348.6,1.19,34.65,OK,E. Aydin
77.1,803,3.49,2026-10-15T05:53:00.000,5.35,286.3,1.16,34.81,OK,C. Yildiz
79.4,1355,3.27,2026-10-15T05:57:00.000,9.42,349.8,1.18,34.93,OK,A. Demir
77.4,993,3.22,2026-10-15T06:04:00.000,6.59,331.7,1.09,34.99,OK,A. Demir
77.6,1376,3.43,2026-10-15T06:07:00.000,8.51,373.9,1.76,35.04,OK,C. Yildiz
78.1,1473,3.54,2026-10-15T06:13:00.000,9.34,375.1,1.36,35.09,OK,A. Demir
78.7,1079,3.22,2026-10-15T06:18:00.000,6.58,341.7,0.98,35.2,OK,B. Kaya
76.5,1551,3.51,2026-10-15T06:22:00.000,10.08,399,1.31,35.31,OK,E. Aydin
81.2,1739,3.56,2026-10-15T06:29:00.000,9.86,427.4,2.37,35.42,OK,B. Kaya
81.1,1793,3.3,2026-10-15T06:34:00.000,9.2,422.5,1.79,35.48,OK,A. Demir
81.3,1166,2.97,2026-10-15T06:42:00.000,7.26,342.6,1.1,35.57,OK,B. Kaya
82.2,1921,4.19,2026-10-15T06:50:00.000,8.94,401.1,1.15,35.64,OK,C. Yildiz
72.3,1076,3.72,2026-10-15T06:54:00.000,8.67,330.3,1.09,35.69,OK,D. Sahin
72.5,976,3.36,2026-10-15T07:00:00.000,8.13,336.2,1.04,35.73,OK,B. Kaya
75.5,1523,3.85,2026-10-15T07:05:00.000,8.3,367.3,1.54,35.77,OK,E. Aydin
76.5,938,3.17,2026-10-15T07:07:00.000,6.88,318.5,0.76,35.84,OK,C. Yildiz
80.9,1611,4.74,2026-10-15T07:11:00.000,8.75,396.5,1.03,35.91,OK,A. Demir
78.5,1306,3.39,2026-10-15T07:19:00.000,7.87,362.7,0.85,36,OK,B. Kaya
76.8,1698,3.37,2026-10-15T07:25:00.000,8.07,387.2,1.31,36.05,OK,E. Aydin
78.2,1517,3.81,2026-10-15T07:30:00.000,9.5,368,1.67,36.1,OK,D. Sahin
78.7,1506,3.71,2026-10-15T07:37:00.000,9.16,380.5,1.06,36.15,OK,A. Demir
78,1260,3.3,2026-10-15T07:43:00.000,7.73,342.8,1.99,36.22,OK,B. Kaya
78.2,1913,4.06,2026-10-15T07:51:00.000,9.06,409.5,1.71,36.3,OK,C. Yildiz
79.9,1623,3.21,2026-10-15T07:58:00.000,9.41,376.6,1.21,36.33,OK,D. Sahin
82.2,2159,,2026-10-15T08:00:00.000,9.41,435.4,1.64,36.36,OK,C. Yildiz
76.7,1970,4.08,2026-10-15T08:04:00.000,9.84,417.4,1.2,36.46,OK,E. Aydin
75.5,1940,3.87,2026-10-15T08:08:00.000,9.51,400.3,1.94,36.51,OK,E. Aydin
80,1990,4.04,2026-10-15T08:14:00.000,9.34,426.5,2.32,36.62,OK,A. Demir
79.5,1587,4.11,2026-10-15T08:22:00.000,11.36,345.9,1.15,36.65,OK,D. Sahin
74.9,1653,3.69,2026-10-15T08:30:00.000,9.02,382.2,1.35,36.74,OK,D. Sahin
79.7,2342,4.53,2026-10-15T08:37:00.000,11.91,456.9,1.85,36.77,OK,D. Sahin
81.4,2158,3.67,2026-10-15T08:42:00.000,11.73,432.9,1.43,36.89,OK,D. Sahin
78.7,1976,4,2026-10-15T08:47:00.000,10.95,430.8,1.58,36.96,OK,B. Kaya
82.9,2413,4.02,2026-10-15T08:53:00.000,11.16,484.9,2.06,36.99,OK,A. Demir
83.6,2323,3.54,2026-10-15T08:57:00.000,10.49,424,1.69,37.02,OK,C. Yildiz
81.7,2116,3.12,2026-10-15T09:02:00.000,10.32,439.8,1.61,37.05,OK,A. Demir
80.3,2260,3.92,2026-10-15T09:06:00.000,11.44,452.3,1.3,37.11,OK,E. Aydin
82.2,2033,3.66,2026-10-15T09:12:00.000,10.01,416.5,1.52,37.15,OK,C. Yildiz
85.7,2329,3.57,2026-10-15T09:14:00.000,11.63,457.9,1.47,37.19,OK,E. Aydin
80.7,1838,4.36,2026-10-15T09:21:00.000,10.37,403.2,1.47,37.24,OK,A. Demir
80.3,2769,4.1,2026-10-15T09:27:00.000,14.83,494.1,1.71,37.32,OK,B. Kaya
83.2,2378,3.9,2026-10-15T09:29:00.000,13.12,443.9,2.22,37.42,OK,E. Aydin
85.3,3102,4.87,2026-10-15T09:37:00.000,13.93,537.7,1.81,37.49,OK,A. Demir
79,1972,3.6,2026-10-15T09:39:00.000,10.61,401.9,1.65,37.54,OK,C. Yildiz
81.3,2009,3.88,2026-10-15T09:47:00.000,10.58,430.5,2.11,37.57,OK,A. Demir
80.2,2349,3.94,2026-10-15T09:53:00.000,10.08,452.6,1.49,37.66,OK,D. Sahin
79.8,1697,3.33,2026-10-15T10:01:00.000,9.41,420.3,1.52,37.77,OK,C. Yildiz
80.4,2696,4.67,2026-10-15T10:06:00.000,12.17,512.7,1.69,37.83,OK,D. Sahin
82.4,2600,4.27,2026-10-15T10:09:00.000,13.49,482,1.92,37.9,OK,D. Sahin
85,2721,3.92,2026-10-15T10:16:00.000,13.61,477.9,1.42,38.02,OK,B. Kaya
83.4,2297,3.71,2026-10-15T10:20:00.000,10.09,462.7,1.79,38.04,OK,B. Kaya
82.9,2466,3.38,2026-10-15T10:27:00.000,12,478.4,1.38,38.06,OK,D. Sahin
83.3,2566,3.94,2026-10-15T10:29:00.000,11.82,472.9,2.95,38.1,OK,E. Aydin
87.1,3086,3.96,2026-10-15T10:33:00.000,15.22,524.5,1.81,38.21,OK,D. Sahin
87.1,2971,4.27,2026-10-15T10:35:00.000,13.48,519.6,1.58,38.28,OK,B. Kaya
81.3,2860,4.96,2026-10-15T10:38:00.000,14.1,489.4,1.61,38.39,OK,D. Sahin
84.9,2705,3.94,2026-10-15T10:42:00.000,13.88,499,1.43,38.41,OK,C. Yildiz
77.5,2368,3.93,2026-10-15T10:46:00.000,11.02,446,2.41,38.45,OK,E. Aydin
82.3,3139,4.64,2026-10-15T10:48:00.000,14.66,525.8,2.36,38.53,OK,A. Demir
81.6,2351,4.85,2026-10-15T10:50:00.000,12.13,492.3,1.72,38.62,OK,C. Yildiz
87.7,2807,4.95,2026-10-15T10:56:00.000,15.45,525.7,1.57,38.65,OK,B. Kaya
,2284,3.94,2026-10-15T11:00:00.000,12.08,444.3,2.17,38.69,OK,D. Sahin
80.7,2887,4.36,2026-10-15T11:04:00.000,12.96,504.7,1.69,38.74,OK,E. Aydin
83.3,2794,4.69,2026-10-15T11:10:00.000,15.93,497.2,1.84,38.86,OK,D. Sahin
87.1,2702,4.81,2026-10-15T11:13:00.000,13.44,490.7,1.47,38.94,OK,C. Yildiz
86,2659,4.09,2026-10-15T11:21:00.000,14.34,493,2.04,39.03,OK,B. Kaya
,3294,4.02,2026-10-15T11:29:00.000,15.76,564.5,2.89,39.07,OK,C. Yildiz
80.2,2324,4.46,2026-10-15T11:37:00.000,11.77,435.9,2.73,39.11,OK,B. Kaya
79.7,2772,4.42,2026-10-15T11:41:00.000,15.02,501.8,1.55,39.17,OK,D. Sahin
81.2,2605,3.99,2026-10-15T11:45:00.000,10.24,496.4,1.52,39.27,OK,D. Sahin
85,2197,4.27,2026-10-15T11:51:00.000,10.21,474.4,1.37,39.32,OK,D. Sahin
85,3003,3.81,2026-10-15T11:59:00.000,15.46,547,2.09,39.4,OK,E. Aydin
85,3011,4.86,2026-10-15T12:05:00.000,13.37,522.6,1.63,39.42,OK,A. Demir
80.8,2959,4.98,2026-10-15T12:10:00.000,12.23,495.7,1.84,39.54,OK,E. Aydin
90.6,2664,3.81,2026-10-15T12:14:00.000,13.91,499.2,2.18,39.6,OK,C. Yildiz
87.1,3256,4.5,2026-10-15T12:16:00.000,15.05,552.6,2,39.64,OK,E. Aydin
87.6,3416,4.39,2026-10-15T12:21:00.000,14.64,557.1,1.88,39.68,OK,A. Demir
87.7,3705,4.85,2026-10-15T12:29:00.000,17.42,582.1,2.47,39.71,OK,D. Sahin
83.4,3327,4.84,2026-10-15T12:33:00.000,13.97,539.7,2.01,39.75,OK,B. Kaya
88.9,3408,4.74,2026-10-15T12:41:00.000,14.11,541.8,1.73,39.85,OK,B. Kaya
85,3081,4.32,2026-10-15T12:46:00.000,13.17,522.8,2.32,39.9,OK,E. Aydin
88.1,3431,4.54,2026-10-15T12:49:00.000,16.83,547.1,1.79,39.94,OK,D. Sahin
87.4,3378,4.56,2026-10-15T12:54:00.000,15.09,527.9,2.21,39.98,OK,C. Yildiz
86.1,3140,4.75,2026-10-15T13:01:00.000,14.36,532.4,2.06,40.08,OK,E. Aydin
84.1,2996,4.53,2026-10-15T13:08:00.000,15.29,508.1,2.08,40.15,OK,A. Demir
87.1,3277,4.66,2026-10-15T13:15:00.000,15.11,529.6,2.38,40.23,OK,A. Demir
87.7,3659,4.42,2026-10-15T13:19:00.000,16.87,582.2,1.89,40.33,OK,E. Aydin
80.8,3319,5.4,2026-10-15T13:27:00.000,15.35,541.9,2.14,40.37,OK,B. Kaya
86.3,3497,4.51,2026-10-15T13:35:00.000,15.68,559.2,2.12,40.4,OK,B. Kaya
85.3,3558,4.49,2026-10-15T13:41:00.000,16.99,552.5,1.88,40.48,OK,B. Kaya
95.2,3127,4.78,2026-10-15T13:44:00.000,12.98,567.4,2.11,40.57,OK,A. Demir
91.2,3483,4.55,2026-10-15T13:50:00.000,15.97,576.5,2.48,40.67,OK,E. Aydin
83,3178,4.61,2026-10-15T13:53:00.000,15.81,545.1,2.37,40.74,OK,B. Kaya
86.4,3020,4.32,2026-10-15T13:58:00.000,15.46,525.7,1.95,40.76,OK,A. Demir
86.7,3345,5.11,2026-10-15T14:00:00.000,14.87,572.3,2.17,40.78,OK,E. Aydin
84.6,2742,4.84,2026-10-15T14:02:00.000,11.77,507.2,1.54,40.87,OK,B. Kaya
90.6,3830,5.37,2026-10-15T14:10:00.000,16.05,611.5,2.67,40.95,OK,B. Kaya
83.1,3130,4.59,2026-10-15T14:14:00.000,15.75,549.3,2.01,41.06,OK,C. Yildiz
87.9,3253,4.98,2026-10-15T14:20:00.000,14.22,550.3,1.82,41.11,OK,B. Kaya
84.5,3200,4.16,2026-10-15T14:24:00.000,16.41,526.6,2.03,41.15,OK,E. Aydin
88.3,3268,4.11,2026-10-15T14:31:00.000,13.99,538.1,2.2,41.26,OK,D. Sahin
87.2,3034,4.43,2026-10-15T14:33:00.000,13.69,523,2.01,41.37,OK,A. Demir
87.3,3209,4.6,2026-10-15T14:40:00.000,14.9,539.6,2.58,41.49,OK,C. Yildiz
88.7,4000,4.81,2026-10-15T14:43:00.000,16.69,620.2,2.12,41.6,OK,C. Yildiz
84.1,3266,4.1,2026-10-15T14:49:00.000,15.06,532,2.06,41.66,OK,D. Sahin
89.4,3264,5.17,2026-10-15T14:56:00.000,15.56,554.6,1.8,41.77,OK,D. Sahin
86.6,2979,4.79,2026-10-15T15:04:00.000,13.82,516.2,1.52,41.86,OK,D. Sahin
80.9,3249,4.92,2026-10-15T15:10:00.000,16.15,553,2.5,41.95,OK,D. Sahin
86.2,3361,4.41,2026-10-15T15:13:00.000,14.48,546.2,1.89,41.98,OK,E. Aydin
81.5,3251,4.57,2026-10-15T15:16:00.000,15.4,532.2,2.07,42.01,OK,A. Demir
96.1,4317,4.8,2026-10-15T15:21:00.000,19.69,650,2.32,42.04,OK,E. Aydin
84.3,2995,4.56,2026-10-15T15:24:00.000,13.53,511.2,1.8,42.11,OK,A. Demir
87.2,3027,4.88,2026-10-15T15:27:00.000,16.4,503.6,1.72,42.19,OK,E. Aydin
86.9,3449,5.21,2026-10-15T15:33:00.000,16.06,567.3,1.94,42.23,OK,E. Aydin
86.9,3495,4.46,2026-10-15T15:36:00.000,16.32,581.1,1.98,42.3,OK,A. Demir
84.6,2960,4.43,2026-10-15T15:44:00.000,13.46,510.2,2.22,42.37,OK,E. Aydin
78.4,2719,4.89,2026-10-15T15:47:00.000,12.55,486.4,2.1,42.42,OK,A. Demir
81.7,3472,5.22,2026-10-15T15:52:00.000,16.03,568.2,1.87,42.52,OK,A. Demir
85,3166,4.24,2026-10-15T15:55:00.000,13.34,530.3,1.67,42.55,OK,D. Sahin
85.7,3131,4.48,2026-10-15T16:02:00.000,13.92,536.7,1.94,42.64,OK,E. Aydin
85.6,3449,4.76,2026-10-15T16:04:00.000,17.05,578.2,2.85,42.67,OK,B. Kaya
85.4,3474,4.61,2026-10-15T16:11:00.000,15.99,568.4,1.73,42.69,OK,B. Kaya
86.2,3344,4.82,2026-10-15T16:15:00.000,13.88,554.4,2.7,42.73,OK,B. Kaya
83.2,2933,4.85,2026-10-15T16:20:00.000,14.42,508.6,1.54,42.81,OK,A. Demir
86.7,3276,4.29,2026-10-15T16:27:00.000,13.95,551.8,1.75,42.89,OK,C. Yildiz
83,2751,4.35,2026-10-15T16:35:00.000,12.42,493.2,1.95,42.99,OK,B. Kaya
87,3516,4.57,2026-10-15T16:42:00.000,15.46,626.7,2.29,43.03,OK,C. Yildiz
86.7,3293,4.99,2026-10-15T16:50:00.000,15.13,537.4,1.99,43.15,OK,C. Yildiz
90.9,3828,5.06,2026-10-15T16:57:00.000,17.88,586.9,2,43.21,OK,D. Sahin
87.8,3288,4.59,2026-10-15T16:59:00.000,15.18,556.8,1.86,43.3,OK,C. Yildiz
80.1,2744,3.95,2026-10-15T17:05:00.000,12.83,501.6,1.58,43.4,OK,A. Demir
92.1,3391,5.3,2026-10-15T17:11:00.000,13.83,564.3,1.85,43.43,OK,D. Sahin
91,3634,5.04,2026-10-15T17:15:00.000,16.39,573.8,1.85,43.53,OK,E. Aydin
88,3049,4.05,2026-10-15T17:23:00.000,14.87,518.5,2.06,43.6,OK,C. Yildiz
82.6,3167,4.55,2026-10-15T17:25:00.000,13.83,500,1.82,43.65,WARNING,E. Aydin
88.3,2833,4.08,2026-10-15T17:29:00.000,14.06,478.8,2.51,43.76,OK,A. Demir
83.8,3360,4.98,2026-10-15T17:36:00.000,14.69,536.4,2,43.86,OK,A. Demir
85,2984,4.62,2026-10-15T17:44:00.000,13.8,529.5,1.79,43.97,OK,D. Sahin
87.1,3723,5.07,2026-10-15T17:51:00.000,17.08,576.2,2.22,44.03,OK,C. Yildiz
89.8,3082,4.17,2026-10-15T17:59:00.000,13.22,554,1.84,44.12,OK,D. Sahin
86.8,3485,4.62,2026-10-15T18:03:00.000,14.3,560.7,2.74,44.2,OK,E. Aydin
81.4,3058,4.71,2026-10-15T18:11:00.000,14.34,531.1,1.65,44.24,OK,B. Kaya
84.2,2636,4.76,2026-10-15T18:16:00.000,13.54,507.4,1.95,44.29,OK,D. Sahin
87,2654,4.39,2026-10-15T18:19:00.000,13.52,497.8,2.2,44.35,OK,B. Kaya
83.2,2775,5.04,2026-10-15T18:25:00.000,13.52,465.7,1.49,44.45,OK,A. Demir
85,2807,,2026-10-15T18:33:00.000,12.62,490.7,1.5,44.51,OK,E. Aydin
84,3131,4.17,2026-10-15T18:36:00.000,12.59,534.1,2.03,44.62,OK,C. Yildiz
85.3,2997,4,2026-10-15T18:44:00.000,14.05,508.7,1.94,44.67,OK,B. Kaya
82.8,2370,4.18,2026-10-15T18:47:00.000,11.82,450.5,2.02,44.78,OK,E. Aydin
87.7,3273,4.49,2026-10-15T18:50:00.000,13.9,560.6,1.72,44.88,OK,C. Yildiz
85.6,3039,4.34,2026-10-15T18:56:00.000,13.48,534.5,1.56,44.96,OK,C. Yildiz
82.1,2426,3.78,2026-10-15T19:04:00.000,11.03,498.6,1.31,45.04,OK,C. Yildiz
81.5,2999,4.87,2026-10-15T19:07:00.000,11.75,494.6,1.61,45.13,OK,D. Sahin
81.8,2563,4.28,2026-10-15T19:11:00.000,12.53,472.7,1.78,45.15,OK,B. Kaya
82.6,2092,3.59,2026-10-15T19:19:00.000,9.48,445.1,1.3,45.17,OK,D. Sahin
77.3,2842,4.59,2026-10-15T19:22:00.000,12.22,494.5,1.84,45.21,OK,A. Demir
76.2,1908,3.99,2026-10-15T19:28:00.000,9.38,424.9,1.44,45.28,OK,D. Sahin
80.1,2096,3.76,2026-10-15T19:32:00.000,8.8,415.3,1.26,45.38,OK,E. Aydin
82,,3.95,2026-10-15T19:39:00.000,10.17,421.7,1.41,45.47,OK,B. Kaya
88.3,2564,4.23,2026-10-15T19:46:00.000,11.21,486,2.12,45.49,OK,B. Kaya
79.6,2322,3.94,2026-10-15T19:50:00.000,11.24,477.8,1.46,45.55,OK,A. Demir
79.8,2196,4.03,2026-10-15T19:52:00.000,11.2,451.8,1.47,45.59,OK,C. Yildiz
83.6,2532,4.14,2026-10-15T19:58:00.000,12.06,465.1,1.65,45.63,OK,C. Yildiz
83.5,1688,3.4,2026-10-15T20:01:00.000,8.4,413.4,2.35,45.73,OK,A. Demir
81.3,1840,3.79,2026-10-15T20:07:00.000,9.88,395.4,1.48,45.75,OK,C. Yildiz
86.4,2217,4.02,2026-10-15T20:10:00.000,10.09,462.8,1.3,45.84,OK,E. Aydin
81.7,2077,3.95,2026-10-15T20:13:00.000,10.47,449.4,1.91,45.94,OK,A. Demir
86.1,2249,3.52,2026-10-15T20:17:00.000,11.83,454.1,1.41,46.02,OK,E. Aydin
82.3,1985,3.96,2026-10-15T20:22:00.000,10.31,412.9,1.29,46.06,OK,E. Aydin
75.3,1778,3.56,2026-10-15T20:30:00.000,10.06,400.4,1.16,46.15,OK,B. Kaya
79.2,1370,3.83,2026-10-15T20:33:00.000,9.59,351,1.41,46.26,OK,B. Kaya
80.8,1771,3.99,2026-10-15T20:38:00.000,9.43,379.2,1.38,46.3,OK,A. Demir
79.7,1953,3.85,2026-10-15T20:46:00.000,10.36,423.1,1.16,46.41,OK,D. Sahin
75.4,1602,3.08,2026-10-15T20:50:00.000,10.19,385,1.25,46.44,OK,B. Kaya
82.6,1767,4,2026-10-15T20:53:00.000,9.12,422.7,1.7,46.55,OK,C. Yildiz
79.2,1651,3.31,2026-10-15T20:56:00.000,10.19,373.8,1.39,46.65,OK,A. Demir
82.8,1642,2.62,2026-10-15T21:01:00.000,8.78,399.7,1.59,46.76,OK,B. Kaya
81.4,1646,4.08,2026-10-15T21:06:00.000,8.13,403.9,1.02,46.78,OK,C. Yildiz
78.6,1153,3.76,2026-10-15T21:14:00.000,5.91,340,0.89,46.89,OK,B. Kaya
80.9,2007,4.01,2026-10-15T21:18:00.000,12.21,439.5,1.66,46.99,OK,C. Yildiz
77.5,1108,3.66,2026-10-15T21:25:00.000,7.08,321.4,0.88,47.03,OK,C. Yildiz
77,1759,3.76,2026-10-15T21:28:00.000,7.54,387,1.71,47.14,OK,C. Yildiz
80.8,1504,4.01,2026-10-15T21:32:00.000,8.85,384.7,1.59,47.24,OK,E. Aydin
82.5,1705,4.02,2026-10-15T21:37:00.000,9.83,391.4,1.32,47.35,OK,D. Sahin
80.4,1456,3.96,2026-10-15T21:44:00.000,9.91,363.2,1.9,47.44,OK,C. Yildiz
78.7,1528,3.67,2026-10-15T21:46:00.000,6.98,381.7,1.45,47.49,OK,C. Yildiz
78.1,1541,3.66,2026-10-15T21:52:00.000,9.81,380.3,1.37,47.6,OK,C. Yildiz
84.2,1536,3.97,2026-10-15T21:57:00.000,8.7,361.5,1.51,47.69,OK,A. Demir
78.4,1476,3.3,2026-10-15T22:04:00.000,7.9,382.3,1.4,47.73,OK,D. Sahin
81.6,,3.64,2026-10-15T22:08:00.000,10.08,401.9,1.2,47.83,OK,B. Kaya
78.5,1793,3.67,2026-10-15T22:14:00.000,10.15,392.9,1.12,47.91,OK,D. Sahin
82,1722,4.2,2026-10-15T22:19:00.000,9.61,397.8,1.31,47.98,OK,C. Yildiz
76.3,996,3.37,2026-10-15T22:21:00.000,7.45,305.6,0.74,48.02,OK,E. Aydin
84,1613,3.63,2026-10-15T22:26:00.000,8.75,379.4,1.01,48.05,OK,E. Aydin
83.2,1912,3.58,2026-10-15T22:29:00.000,9.8,443.4,1.46,48.13,OK,E. Aydin
80.3,1657,3.8,2026-10-15T22:32:00.000,9.47,410.5,1.43,48.17,OK,C. Yildiz
78,1309,4.16,2026-10-15T22:40:00.000,8.3,347.8,1.27,48.23,OK,D. Sahin
79.1,1383,3.22,2026-10-15T22:47:00.000,8.62,362,1.28,48.28,OK,A. Demir
80.5,1014,3.28,2026-10-15T22:55:00.000,6.1,361.2,1.25,48.37,OK,D. Sahin
78.6,1606,4.77,2026-10-15T22:58:00.000,8.94,388.2,1.47,48.42,OK,D. Sahin
81.2,1633,3.26,2026-10-15T23:01:00.000,9.06,411.7,1.05,48.49,OK,B. Kaya
72.6,920,3.07,2026-10-15T23:03:00.000,7.35,323.8,1.01,48.6,OK,A. Demir
76.3,1208,3.34,2026-10-15T23:10:00.000,8.86,344.8,1.11,48.66,OK,A. Demir
78.9,1016,2.98,2026-10-15T23:16:00.000,8.22,321.7,1.14,48.76,OK,E. Aydin
73.8,800,2.9,2026-10-15T23:20:00.000,7.04,292.6,1.41,48.82,OK,D. Sahin
71.5,1298,3.68,2026-10-15T23:25:00.000,8.27,349.9,1.23,48.91,OK,E. Aydin
84.2,1626,4.06,2026-10-15T23:30:00.000,6.36,390.8,2.22,48.95,OK,C. Yildiz
76.2,1367,2.75,2026-10-15T23:32:00.000,7.58,334.5,1.06,48.98,OK,A. Demir
73.6,800,3.48,2026-10-15T23:34:00.000,5.68,315.4,0.96,49.1,OK,C. Yildiz
74,1497,3.83,2026-10-15T23:40:00.000,8.98,383.6,1.62,49.15,OK,B. Kaya
77.5,800,3.39,2026-10-15T23:44:00.000,6.08,296,1.27,49.19,OK,B. Kaya
72,800,3.08,2026-10-15T23:52:00.000,7.02,301.4,1.01,49.25,OK,D. Sahin
81.6,1201,3.27,2026-10-15T23:54:00.000,6.15,357.6,0.9,49.32,OK,A. Demir
71.1,800,3.43,2026-10-16T00:00:00.000,5.61,285.1,1.02,49.38,OK,A. Demir
80,1003,3.16,2026-10-16T00:06:00.000,6.24,336.2,0.95,49.48,OK,E. Aydin
75,1152,3.16,2026-10-16T00:12:00.000,6.51,334.8,1.4,49.53,OK,C. Yildiz
74.6,804,2.89,2026-10-16T00:14:00.000,7,307.8,0.68,49.63,OK,A. Demir
81.7,1706,3.92,2026-10-16T00:20:00.000,10.76,422,1.07,49.73,OK,D. Sahin
76.3,1387,2.91,2026-10-16T00:24:00.000,8.64,357.9,1.42,49.78,OK,E. Aydin
76.6,1139,3.35,2026-10-16T00:26:00.000,6.95,345.2,1.12,49.82,OK,A. Demir
71.6,915,3.31,2026-10-16T00:32:00.000,6.87,330,0.72,49.9,OK,A. Demir
75.4,800,3.15,2026-10-16T00:40:00.000,6.45,330.7,0.8,49.95,OK,E. Aydin
71,829,3.29,2026-10-16T00:48:00.000,5.91,315.6,0.93,49.99,OK,E. Aydin
82.3,1071,3.1,2026-10-16T00:53:00.000,7.18,342.2,0.94,50.09,OK,A. Demir
80.6,848,3.7,2026-10-16T01:00:00.000,7.97,298.5,0.72,50.12,OK,C. Yildiz
78.8,,2.7,2026-10-16T01:02:00.000,6.44,348.2,2.02,50.21,OK,D. Sahin
80.6,1649,3.7,2026-10-16T01:06:00.000,9.78,380.7,1.04,50.27,OK,E. Aydin
75.7,800,2.84,2026-10-16T01:12:00.000,6.84,282.1,1.8,50.35,OK,C. Yildiz
77.5,800,2.94,2026-10-16T01:14:00.000,7.73,304.9,1.63,50.4,WARNING,C. Yildiz
76.3,800,3.32,2026-10-16T01:19:00.000,6.79,289.7,1.03,50.43,OK,A. Demir
73.9,978,3.7,2026-10-16T01:21:00.000,7.69,323.3,1.13,50.53,OK,D. Sahin
73.8,1089,3.54,2026-10-16T01:24:00.000,8.19,332,1.46,50.62,OK,A. Demir
73.7,809,3.24,2026-10-16T01:29:00.000,6.89,309,0.74,50.71,OK,E. Aydin
79.8,1320,3.65,2026-10-16T01:33:00.000,6.22,331.3,1.74,50.78,OK,B. Kaya
78.2,956,3.73,2026-10-16T01:37:00.000,6.73,330.4,1.01,50.89,OK,E. Aydin
75.8,917,3.47,2026-10-16T01:40:00.000,6.54,331.2,1.43,50.92,OK,D. Sahin
75.9,1064,2.84,2026-10-16T01:47:00.000,6.14,320.2,1.04,51.03,OK,A. Demir
81.8,1100,3.9,2026-10-16T01:50:00.000,7.87,356.2,1.43,51.11,OK,E. Aydin
81.3,800,,2026-10-16T01:53:00.000,6.01,332.7,1.24,51.18,OK,C. Yildiz
72,872,3.17,2026-10-16T02:01:00.000,5.8,307.8,0.94,51.28,OK,D. Sahin
81.9,1086,2.58,2026-10-16T02:09:00.000,7.3,343.8,1.53,51.36,OK,D. Sahin
78.3,889,3.42,2026-10-16T02:17:00.000,6.09,335.2,1.06,51.43,OK,E. Aydin
77.2,1507,3.59,2026-10-16T02:20:00.000,6.52,381.8,1.68,51.47,OK,D. Sahin
74.3,926,3.79,2026-10-16T02:28:00.000,5.33,306.1,0.93,51.5,OK,A. Demir
73.7,1400,,2026-10-16T02:34:00.000,9.06,373.3,0.92,51.58,OK,E. Aydin
74.6,1167,3.65,2026-10-16T02:40:00.000,7.01,329.2,1.05,51.61,OK,A. Demir
77.2,1221,3.49,2026-10-16T02:44:00.000,7.44,357.3,1.3,51.65,OK,E. Aydin
77.7,1592,3.26,2026-10-16T02:46:00.000,10.15,376.7,1.15,51.73,OK,A. Demir
75.2,1350,2.97,2026-10-16T02:49:00.000,9.42,350.8,1.43,51.84,OK,B. Kaya
73.2,800,3.08,2026-10-16T02:53:00.000,6.15,272,0.78,51.93,OK,C. Yildiz
69.9,1490,3.37,2026-10-16T02:56:00.000,9.03,354.1,1.38,51.98,OK,D. Sahin
80.3,1245,3.2,2026-10-16T03:04:00.000,6.6,337.9,1.89,52.06,OK,A. Demir
75.2,1011,3.25,2026-10-16T03:12:00.000,5.99,335.9,0.85,52.09,OK,B. Kaya
69.5,800,3.69,2026-10-16T03:19:00.000,6.5,295.8,1.08,52.21,OK,A. Demir
75,1017,3.45,2026-10-16T03:25:00.000,6.76,338.6,0.79,52.24,OK,C. Yildiz
74.7,1344,3.96,2026-10-16T03:33:00.000,7.45,351.4,1.93,52.3,OK,B. Kaya
80.4,1421,3.28,2026-10-16T03:39:00.000,8.64,377.8,1.05,52.36,OK,B. Kaya
78.6,1549,3.29,2026-10-16T03:44:00.000,10.09,376.1,1.83,52.44,OK,E. Aydin
72.6,1231,3.69,2026-10-16T03:52:00.000,7.37,340.8,1.83,52.48,OK,B. Kaya
76.1,1184,3.52,2026-10-16T03:57:00.000,7.77,343.1,0.94,52.52,OK,E. Aydin
74.4,1107,3.84,2026-10-16T04:05:00.000,7.72,317.5,0.85,52.56,OK,C. Yildiz
76.9,1570,,2026-10-16T04:11:00.000,11.13,385.4,1.02,52.66,OK,B. Kaya
76.3,1589,3.26,2026-10-16T04:17:00.000,10.33,364.6,1.2,52.73,OK,B. Kaya
78.1,1288,3.28,2026-10-16T04:19:00.000,7.31,370.1,1.81,52.83,OK,E. Aydin
77.3,1361,3.37,2026-10-16T04:27:00.000,8.24,347.5,1.27,52.88,OK,D. Sahin
76.9,1239,3.63,2026-10-16T04:30:00.000,6.95,347.3,1.32,53,OK,C. Yildiz
80.7,1683,3.99,2026-10-16T04:37:00.000,10.01,394.2,1.21,53.09,OK,E. Aydin
78.3,1388,3.41,2026-10-16T04:39:00.000,10.07,360.4,1.01,53.21,OK,B. Kaya
77.6,1454,3.49,2026-10-16T04:46:00.000,8.07,378.7,1.31,53.24,OK,B. Kaya
74.3,869,3.16,2026-10-16T04:50:00.000,4.75,313.9,1.07,53.34,OK,E. Aydin
80.4,1640,3.9,2026-10-16T04:58:00.000,9.72,382,1.3,53.36,OK,C. Yildiz
85.7,1847,3.19,2026-10-16T05:00:00.000,9.14,410.2,1.19,53.42,OK,B. Kaya
80,1619,4.23,2026-10-16T05:04:00.000,8.96,408.3,1.42,53.46,OK,D. Sahin
80.9,1890,4.32,2026-10-16T05:07:00.000,10.5,414.8,1.55,53.5,OK,A. Demir
81.7,2284,4.12,2026-10-16T05:09:00.000,11.82,438.6,1.47,53.55,OK,C. Yildiz
78.6,2095,3.9,2026-10-16T05:11:00.000,10.87,415.1,1.18,53.63,OK,A. Demir
77.4,1300,3.79,2026-10-16T05:15:00.000,8.05,379.3,1.14,53.72,OK,C. Yildiz
84.2,1703,4.02,2026-10-16T05:17:00.000,9.7,416.6,1.32,53.81,OK,E. Aydin
79.8,2097,4.25,2026-10-16T05:25:00.000,11.02,424.5,1.19,53.91,OK,C. Yildiz
77.1,1697,3.57,2026-10-16T05:32:00.000,9.27,391.9,1.53,53.95,OK,A. Demir
78.1,2067,4.08,2026-10-16T05:40:00.000,11.72,428.2,2.02,54.05,OK,D. Sahin
78,1554,3.93,2026-10-16T05:48:00.000,7.75,396.1,0.95,54.11,OK,A. Demir
83.6,1761,3.53,2026-10-16T05:54:00.000,9.74,387.7,1.44,54.18,OK,E. Aydin
77.5,1523,3.77,2026-10-16T06:00:00.000,7.23,385.5,1.08,54.2,OK,D. Sahin
81.7,1973,4.39,2026-10-16T06:06:00.000,10.06,440.6,2.21,54.22,OK,A. Demir
75.9,2371,4.55,2026-10-16T06:08:00.000,10.97,436.8,1.55,54.25,OK,A. Demir
84.1,1890,3.98,2026-10-16T06:16:00.000,10.19,403.9,1.11,54.34,OK,A. Demir
76.5,1878,4.05,2026-10-16T06:19:00.000,9.75,387.3,1.32,54.4,OK,B. Kaya
87.8,2809,4.15,2026-10-16T06:23:00.000,16.33,515.1,1.46,54.44,OK,A. Demir
84.5,2498,4.41,2026-10-16T06:29:00.000,12.7,489.1,1.66,54.52,OK,E. Aydin
80.7,2388,4.57,2026-10-16T06:35:00.000,11.73,448.5,1.84,54.6,OK,E. Aydin
86.8,2369,3.98,2026-10-16T06:37:00.000,12.43,440.9,1.34,54.67,OK,C. Yildiz
85.4,2822,4.79,2026-10-16T06:43:00.000,14.27,518.7,1.49,54.76,OK,C. Yildiz
83.6,3042,4.93,2026-10-16T06:50:00.000,14.48,519.3,1.64,54.87,OK,A. Demir
88.1,2407,4.35,2026-10-16T06:56:00.000,12.39,480.6,1.67,54.9,OK,A. Demir
82.8,2738,5.2,2026-10-16T07:02:00.000,15.24,487.1,1.82,54.92,OK,D. Sahin
83.5,3012,4.32,2026-10-16T07:07:00.000,13.56,507.8,1.7,55.02,OK,E. Aydin
78.3,2412,4.65,2026-10-16T07:14:00.000,10.06,459.1,1.36,55.11,OK,D. Sahin
82.8,2425,4.07,2026-10-16T07:18:00.000,10.39,457,1.98,55.17,OK,C. Yildiz
83.3,2201,4.47,2026-10-16T07:22:00.000,12.74,434.2,1.44,55.27,OK,E. Aydin
78.8,1879,3.61,2026-10-16T07:28:00.000,11.09,435.6,1.6,55.37,OK,E. Aydin
81.3,2242,4.18,2026-10-16T07:35:00.000,10.52,451.9,1.92,55.42,OK,B. Kaya
,2746,4.37,2026-10-16T07:38:00.000,14.51,500.3,1.81,55.48,OK,D. Sahin
83.6,2663,4.18,2026-10-16T07:45:00.000,11.51,510,1.91,55.54,OK,A. Demir
81,2741,4.44,2026-10-16T07:49:00.000,11.51,472.7,2.07,55.64,OK,A. Demir
82.9,2955,3.95,2026-10-16T07:51:00.000,13.29,504.9,1.55,55.68,OK,B. Kaya
84.3,2814,4.28,2026-10-16T07:58:00.000,13.62,519.4,1.74,55.78,OK,B. Kaya
82.1,2953,4.23,2026-10-16T08:05:00.000,15.25,514.2,2.48,55.8,OK,D. Sahin
83.8,3022,4.26,2026-10-16T08:12:00.000,14.08,524.9,2.18,55.91,OK,D. Sahin
83,2190,3.85,2026-10-16T08:15:00.000,10.65,468.7,1.4,56.03,OK,B. Kaya
85.9,2618,4.31,2026-10-16T08:22:00.000,11.18,468.8,1.73,56.09,OK,D. Sahin
81.6,2534,4.46,2026-10-16T08:25:00.000,13.4,480.7,1.47,56.2,OK,A. Demir
78,2635,3.89,2026-10-16T08:33:00.000,13.85,480.4,1.75,56.24,OK,E. Aydin
89.2,3278,4.75,2026-10-16T08:40:00.000,15.2,570.7,2.08,56.31,OK,A. Demir
87.6,2599,3.99,2026-10-16T08:47:00.000,12.88,500.6,1.39,56.34,OK,D. Sahin
85.9,,4.12,2026-10-16T08:52:00.000,14.3,512,2.44,56.4,OK,A. Demir
83.1,2734,4.64,2026-10-16T09:00:00.000,13.97,477.1,2.35,56.47,OK,B. Kaya
87,2906,4.27,2026-10-16T09:07:00.000,12.94,533.1,2.8,56.5,OK,C. Yildiz
87.2,3397,5.04,2026-10-16T09:13:00.000,15.98,564.7,1.96,56.59,OK,D. Sahin
87.7,3593,4.41,2026-10-16T09:21:00.000,14.88,565.7,1.87,56.63,OK,B. Kaya
85.1,2960,4.53,2026-10-16T09:29:00.000,12.58,496.1,1.78,56.74,OK,B. Kaya
87.2,3066,4.36,2026-10-16T09:36:00.000,14.7,541.1,1.64,56.8,OK,E. Aydin
88.6,3400,4.94,2026-10-16T09:43:00.000,15.99,553.1,1.79,56.91,OK,D. Sahin
91.8,3065,4.09,2026-10-16T09:48:00.000,14.08,531.6,1.72,57.02,OK,A. Demir
87.6,2892,4.17,2026-10-16T09:54:00.000,14.89,513.5,1.93,57.09,OK,A. Demir
88.5,3008,4,2026-10-16T10:01:00.000,12.68,495.1,1.63,57.19,OK,E. Aydin
88.1,3225,4.38,2026-10-16T10:09:00.000,13.69,546.9,1.71,57.3,OK,C. Yildiz
89.4,3012,4.63,2026-10-16T10:17:00.000,14.42,518.4,1.94,57.33,OK,E. Aydin
84.5,,4.02,2026-10-16T10:25:00.000,13.11,503.5,1.83,57.43,OK,D. Sahin
79.8,2807,4.02,2026-10-16T10:33:00.000,13.16,497.5,1.98,57.47,OK,D. Sahin
89.5,3310,5.35,2026-10-16T10:39:00.000,14.31,553.1,1.8,57.55,OK,D. Sahin
84,2969,4.53,2026-10-16T10:42:00.000,14.2,520.3,1.57,57.62,OK,E. Aydin
89.3,3457,3.82,2026-10-16T10:44:00.000,16.24,555.8,2.71,57.65,OK,B. Kaya
90.8,3553,4.32,2026-10-16T10:46:00.000,15.73,547.8,1.91,57.72,OK,B. Kaya
91,2824,4.06,2026-10-16T10:49:00.000,13.75,518.8,2.13,57.78,OK,B. Kaya
85.3,3555,5.02,2026-10-16T10:55:00.000,16.48,554.3,2.02,57.85,OK,A. Demir
84.9,3562,4.81,2026-10-16T10:58:00.000,16.48,597.8,1.86,57.94,OK,B. Kaya
85.9,2706,3.89,2026-10-16T11:01:00.000,14.64,502.1,1.75,58.06,OK,B. Kaya
85.4,3122,4.55,2026-10-16T11:04:00.000,15.85,512.7,1.84,58.08,OK,D. Sahin
88.6,2998,4.42,2026-10-16T11:08:00.000,13.73,534.5,1.93,58.11,OK,E. Aydin
85,3650,5.32,2026-10-16T11:13:00.000,16.69,609.2,1.89,58.21,OK,C. Yildiz
91.7,4039,5.42,2026-10-16T11:18:00.000,16.65,637.2,2,58.25,OK,D. Sahin
85.7,3599,5.23,2026-10-16T11:23:00.000,16.84,583.5,2.41,58.29,OK,A. Demir
88.8,3946,5.31,2026-10-16T11:26:00.000,16.35,599.5,2.36,58.35,OK,E. Aydin
87.4,3765,4.92,2026-10-16T11:30:00.000,16.2,598.3,2.82,58.46,OK,E. Aydin
88.9,3609,4.86,2026-10-16T11:36:00.000,15.38,565.7,1.88,58.58,OK,C. Yildiz
85.7,3000,4.52,2026-10-16T11:39:00.000,12.13,509.8,1.96,58.66,OK,E. Aydin
87.4,3674,4.9,2026-10-16T11:44:00.000,15.06,583.2,2.11,58.69,OK,A. Demir
88.2,3681,4.91,2026-10-16T11:46:00.000,16.84,584.7,1.96,58.8,OK,C. Yildiz
88.7,3916,4.94,2026-10-16T11:52:00.000,17.89,613.3,2.55,58.91,OK,E. Aydin
81.9,3368,4.72,2026-10-16T12:00:00.000,16.99,554.3,1.72,59.02,OK,C. Yildiz
91.6,3353,4.06,2026-10-16T12:03:00.000,14.97,549,1.82,59.05,OK,D. Sahin
87.1,3347,4.61,2026-10-16T12:05:00.000,13.62,543.5,2.78,59.15,OK,B. Kaya
84.3,3111,4.95,2026-10-16T12:11:00.000,13.78,518.9,1.67,59.2,OK,E. Aydin
85.4,3198,4.77,2026-10-16T12:14:00.000,15.24,537.5,1.72,59.3,OK,D. Sahin
84.7,2892,3.99,2026-10-16T12:21:00.000,14.75,519.6,1.57,59.32,OK,C. Yildiz
87,3518,4.38,2026-10-16T12:28:00.000,13.98,598.4,2.29,59.34,OK,B. Kaya
84.6,3286,4.59,2026-10-16T12:31:00.000,12.66,540.4,1.96,59.39,OK,A. Demir
83.4,2786,3.75,2026-10-16T12:35:00.000,13.48,515.5,1.79,59.44,OK,E. Aydin
88,3783,4.29,2026-10-16T12:42:00.000,18.95,580.5,1.88,59.48,OK,E. Aydin
85.5,3039,5.03,2026-10-16T12:44:00.000,13.7,479.7,1.64,59.58,OK,D. Sahin
87,3816,5.25,2026-10-16T12:52:00.000,16.36,611.6,2.08,59.67,OK,A. Demir
90,3890,5.31,2026-10-16T12:59:00.000,17.66,602.6,2.05,59.77,OK,E. Aydin
80.9,2816,4.54,2026-10-16T13:01:00.000,13.58,498.1,1.54,59.86,OK,B. Kaya
80.9,2702,4.24,2026-10-16T13:07:00.000,11.85,499.4,1.52,59.93,OK,E. Aydin
88,2994,4.35,2026-10-16T13:10:00.000,14.51,521.2,1.74,59.97,OK,A. Demir
85.7,3443,4.57,2026-10-16T13:16:00.000,14.76,564.9,2.72,60.03,OK,B. Kaya
83.2,2928,4.75,2026-10-16T13:21:00.000,14.9,494.5,1.55,60.07,OK,E. Aydin
83.6,3209,4.26,2026-10-16T13:23:00.000,14.03,544.1,2.87,60.12,OK,C. Yildiz
87.7,2936,4.39,2026-10-16T13:28:00.000,13.91,530.1,2.07,60.23,OK,D. Sahin
81.9,2904,4.32,2026-10-16T13:36:00.000,13.59,540.6,1.54,60.32,OK,B. Kaya
83.7,2978,4.17,2026-10-16T13:40:00.000,15.33,494.9,1.95,60.4,OK,A. Demir
86.6,3203,4.82,2026-10-16T13:48:00.000,15.33,537.8,2.66,60.46,OK,C. Yildiz
87.2,3862,4.45,2026-10-16T13:54:00.000,16.68,628.2,2.73,60.52,OK,E. Aydin
85,3257,4.59,2026-10-16T14:02:00.000,15.22,556.1,1.77,60.61,OK,D. Sahin
85.2,3046,5.03,2026-10-16T14:10:00.000,13.44,509.7,2.27,60.69,OK,A. Demir
84,,4.78,2026-10-16T14:18:00.000,13.37,505.8,1.96,60.75,OK,C. Yildiz
84.2,3075,4.37,2026-10-16T14:26:00.000,15.1,547.7,3.06,60.78,WARNING,E. Aydin
86.2,3448,4.83,2026-10-16T14:29:00.000,14.78,575.3,1.72,60.81,OK,A. Demir
87.7,3338,4.6,2026-10-16T14:37:00.000,15.64,532.6,2,60.9,OK,A. Demir
84.3,2847,4.14,2026-10-16T14:39:00.000,14.39,491,2.24,60.94,OK,C. Yildiz
84.9,2848,4.62,2026-10-16T14:46:00.000,13.17,537.1,1.52,60.98,OK,D. Sahin
82.4,3086,4.82,2026-10-16T14:53:00.000,14.48,511.3,1.9,61.07,OK,A. Demir
88.3,3312,5.04,2026-10-16T15:01:00.000,15.18,550.8,2.21,61.17,OK,C. Yildiz
86.4,3340,4.59,2026-10-16T15:09:00.000,14.83,559.6,1.91,61.24,OK,E. Aydin
86.4,2848,3.86,2026-10-16T15:16:00.000,12.98,499.5,1.47,61.27,OK,A. Demir
79.8,2598,4.56,2026-10-16T15:21:00.000,13.65,484.1,1.82,61.32,OK,D. Sahin
86.5,3293,4.32,2026-10-16T15:23:00.000,14.75,529.9,1.98,61.41,OK,E. Aydin
84.5,3397,4.43,2026-10-16T15:26:00.000,14.53,560.6,2.02,61.49,OK,B. Kaya
81.1,2662,4.22,2026-10-16T15:34:00.000,13.19,482.2,2.09,61.58,OK,B. Kaya
80.9,2064,4.24,2026-10-16T15:42:00.000,10.88,464.9,1.5,61.64,OK,B. Kaya
84.4,2554,4.37,2026-10-16T15:44:00.000,13.2,468.9,1.41,61.75,OK,A. Demir
81.7,2690,4.69,2026-10-16T15:49:00.000,11.57,471,1.92,61.79,OK,B. Kaya
84.2,3183,4.74,2026-10-16T15:56:00.000,15.17,552.5,2.01,61.89,OK,E. Aydin
,3039,4.51,2026-10-16T15:59:00.000,12.05,517.5,2.38,61.93,OK,D. Sahin
87,2415,3.62,2026-10-16T16:06:00.000,12.97,473.1,1.51,61.96,OK,C. Yildiz
87.6,3621,4.96,2026-10-16T16:11:00.000,17.64,562,1.98,62.06,OK,A. Demir
84.3,3189,4.75,2026-10-16T16:18:00.000,12.61,540.6,1.67,62.15,OK,A. Demir
81.9,2381,4.76,2026-10-16T16:23:00.000,13.29,473.3,1.41,62.22,OK,A. Demir
83.7,2332,3.96,2026-10-16T16:25:00.000,11.67,446,1.6,62.29,OK,D. Sahin
86.1,3091,4.57,2026-10-16T16:33:00.000,14.14,522.2,2.14,62.37,OK,A. Demir
81.2,2016,4.12,2026-10-16T16:38:00.000,10.16,418.1,1.45,62.44,OK,B. Kaya
82.3,2262,4.26,2026-10-16T16:46:00.000,10.23,437.1,1.37,62.55,OK,D. Sahin
82.2,2301,4.81,2026-10-16T16:52:00.000,11.74,457.4,1.51,62.64,WARNING,E. Aydin
83.3,2546,3.56,2026-10-16T17:00:00.000,11.61,489.6,1.44,62.72,OK,E. Aydin
76.2,2302,4.43,2026-10-16T17:03:00.000,11.53,413.5,1.77,62.75,OK,E. Aydin
85.3,2300,3.86,2026-10-16T17:06:00.000,11.9,449.9,1.62,62.81,OK,C. Yildiz
84.7,2075,4.02,2026-10-16T17:08:00.000,11.59,429.1,2.07,62.93,OK,C. Yildiz
79.3,,4.94,2026-10-16T17:14:00.000,13.42,490.7,2.13,63.05,OK,E. Aydin
82.9,2706,4.16,2026-10-16T17:16:00.000,12.53,497.5,2.22,63.12,OK,D. Sahin
85.8,,3.88,2026-10-16T17:21:00.000,12.96,490.8,1.58,63.24,OK,A. Demir
83,2331,4.09,2026-10-16T17:23:00.000,11.01,449,1.45,63.33,OK,A. Demir
81.6,1888,3.6,2026-10-16T17:29:00.000,9.12,408.3,1.21,63.44,OK,C. Yildiz
80.1,2137,4.36,2026-10-16T17:35:00.000,12.5,440.2,2.2,63.53,OK,C. Yildiz
79.7,2301,3.48,2026-10-16T17:42:00.000,11.87,475.4,1.76,63.57,OK,D. Sahin
78,2093,4.11,2026-10-16T17:50:00.000,10.95,435.2,1.21,63.62,OK,B. Kaya
80.3,2571,4.86,2026-10-16T17:57:00.000,13.38,485.6,1.78,63.74,OK,E. Aydin
82.2,2340,3.86,2026-10-16T18:04:00.000,12.62,474.9,1.55,63.86,OK,A. Demir
82.3,2009,3.89,2026-10-16T18:10:00.000,10.95,448.7,1.92,63.94,OK,A. Demir
78.9,1553,3.73,2026-10-16T18:12:00.000,9.79,388.3,1.19,63.96,OK,C. Yildiz
84.5,1947,4.44,2026-10-16T18:18:00.000,10.8,409.1,1.15,64.05,OK,C. Yildiz
82.5,2650,4.27,2026-10-16T18:22:00.000,12.44,456.6,2.15,64.1,OK,E. Aydin
82.8,,3.76,2026-10-16T18:28:00.000,11.68,458.6,1.73,64.16,OK,D. Sahin
84.1,2148,3.84,2026-10-16T18:30:00.000,8.64,447.8,1.35,64.26,OK,B. Kaya
82.4,1458,3.66,2026-10-16T18:37:00.000,9.55,386.5,1.26,64.29,OK,D. Sahin
84,2232,4.02,2026-10-16T18:43:00.000,10.72,460.8,1.58,64.36,OK,B. Kaya
77.5,1999,4.38,2026-10-16T18:46:00.000,10.91,417.7,1.14,64.45,OK,E. Aydin
76.9,1550,3.69,2026-10-16T18:51:00.000,7.82,368,1.14,64.56,OK,C. Yildiz
81.6,1694,4.01,2026-10-16T18:58:00.000,10.87,391.3,1.72,64.63,OK,B. Kaya
82.9,1661,3.75,2026-10-16T19:02:00.000,8.19,381.8,1.19,64.66,OK,D. Sahin
81.4,2140,3.71,2026-10-16T19:10:00.000,9.59,416.1,1.79,64.69,OK,E. Aydin
80.7,2296,4.7,2026-10-16T19:12:00.000,10.78,464.8,1.42,64.81,OK,D. Sahin
81.6,1645,4.07,2026-10-16T19:19:00.000,9.99,398.6,1.05,64.92,OK,A. Demir
76,2071,3.83,2026-10-16T19:24:00.000,10.64,401.3,1.88,64.96,OK,D. Sahin
80.3,1345,3.68,2026-10-16T19:27:00.000,9.43,373,1.02,65.07,OK,B. Kaya
75.6,1566,3.44,2026-10-16T19:32:00.000,8.99,383.4,1.07,65.15,OK,C. Yildiz
80.7,1317,3.06,2026-10-16T19:37:00.000,9.01,373.6,1.12,65.26,OK,A. Demir
81.7,1782,4.08,2026-10-16T19:44:00.000,10.08,384.1,1.94,65.31,OK,B. Kaya
71.3,,3.78,2026-10-16T19:51:00.000,7.56,328.1,0.97,65.42,OK,B. Kaya
82.3,1707,3.75,2026-10-16T19:54:00.000,8.41,385.3,1.05,65.45,OK,A. Demir
76.1,1514,3.69,2026-10-16T20:01:00.000,8.85,361.9,1.53,65.54,OK,D. Sahin
73.9,1337,3.15,2026-10-16T20:08:00.000,6.44,357.4,1.16,65.58,OK,A. Demir
76.5,1536,4.26,2026-10-16T20:11:00.000,9.03,378.6,1.31,65.7,OK,A. Demir
76.6,1319,3.25,2026-10-16T20:17:00.000,8.32,367.8,1.55,65.78,OK,C. Yildiz
80.7,2200,4.49,2026-10-16T20:19:00.000,9.12,457.6,1.39,65.86,OK,E. Aydin
74.6,869,4.01,2026-10-16T20:25:00.000,9.33,309.9,0.84,65.91,OK,B. Kaya
78.2,1573,,2026-10-16T20:29:00.000,8.29,400.8,1.5,65.94,OK,D. Sahin
77.4,1768,3.8,2026-10-16T20:37:00.000,7.71,396.2,2.05,65.98,OK,D. Sahin
82.8,1407,3.51,2026-10-16T20:42:00.000,8.1,420.4,1.92,66.01,OK,D. Sahin
72.9,956,3.47,2026-10-16T20:45:00.000,5.59,282.2,1,66.1,OK,D. Sahin
85,1840,3.65,2026-10-16T20:47:00.000,9.74,425.4,1.21,66.19,OK,D. Sahin
77.7,800,3.25,2026-10-16T20:52:00.000,8.58,331,0.88,66.31,OK,D. Sahin
77.4,1231,3.42,2026-10-16T21:00:00.000,7.73,384,1.09,66.37,OK,C. Yildiz
80.3,1032,3.47,2026-10-16T21:05:00.000,6.85,333.1,0.78,66.44,OK,C. Yildiz
79.8,2150,3.66,2026-10-16T21:07:00.000,10.24,431.8,1.53,66.52,OK,A. Demir
76.4,921,3.57,2026-10-16T21:12:00.000,7.69,294.2,1.25,66.55,OK,E. Aydin
71.2,800,3.29,2026-10-16T21:19:00.000,6.54,299.8,2.18,66.61,OK,C. Yildiz
77.6,818,3.44,2026-10-16T21:22:00.000,7.04,289.7,1.04,66.66,OK,A. Demir
77.9,1413,3.41,2026-10-16T21:25:00.000,8.03,361.2,1.45,66.76,OK,C. Yildiz
80.4,1896,4.18,2026-10-16T21:30:00.000,12.03,401.3,1.09,66.83,OK,E. Aydin
75.4,870,3.21,2026-10-16T21:36:00.000,6.37,291.8,1.17,66.87,OK,E. Aydin
82.3,903,3.19,2026-10-16T21:38:00.000,7.67,322.8,0.96,66.93,OK,E. Aydin
77.4,982,2.62,2026-10-16T21:41:00.000,8,319.5,1.02,66.96,OK,B. Kaya
76.9,1402,3.76,2026-10-16T21:49:00.000,10.37,373.1,1.66,67.05,OK,B. Kaya
74.3,862,3.99,2026-10-16T21:55:00.000,7.36,279.5,0.7,67.08,OK,E. Aydin
77.8,1196,3.52,2026-10-16T21:59:00.000,6.84,353.9,1.43,67.19,OK,A. Demir
75.7,857,3.2,2026-10-16T22:05:00.000,5.88,302.3,0.94,67.25,OK,D. Sahin
74.6,934,3,2026-10-16T22:11:00.000,7.39,329.9,0.97,67.36,OK,D. Sahin
72.9,837,3.47,2026-10-16T22:13:00.000,5.9,295.2,0.75,67.47,OK,D. Sahin
70.4,1181,3.39,2026-10-16T22:21:00.000,6.9,335.6,1.19,67.55,OK,E. Aydin
77.3,842,3.12,2026-10-16T22:27:00.000,6.31,304.3,1.25,67.59,OK,B. Kaya
79.7,1647,4.17,2026-10-16T22:30:00.000,9.57,373.8,1.19,67.66,OK,B. Kaya
72.5,800,3.29,2026-10-16T22:32:00.000,5.79,288.5,1.81,67.72,OK,E. Aydin
79.4,1211,3.6,2026-10-16T22:38:00.000,6.74,368.8,1.57,67.75,OK,D. Sahin
76.5,1235,3.09,2026-10-16T22:46:00.000,7.51,341.8,0.87,67.86,OK,A. Demir
79.5,992,3.35,2026-10-16T22:52:00.000,7.13,337.5,1.54,67.95,OK,B. Kaya
78.9,800,,2026-10-16T22:59:00.000,6.37,317.5,1.18,67.98,OK,C. Yildiz
73.3,940,3.05,2026-10-16T23:06:00.000,6.34,328.5,0.95,68.04,OK,B. Kaya
73.6,800,3.33,2026-10-16T23:10:00.000,5.6,287.5,0.82,68.11,OK,E. Aydin
74.6,915,3.68,2026-10-16T23:14:00.000,5.96,324.2,0.74,68.18,OK,A. Demir
78.4,939,3.3,2026-10-16T23:16:00.000,7.06,324.1,0.7,68.23,OK,B. Kaya
74.2,1502,3.43,2026-10-16T23:18:00.000,8.48,339.6,1.51,68.26,OK,E. Aydin
78.4,1299,3.69,2026-10-16T23:24:00.000,8.55,333.8,0.86,68.32,OK,C. Yildiz
76.4,835,2.81,2026-10-16T23:30:00.000,5.39,330.3,1.42,68.38,OK,D. Sahin
76.9,1025,3.56,2026-10-16T23:33:00.000,7.04,327.3,0.74,68.43,OK,D. Sahin
70,1219,,2026-10-16T23:39:00.000,8.69,349.2,1.19,68.49,OK,C. Yildiz
84.2,1370,3.76,2026-10-16T23:46:00.000,7.87,369.3,0.95,68.59,OK,C. Yildiz
76.2,1297,3.14,2026-10-16T23:50:00.000,7.28,337.4,1.16,68.62,OK,C. Yildiz
76.8,1582,3.13,2026-10-16T23:58:00.000,8.62,366.7,1.61,68.72,OK,E. Aydin
75.4,800,2.9,2026-10-17T00:05:00.000,6.35,317.5,1.12,68.82,OK,E. Aydin
78.4,800,2.86,2026-10-17T00:11:00.000,7.9,296,0.7,68.93,OK,C. Yildiz
77.7,800,2.87,2026-10-17T00:18:00.000,6.19,293,1.27,69.01,OK,A. Demir
74.4,1417,4.37,2026-10-17T00:20:00.000,9.09,343,0.93,69.06,OK,A. Demir
79.4,800,2.79,2026-10-17T00:26:00.000,6.03,302,0.97,69.14,OK,D. Sahin
72.1,865,3.34,2026-10-17T00:28:00.000,7.89,311.8,1.24,69.19,OK,B. Kaya
71.6,1040,3.4,2026-10-17T00:36:00.000,7.44,341.9,0.89,69.27,OK,C. Yildiz
78.3,1815,3.91,2026-10-17T00:38:00.000,10.53,374.6,1.8,69.36,OK,B. Kaya
72.5,1196,3.55,2026-10-17T00:46:00.000,7.46,315.4,0.87,69.48,OK,A. Demir
79.8,1434,3.16,2026-10-17T00:51:00.000,9.7,347.8,1.47,69.59,OK,A. Demir
78.6,800,3.69,2026-10-17T00:55:00.000,8.32,332.8,0.92,69.67,OK,C. Yildiz
79.1,1803,4.09,2026-10-17T00:57:00.000,10.39,386.9,2.03,69.75,OK,C. Yildiz
78.8,800,3.55,2026-10-17T01:01:00.000,5.93,309.5,1.52,69.8,OK,B. Kaya
70,924,3.7,2026-10-17T01:07:00.000,7.63,315.6,1.18,69.85,OK,B. Kaya
77.3,1009,3.6,2026-10-17T01:12:00.000,7.91,330.1,0.99,69.89,OK,A. Demir
78.3,1480,4.15,2026-10-17T01:16:00.000,7.96,363,1.1,69.92,OK,C. Yildiz
74.4,1425,3.4,2026-10-17T01:23:00.000,9.33,363.5,0.95,69.96,OK,A. Demir
74.5,1223,3.54,2026-10-17T01:29:00.000,8.52,376.4,1.8,70.04,OK,A. Demir
78.3,1157,3.62,2026-10-17T01:31:00.000,8.59,352.9,1.04,70.07,OK,D. Sahin
81,,3.22,2026-10-17T01:37:00.000,8.15,336,1.2,70.09,OK,C. Yildiz
77.8,1674,3.81,2026-10-17T01:43:00.000,9.88,388.1,1.23,70.14,OK,C. Yildiz
84,1597,2.86,2026-10-17T01:48:00.000,7.27,391.5,1.94,70.17,OK,B. Kaya
77.7,1308,3.85,2026-10-17T01:56:00.000,8.26,368,1.34,70.22,OK,C. Yildiz
79.1,1861,4.01,2026-10-17T02:04:00.000,9.15,405.2,1.07,70.3,OK,C. Yildiz
,1018,3.6,2026-10-17T02:06:00.000,7.08,339.2,1.14,70.34,OK,D. Sahin
79.1,1520,3.85,2026-10-17T02:10:00.000,8.63,386,1.31,70.42,OK,E. Aydin
76.4,1480,3.77,2026-10-17T02:12:00.000,10.35,367.4,1.2,70.5,OK,A. Demir
73.7,1524,3.18,2026-10-17T02:19:00.000,7.82,387.7,1.26,70.55,OK,C. Yildiz
82.8,2084,3.95,2026-10-17T02:25:00.000,9.72,428.3,1.88,70.62,OK,E. Aydin
84.4,2002,3.25,2026-10-17T02:30:00.000,8.92,421.7,1.53,70.64,OK,C. Yildiz
72.2,937,3.07,2026-10-17T02:32:00.000,6.58,317.1,0.81,70.74,OK,D. Sahin
82.5,2132,4.3,2026-10-17T02:40:00.000,10.48,434.9,1.76,70.84,OK,A. Demir
77.3,977,3.78,2026-10-17T02:43:00.000,7.76,316.2,0.88,70.9,OK,B. Kaya
80.3,1971,4.01,2026-10-17T02:45:00.000,10.58,378,1.25,70.92,OK,D. Sahin
80.6,1775,3.82,2026-10-17T02:52:00.000,8.11,409.2,1.36,70.96,OK,B. Kaya
81.2,1622,3.92,2026-10-17T02:57:00.000,9.19,379.1,1.22,71.05,OK,E. Aydin
82.2,1816,3.69,2026-10-17T03:03:00.000,8.4,381.1,1.08,71.13,OK,C. Yildiz
84.4,2056,4.19,2026-10-17T03:08:00.000,9.85,428.2,1.56,71.19,OK,D. Sahin
78.8,1235,3.24,2026-10-17T03:10:00.000,6.52,380.9,1.08,71.25,OK,B. Kaya
85,2113,3.91,2026-10-17T03:17:00.000,10.57,441.5,1.57,71.31,OK,A. Demir
81.2,1995,3.82,2026-10-17T03:25:00.000,11.07,440.5,1.58,71.42,OK,B. Kaya
72.9,1514,3.53,2026-10-17T03:27:00.000,9.63,369.2,1.2,71.44,OK,C. Yildiz
79.2,2161,3.99,2026-10-17T03:32:00.000,12.36,455.7,1.47,71.53,OK,D. Sahin
82.9,1611,3.7,2026-10-17T03:38:00.000,9.61,399.8,0.99,71.65,OK,C. Yildiz
85.7,1873,3.93,2026-10-17T03:40:00.000,9.64,406.5,1.94,71.75,OK,E. Aydin
76.5,1725,3.74,2026-10-17T03:48:00.000,10.88,397.8,1.2,71.79,OK,C. Yildiz
77.2,2110,4.55,2026-10-17T03:56:00.000,10.74,439.7,1.36,71.83,OK,E. Aydin
83.2,2349,3.95,2026-10-17T04:00:00.000,12.53,470.8,1.82,71.88,OK,A. Demir
76,1778,3.41,2026-10-17T04:04:00.000,10.9,371.1,1.89,71.92,OK,B. Kaya
75.1,1707,3.32,2026-10-17T04:06:00.000,8.98,371.3,1.34,71.99,OK,D. Sahin
81.3,2150,,2026-10-17T04:12:00.000,11.92,425.2,1.86,72.06,OK,A. Demir
80.8,2202,3.82,2026-10-17T04:17:00.000,11.9,458.8,1.75,72.13,OK,B. Kaya
79.5,1999,3.51,2026-10-17T04:22:00.000,10.9,426.4,1.86,72.15,OK,B. Kaya
81.3,1767,2.99,2026-10-17T04:27:00.000,11.59,399.1,2.06,72.19,OK,E. Aydin
77.8,2436,4.49,2026-10-17T04:32:00.000,11.85,443.9,1.31,72.22,OK,B. Kaya
80.8,2088,4.35,2026-10-17T04:39:00.000,9.85,440.9,1.92,72.28,OK,E. Aydin
82.9,2177,3.76,2026-10-17T04:41:00.000,11.14,424.3,1.88,72.3,OK,A. Demir
84.2,3022,3.99,2026-10-17T04:43:00.000,14,534.3,2.31,72.39,OK,C. Yildiz
87.1,2129,3.17,2026-10-17T04:50:00.000,11.44,454.2,1.82,72.42,OK,A. Demir
85.2,2817,4.61,2026-10-17T04:56:00.000,12.28,502.5,1.92,72.53,OK,E. Aydin
84,2855,4.05,2026-10-17T05:04:00.000,14.57,526.6,1.73,72.56,OK,E. Aydin
85.7,2444,4.81,2026-10-17T05:11:00.000,11.54,447,1.41,72.61,OK,B. Kaya
83.7,2580,3.89,2026-10-17T05:17:00.000,12.53,474.3,1.61,72.68,OK,A. Demir
81.7,2624,4.58,2026-10-17T05:20:00.000,11.61,484.5,1.43,72.8,OK,A. Demir
84,2646,,2026-10-17T05:23:00.000,13.73,474.6,2.34,72.89,OK,C. Yildiz
80.7,2423,4.29,2026-10-17T05:26:00.000,11.5,483.1,1.68,72.93,OK,C. Yildiz
90.7,3118,3.39,2026-10-17T05:31:00.000,13.91,565.5,1.99,73.04,OK,B. Kaya
87.5,2383,3.99,2026-10-17T05:39:00.000,12.37,465.3,1.42,73.08,OK,A. Demir
92.6,3627,5.08,2026-10-17T05:47:00.000,15.48,618,2.26,73.18,OK,C. Yildiz
81.1,2273,3.14,2026-10-17T05:49:00.000,11.57,432.9,2.04,73.3,OK,D. Sahin
81.6,2759,4.6,2026-10-17T05:56:00.000,12.34,498.6,2.77,73.41,OK,B. Kaya
80,2499,3.95,2026-10-17T05:58:00.000,11.75,451.6,1.61,73.51,OK,A. Demir
86,3192,4.73,2026-10-17T06:04:00.000,14.61,549.2,2.04,73.55,OK,A. Demir
84.1,2083,4.05,2026-10-17T06:07:00.000,10.27,443.9,1.7,73.61,OK,C. Yildiz
84.6,2747,4.49,2026-10-17T06:09:00.000,13.16,494.5,1.97,73.63,OK,D. Sahin
85.4,3526,5.08,2026-10-17T06:14:00.000,15.99,595.9,2.48,73.7,OK,B. Kaya
77.8,2432,4.54,2026-10-17T06:16:00.000,11.23,459.8,1.45,73.75,OK,C. Yildiz
88.6,3062,5.07,2026-10-17T06:24:00.000,14.33,529.7,1.85,73.86,OK,D. Sahin
83.6,2927,4.34,2026-10-17T06:26:00.000,13.22,481.8,1.86,73.92,OK,C. Yildiz
88.9,2854,4.11,2026-10-17T06:29:00.000,13.98,518.7,1.88,74.03,OK,C. Yildiz
78.6,2895,3.53,2026-10-17T06:37:00.000,14.12,484.7,1.55,74.11,OK,B. Kaya
82,2671,4.32,2026-10-17T06:45:00.000,14.38,507.6,1.58,74.15,OK,D. Sahin
87.8,3016,4.63,2026-10-17T06:48:00.000,14.34,538.1,1.91,74.17,OK,C. Yildiz
92.5,2913,4.72,2026-10-17T06:56:00.000,13.7,521,1.59,74.22,OK,C. Yildiz
86.4,3449,4.92,2026-10-17T07:02:00.000,14.13,548,2.34,74.27,OK,A. Demir
80.2,2869,4.54,2026-10-17T07:08:00.000,15.53,510.4,2.06,74.36,OK,E. Aydin
83,2683,4.19,2026-10-17T07:14:00.000,13.65,487.5,1.97,74.47,OK,C. Yildiz
84.6,3712,4.74,2026-10-17T07:19:00.000,16.41,571.6,2.16,74.58,OK,D. Sahin
86.2,2885,3.88,2026-10-17T07:21:00.000,13.46,523.7,1.75,74.68,OK,A. Demir
90.3,3762,4.58,2026-10-17T07:27:00.000,16.31,571,1.97,74.74,OK,D. Sahin
84.7,3212,3.89,2026-10-17T07:30:00.000,15.63,559,2.12,74.8,OK,B. Kaya
85.1,3713,4.94,2026-10-17T07:37:00.000,17.07,580,2.36,74.83,OK,A. Demir
90.7,3330,4.85,2026-10-17T07:42:00.000,13.69,558.8,1.91,74.94,OK,E. Aydin
81.2,2490,3.94,2026-10-17T07:46:00.000,11.65,470.5,1.82,75.03,OK,A. Demir
84,2613,4.56,2026-10-17T07:53:00.000,12.53,484.8,1.94,75.14,OK,D. Sahin
85.6,3089,4.73,2026-10-17T07:56:00.000,14.37,517.3,1.61,75.2,OK,C. Yildiz
85.5,3089,4.14,2026-10-17T07:58:00.000,14.06,522.7,1.72,75.31,OK,B. Kaya
81.1,3175,5.14,2026-10-17T08:03:00.000,16.86,525.7,2.16,75.41,OK,B. Kaya
82.6,2839,4.31,2026-10-17T08:10:00.000,13.26,475.3,1.74,75.49,OK,E. Aydin
87.1,2814,4.23,2026-10-17T08:12:00.000,13.31,489.9,1.73,75.55,OK,E. Aydin
81.1,2610,4.34,2026-10-17T08:15:00.000,11.67,476.1,1.73,75.58,OK,C. Yildiz
88.7,3502,5.29,2026-10-17T08:20:00.000,17.35,581.1,1.78,75.68,OK,C. Yildiz
87.4,3248,4.71,2026-10-17T08:22:00.000,13.7,538.3,2.58,75.72,OK,E. Aydin
89.5,3493,4.63,2026-10-17T08:25:00.000,17.33,540.3,2.07,75.78,OK,A. Demir
83.5,2901,4.65,2026-10-17T08:28:00.000,14.72,538.5,1.82,75.81,OK,D. Sahin
89.2,4032,5.02,2026-10-17T08:34:00.000,15.55,625.3,2.92,75.91,OK,C. Yildiz
83.3,3051,4.48,2026-10-17T08:36:00.000,14.07,497.3,2.34,75.98,OK,D. Sahin
84.9,3395,,2026-10-17T08:39:00.000,15.23,560.4,2.16,76.03,OK,C. Yildiz
85.3,3371,5.38,2026-10-17T08:42:00.000,13.86,552.8,2.17,76.09,OK,E. Aydin
85.8,3069,4.49,2026-10-17T08:50:00.000,15.05,542.2,1.65,76.15,OK,A. Demir
87.6,3828,5.31,2026-10-17T08:55:00.000,16.89,578.7,2.13,76.24,OK,B. Kaya
88.4,3780,5.15,2026-10-17T08:57:00.000,15.65,584.2,2.85,76.35,OK,D. Sahin
88.5,3049,4.45,2026-10-17T09:00:00.000,14.91,511.8,1.73,76.45,OK,B. Kaya
90.2,3901,5.54,2026-10-17T09:03:00.000,16.6,602.8,2.39,76.55,OK,A. Demir
91.7,3365,,2026-10-17T09:10:00.000,14.04,559.6,1.7,76.59,OK,C. Yildiz
85.7,3347,4.98,2026-10-17T09:17:00.000,15.01,531.7,2.31,76.62,OK,A. Demir
87.8,3505,4.22,2026-10-17T09:28:00.000,15.61,572.8,2.15,76.81,OK,B. Kaya
87.3,3329,4.96,2026-10-17T09:36:00.000,14,561.5,1.88,76.92,OK,C. Yildiz
84.2,3143,4.39,2026-10-17T09:39:00.000,14.24,570,1.8,76.97,OK,D. Sahin
83.5,2796,3.73,2026-10-17T09:44:00.000,13.48,496.3,1.74,77.05,OK,C. Yildiz
89.3,3234,5.2,2026-10-17T09:50:00.000,15.22,555.6,2.07,77.16,OK,D. Sahin
83.5,3316,4.37,2026-10-17T09:57:00.000,15.11,530.6,1.79,77.26,OK,B. Kaya
86.9,4170,5.24,2026-10-17T10:00:00.000,19.47,629.1,2.31,77.31,OK,E. Aydin
86.4,3797,4.53,2026-10-17T10:06:00.000,15.75,613.4,2.19,77.37,OK,E. Aydin
85.3,3251,,2026-10-17T10:08:00.000,15.23,522.6,1.63,77.45,OK,E. Aydin
94.3,3347,4.55,2026-10-17T10:13:00.000,15.96,577.1,1.94,77.57,OK,A. Demir
84.9,2995,5.01,2026-10-17T10:16:00.000,13.32,503.7,1.58,77.65,OK,B. Kaya
88.2,3474,5.3,2026-10-17T10:23:00.000,15.36,555.9,3.04,77.7,WARNING,E. Aydin
81.3,3140,5.14,2026-10-17T10:29:00.000,13.87,539.9,1.77,77.8,OK,E. Aydin
85.5,3287,4.18,2026-10-17T10:34:00.000,14.1,558.1,2.49,77.89,OK,A. Demir
85.6,3111,4.98,2026-10-17T10:37:00.000,15.48,535.7,1.67,77.94,OK,D. Sahin
83.8,2980,4.88,2026-10-17T10:42:00.000,15.21,513.8,1.7,78.05,OK,A. Demir
87.8,3115,4.83,2026-10-17T10:48:00.000,13.72,513.4,1.84,78.12,OK,C. Yildiz
90.9,3450,4.35,2026-10-17T10:56:00.000,15.27,565,2.19,78.15,OK,B. Kaya
92.2,3745,4.17,2026-10-17T11:01:00.000,16.67,590,2.3,78.26,OK,D. Sahin
79.6,2477,4.43,2026-10-17T11:05:00.000,12.62,475.3,1.51,78.31,OK,A. Demir
86.1,3993,4.92,2026-10-17T11:07:00.000,17.42,617,2.17,78.38,OK,E. Aydin
82.9,2749,4.09,2026-10-17T11:14:00.000,11.83,490.4,1.88,78.48,OK,D. Sahin
82.8,2883,4.73,2026-10-17T11:21:00.000,12.73,512.8,2.05,78.51,OK,C. Yildiz
90.6,3707,4.7,2026-10-17T11:27:00.000,16.3,593,2.38,78.55,OK,E. Aydin
82.3,2644,4.07,2026-10-17T11:29:00.000,14.09,474.6,2.03,78.67,OK,C. Yildiz
78.6,2840,4.48,2026-10-17T11:34:00.000,12.24,471.2,1.66,78.75,OK,B. Kaya
,2664,4.71,2026-10-17T11:42:00.000,12.2,466.9,1.7,78.8,OK,D. Sahin
87.1,2731,3.69,2026-10-17T11:46:00.000,12.59,496.8,1.66,78.86,OK,A. Demir
83.6,3350,4.68,2026-10-17T11:52:00.000,15.71,540.5,1.74,78.96,OK,C. Yildiz
81.3,2963,4.13,2026-10-17T11:57:00.000,13.91,530.7,1.98,79.02,OK,D. Sahin
85.7,2766,4.03,2026-10-17T12:02:00.000,11.93,501.6,1.79,79.06,OK,C. Yildiz
85.3,3131,4.13,2026-10-17T12:06:00.000,14.49,539.6,2.42,79.17,OK,D. Sahin
86.6,3388,4.75,2026-10-17T12:11:00.000,14.11,537.5,1.81,79.23,OK,B. Kaya
87.1,3105,4.71,2026-10-17T12:17:00.000,14.66,529.7,1.69,79.3,OK,C. Yildiz
83.7,2926,4.4,2026-10-17T12:23:00.000,14.39,521.4,1.84,79.4,OK,D. Sahin
92.6,3848,5.67,2026-10-17T12:28:00.000,15.73,590.1,2.24,79.45,OK,C. Yildiz
89,3221,5.02,2026-10-17T12:33:00.000,14.38,547.5,1.79,79.48,OK,D. Sahin
84.1,3425,5.36,2026-10-17T12:35:00.000,15.85,544.9,1.98,79.53,OK,A. Demir
86.8,2620,4.43,2026-10-17T12:38:00.000,10.87,474.6,1.81,79.57,OK,D. Sahin
87.5,3087,4.48,2026-10-17T12:43:00.000,15,544.4,1.66,79.65,OK,A. Demir
85.9,3152,5.57,2026-10-17T12:46:00.000,15.08,529,1.72,79.74,OK,B. Kaya
84.5,2773,4.38,2026-10-17T12:54:00.000,13.54,495.5,1.49,79.77,OK,A. Demir
86.8,3127,3.57,2026-10-17T12:56:00.000,14.41,522.1,2.19,79.82,OK,D. Sahin
86.8,3142,4.9,2026-10-17T12:58:00.000,14.11,544.5,2.15,79.87,OK,C. Yildiz
85.9,2846,3.87,2026-10-17T13:01:00.000,14.46,491,1.98,79.93,OK,E. Aydin
85,2707,4.57,2026-10-17T13:08:00.000,12.75,488.3,1.43,80.02,OK,A. Demir
79,2190,3.98,2026-10-17T13:14:00.000,11.17,437.6,2.28,80.04,OK,B. Kaya
78.6,2372,4.2,2026-10-17T13:17:00.000,9.87,441.2,1.72,80.14,OK,D. Sahin
81.8,2230,3.74,2026-10-17T13:23:00.000,11.87,448.8,2.05,80.25,OK,C. Yildiz
77.1,1905,3.74,2026-10-17T13:29:00.000,10.13,417.7,1.61,80.32,OK,A. Demir
82.7,2227,4,2026-10-17T13:33:00.000,9.8,452.1,1.69,80.39,OK,C. Yildiz
77.9,2551,4.2,2026-10-17T13:36:00.000,12.32,468.9,1.46,80.46,OK,B. Kaya
79.3,3071,4.63,2026-10-17T13:38:00.000,15.3,539.9,2,80.53,OK,B. Kaya
82.9,2442,3.9,2026-10-17T13:46:00.000,12.3,480.5,1.7,80.6,OK,C. Yildiz
82.5,2259,4.13,2026-10-17T13:52:00.000,10.9,443.1,1.44,80.66,OK,C. Yildiz
82.8,2458,3.91,2026-10-17T13:55:00.000,11.44,458.1,1.37,80.71,OK,C. Yildiz
82.2,2581,4.48,2026-10-17T14:02:00.000,12.7,473.3,1.43,80.79,OK,E. Aydin
82.6,2603,,2026-10-17T14:09:00.000,13.46,472.6,1.56,80.89,OK,D. Sahin
,2682,4.23,2026-10-17T14:11:00.000,12.73,496.4,2.53,80.92,OK,A. Demir
84.1,2214,4.37,2026-10-17T14:16:00.000,11.31,468.6,1.29,80.97,OK,B. Kaya
85,2318,3.84,2026-10-17T14:23:00.000,11.77,462.5,1.38,81,OK,E. Aydin
81.7,2279,3.93,2026-10-17T14:26:00.000,11.34,447.9,2.05,81.05,OK,E. Aydin
76.7,2038,4,2026-10-17T14:34:00.000,11.1,444.4,1.26,81.09,OK,D. Sahin
81.4,2154,3.99,2026-10-17T14:41:00.000,10.67,421.3,1.25,81.21,OK,C. Yildiz
74.8,1761,3.72,2026-10-17T14:46:00.000,11.64,409.7,1.03,81.24,OK,D. Sahin
85.7,2620,4.51,2026-10-17T14:54:00.000,12.75,489.8,2.04,81.32,OK,A. Demir
78,1969,3.8,2026-10-17T14:56:00.000,9.58,416,1.48,81.4,OK,B. Kaya
76.2,1691,3.66,2026-10-17T15:02:00.000,9.71,392.7,1.4,81.49,OK,B. Kaya
81.4,1342,3.22,2026-10-17T15:05:00.000,9.12,371.3,0.95,81.55,OK,C. Yildiz
80.7,2023,3.71,2026-10-17T15:13:00.000,11.87,416.2,1.46,81.67,OK,A. Demir
84.9,1851,4.21,2026-10-17T15:18:00.000,9.21,425.8,1.57,81.75,OK,C. Yildiz
81.3,2090,3.71,2026-10-17T15:20:00.000,10.36,430.4,1.3,81.84,OK,B. Kaya
79.9,2150,4.44,2026-10-17T15:24:00.000,11.34,434,1.24,81.9,OK,E. Aydin
81.2,2130,3.97,2026-10-17T15:27:00.000,12.64,456.8,1.46,81.97,OK,C. Yildiz
85.1,2532,4.4,2026-10-17T15:31:00.000,13.9,482.1,1.4,82.01,OK,C. Yildiz
82.9,2021,,2026-10-17T15:33:00.000,9.74,412.7,1.29,82.09,OK,D. Sahin
79.2,2053,3.94,2026-10-17T15:41:00.000,10.01,427.1,2.5,82.15,OK,D. Sahin
81.9,1929,3.72,2026-10-17T15:44:00.000,10.86,460.5,1.69,82.26,OK,D. Sahin
83.2,2076,3.71,2026-10-17T15:47:00.000,11.66,422.5,1.55,82.33,OK,E. Aydin
83.5,1866,3.56,2026-10-17T15:52:00.000,9.86,438.7,1.39,82.38,OK,B. Kaya
79.9,1543,3.41,2026-10-17T15:56:00.000,9.15,384.9,1.49,82.45,OK,B. Kaya
77.6,1853,4.43,2026-10-17T15:59:00.000,10.4,416.5,2.5,82.5,OK,C. Yildiz
79.7,2353,4.22,2026-10-17T16:02:00.000,12.32,449.1,1.49,82.57,OK,E. Aydin
82.1,1657,3.76,2026-10-17T16:07:00.000,8.67,402.1,1.73,82.63,OK,A. Demir
76,1169,3.02,2026-10-17T16:12:00.000,8.62,303.3,1.12,82.66,OK,B. Kaya
78.4,1207,3.6,2026-10-17T16:20:00.000,8.38,325.1,1.67,82.76,OK,E. Aydin
76,1345,3.95,2026-10-17T16:22:00.000,9.61,350,1.34,82.8,OK,E. Aydin
78.5,1305,3.55,2026-10-17T16:25:00.000,8.79,354.8,1.02,82.83,OK,C. Yildiz
79.3,1101,3.51,2026-10-17T16:29:00.000,7.98,333.9,1.19,82.93,OK,C. Yildiz
82.1,1621,3.67,2026-10-17T16:33:00.000,8.73,390.2,1.23,83.03,OK,E. Aydin
76.5,1366,3.12,2026-10-17T16:38:00.000,8.49,372.3,1.71,83.07,OK,A. Demir
82,1231,3.33,2026-10-17T16:46:00.000,7.07,376.7,0.82,83.15,OK,C. Yildiz
78.8,1283,3.65,2026-10-17T16:51:00.000,7.39,351.1,1.18,83.2,OK,C. Yildiz
79.2,1786,3.13,2026-10-17T16:57:00.000,8.63,436,1.13,83.28,OK,D. Sahin
79.4,1419,,2026-10-17T17:00:00.000,7.67,348.3,0.89,83.33,OK,E. Aydin
75.2,1501,3.72,2026-10-17T17:03:00.000,8.95,351.2,1.72,83.38,OK,D. Sahin
82.7,1717,3.49,2026-10-17T17:11:00.000,8.36,390,1.22,83.48,OK,C. Yildiz
81.2,1499,4.15,2026-10-17T17:14:00.000,6.71,372.1,1.63,83.54,OK,E. Aydin
81.7,1326,3.42,2026-10-17T17:18:00.000,8.47,372.3,0.99,83.63,OK,A. Demir
76,1118,,2026-10-17T17:21:00.000,6.94,347.1,1.07,83.66,OK,B. Kaya
80.7,1357,3.75,2026-10-17T17:27:00.000,7.76,382.5,1.1,83.69,OK,E. Aydin
78.4,1201,3.45,2026-10-17T17:29:00.000,7.84,348.9,1.43,83.71,OK,E. Aydin
74.5,1150,,2026-10-17T17:33:00.000,9.78,318.8,1.06,83.81,OK,D. Sahin
78.6,1280,3.96,2026-10-17T17:36:00.000,7.94,368.5,0.87,83.91,OK,E. Aydin
78.9,1087,3.53,2026-10-17T17:39:00.000,7.7,335.9,1.25,84.03,OK,C. Yildiz
80.1,1297,3.89,2026-10-17T17:47:00.000,8.86,348.4,1.74,84.12,OK,C. Yildiz
77.5,1185,3.64,2026-10-17T17:49:00.000,8.69,373.2,1.21,84.22,OK,D. Sahin
77.2,1556,3.53,2026-10-17T17:57:00.000,9.51,408,1.28,84.31,OK,A. Demir
75.1,849,3.39,2026-10-17T18:04:00.000,8.21,324.8,0.67,84.36,OK,A. Demir
73.5,800,3.33,2026-10-17T18:08:00.000,7.39,265.4,0.69,84.47,OK,C. Yildiz
78.9,800,2.93,2026-10-17T18:14:00.000,6.58,282.6,1.05,84.53,OK,D. Sahin
74.8,1073,3.5,2026-10-17T18:22:00.000,6.57,345.9,1.33,84.56,OK,D. Sahin
80.1,1452,3.58,2026-10-17T18:29:00.000,8.06,362.8,0.93,84.64,OK,A. Demir
76,909,3.08,2026-10-17T18:34:00.000,7.55,347.4,0.85,84.67,OK,D. Sahin
76.4,1248,2.95,2026-10-17T18:42:00.000,7.91,371.1,0.94,84.74,OK,E. Aydin
74.5,1050,3.54,2026-10-17T18:50:00.000,7.18,320.5,0.74,84.85,OK,A. Demir
78.6,800,3.15,2026-10-17T18:58:00.000,4.95,314.4,1.3,84.93,OK,C. Yildiz
74.4,1121,3.15,2026-10-17T19:01:00.000,6.61,345.7,0.87,84.98,OK,D. Sahin
78.1,1110,3.64,2026-10-17T19:08:00.000,7.63,326.5,1.88,85.07,OK,D. Sahin
72.3,898,3.08,2026-10-17T19:13:00.000,8.02,325.7,0.73,85.1,OK,E. Aydin
78.6,800,3.11,2026-10-17T19:19:00.000,6.69,298.4,0.7,85.21,OK,E. Aydin
80.1,800,3.48,2026-10-17T19:23:00.000,7.31,297.7,0.91,85.31,OK,D. Sahin
79.6,969,2.96,2026-10-17T19:30:00.000,8.1,351.9,1.64,85.4,OK,C. Yildiz
75.1,800,2.76,2026-10-17T19:36:00.000,6.49,305,1.33,85.45,OK,E. Aydin
77.7,974,3.24,2026-10-17T19:42:00.000,7.29,341.5,0.83,85.57,OK,E. Aydin
77.4,807,3.46,2026-10-17T19:45:00.000,5.97,291,1.11,85.66,OK,C. Yildiz
72.7,800,3.28,2026-10-17T19:48:00.000,6.8,349.7,0.88,85.78,OK,B. Kaya
77.8,1063,3.12,2026-10-17T19:51:00.000,6.9,357.3,0.99,85.86,OK,B. Kaya
77.8,800,3.77,2026-10-17T19:57:00.000,4.23,321.1,1.21,85.92,OK,B. Kaya
76.8,1469,3.55,2026-10-17T20:05:00.000,9.09,358.8,1.31,86.01,OK,D. Sahin
73.6,800,3.39,2026-10-17T20:12:00.000,7.82,317.8,0.92,86.09,OK,C. Yildiz
74.2,869,3.62,2026-10-17T20:17:00.000,6.71,267.4,1.09,86.17,OK,B. Kaya
74.4,800,2.99,2026-10-17T20:23:00.000,5.41,307.5,1.44,86.24,OK,A. Demir
78.7,,3.74,2026-10-17T20:27:00.000,7.35,317.4,1.47,86.31,OK,A. Demir
75.4,1285,3.6,2026-10-17T20:30:00.000,8.79,349.6,1.28,86.37,OK,E. Aydin
76.6,800,2.97,2026-10-17T20:36:00.000,6.26,299.7,1.67,86.43,OK,C. Yildiz
78.1,800,3.03,2026-10-17T20:42:00.000,5.74,299.3,0.84,86.54,OK,D. Sahin
77.7,800,3.23,2026-10-17T20:47:00.000,7.45,303.5,1.25,86.61,OK,D. Sahin
76.6,1469,4.21,2026-10-17T20:54:00.000,9.01,362,2.11,86.68,OK,D. Sahin
81.4,1167,3.75,2026-10-17T20:58:00.000,8.61,344.4,1.12,86.8,OK,C. Yildiz
72.7,818,3.55,2026-10-17T21:04:00.000,6.8,324,1.01,86.88,OK,C. Yildiz
74.3,867,2.78,2026-10-17T21:10:00.000,6.03,337.1,0.79,87,OK,A. Demir
75.3,1103,3.63,2026-10-17T21:18:00.000,7.81,344.1,0.88,87.04,OK,B. Kaya
75.4,1137,3.67,2026-10-17T21:26:00.000,7.96,341.5,1.25,87.12,OK,D. Sahin
79.2,1433,3.62,2026-10-17T21:29:00.000,8.25,375,0.96,87.14,OK,E. Aydin
75.9,1325,3.3,2026-10-17T21:37:00.000,8.1,346.8,1.09,87.23,OK,B. Kaya
75,800,3.65,2026-10-17T21:41:00.000,6.61,314.2,0.73,87.33,OK,C. Yildiz
84.4,1451,3.56,2026-10-17T21:46:00.000,10.7,370.6,1.44,87.44,OK,C. Yildiz
73.7,1353,3.18,2026-10-17T21:53:00.000,8.64,316.3,2.23,87.56,OK,C. Yildiz
79.6,1563,3.28,2026-10-17T22:00:00.000,8.1,404.3,1.46,87.6,OK,C. Yildiz
77,1899,4.13,2026-10-17T22:03:00.000,11.15,411.6,1.43,87.7,OK,A. Demir
77.2,800,3.51,2026-10-17T22:09:00.000,5.72,312,1.2,87.74,OK,C. Yildiz
83.9,1725,3.57,2026-10-17T22:16:00.000,9.03,408.9,1.93,87.78,OK,C. Yildiz
79.6,874,3.24,2026-10-17T22:21:00.000,5.85,329.1,1.31,87.82,OK,B. Kaya
72.9,1401,3.86,2026-10-17T22:27:00.000,7.78,362,1.27,87.87,OK,C. Yildiz
81.9,1717,3.59,2026-10-17T22:29:00.000,9.25,402.9,1.47,87.99,WARNING,C. Yildiz
78.6,1001,3.84,2026-10-17T22:31:00.000,6.68,336.9,0.8,88.08,OK,D. Sahin
82,1433,2.42,2026-10-17T22:34:00.000,9.45,372.1,1.08,88.11,OK,B. Kaya
77.2,1569,3.39,2026-10-17T22:40:00.000,9.15,374.2,1,88.22,OK,D. Sahin
78.2,1201,3.83,2026-10-17T22:48:00.000,8.5,339.4,0.86,88.3,OK,B. Kaya
78.7,1680,4.23,2026-10-17T22:52:00.000,8.64,374.9,1.52,88.36,OK,C. Yildiz
82.1,1899,3.85,2026-10-17T22:59:00.000,10.64,433,1.76,88.38,OK,C. Yildiz
73.2,1439,3.1,2026-10-17T23:01:00.000,9.85,369.3,1.35,88.41,OK,D. Sahin
83.9,1636,3.32,2026-10-17T23:04:00.000,9.25,380.7,2.17,88.46,OK,B. Kaya
79.5,1681,3.84,2026-10-17T23:09:00.000,8.73,384.4,1.1,88.54,OK,E. Aydin
76.9,1504,3.92,2026-10-17T23:12:00.000,9.58,372.8,1.01,88.59,OK,C. Yildiz
81.6,1237,3.26,2026-10-17T23:19:00.000,8.19,352.1,1.26,88.63,OK,D. Sahin
76.3,1350,3.83,2026-10-17T23:27:00.000,9.32,351.5,1.09,88.7,OK,A. Demir
83.1,2004,3.71,2026-10-17T23:34:00.000,10.76,426,1.31,88.76,OK,E. Aydin
76.2,1459,,2026-10-17T23:37:00.000,8.59,359.5,1.45,88.84,OK,E. Aydin
77,1663,3.58,2026-10-17T23:39:00.000,10.22,410.2,1.11,88.92,OK,C. Yildiz
83.4,2119,4.13,2026-10-17T23:46:00.000,9.76,433.4,1.22,89.01,OK,C. Yildiz
79.9,1627,2.61,2026-10-17T23:54:00.000,9.52,406,1.01,89.05,OK,C. Yildiz
90.4,1585,3.55,2026-10-18T00:00:00.000,8.23,376.2,1.28,89.11,OK,A. Demir
78.9,1600,3.27,2026-10-18T00:07:00.000,8.54,374.2,1.52,89.14,OK,E. Aydin
78.8,1408,4.04,2026-10-18T00:11:00.000,8.77,374.5,1.22,89.25,OK,E. Aydin
82.2,2071,4.14,2026-10-18T00:13:00.000,10.97,465.3,1.25,89.29,OK,C. Yildiz
77.6,1444,3.18,2026-10-18T00:21:00.000,7.55,371.2,0.93,89.34,OK,E. Aydin
78.2,2021,4.4,2026-10-18T00:24:00.000,10.26,430.3,1.44,89.39,OK,E. Aydin
78.8,2209,3.81,2026-10-18T00:27:00.000,11.75,442.1,1.88,89.43,OK,B. Kaya
77.3,2025,4.3,2026-10-18T00:30:00.000,10.36,424.2,1.55,89.48,OK,A. Demir
85.2,1942,3.43,2026-10-18T00:36:00.000,9.58,428.3,1.11,89.54,OK,B. Kaya
78.9,1679,3.06,2026-10-18T00:43:00.000,8.13,380.3,1.48,89.59,OK,D. Sahin
81.1,2429,4.57,2026-10-18T00:48:00.000,12.42,468,1.66,89.64,OK,C. Yildiz
83.7,2543,4.96,2026-10-18T00:55:00.000,15.1,487.1,2.4,89.73,OK,B. Kaya
84.4,2327,4.31,2026-10-18T01:02:00.000,10.54,463.6,1.42,89.82,OK,D. Sahin
82,2406,3.6,2026-10-18T01:06:00.000,11.65,469.2,1.66,89.93,OK,C. Yildiz
82.6,2110,3.77,2026-10-18T01:13:00.000,11.88,449.9,1.36,90,OK,E. Aydin
,2380,3.63,2026-10-18T01:18:00.000,12.16,457.2,1.29,90.04,OK,A. Demir
82.1,2133,4.48,2026-10-18T01:22:00.000,11.07,439,1.75,90.15,OK,D. Sahin
78.3,2041,4.51,2026-10-18T01:25:00.000,10.08,443.6,1.53,90.25,OK,B. Kaya
81.6,2044,4.27,2026-10-18T01:30:00.000,10.43,412.7,1.3,90.28,OK,B. Kaya
86.5,2488,4.61,2026-10-18T01:32:00.000,10.97,480.4,1.87,90.33,OK,C. Yildiz
78.3,1646,3.95,2026-10-18T01:34:00.000,9.29,369.8,1.71,90.44,OK,E. Aydin
83.6,2074,3.77,2026-10-18T01:38:00.000,10.95,454.8,1.57,90.49,OK,A. Demir
82,2763,4.06,2026-10-18T01:41:00.000,13.53,511.3,1.94,90.59,OK,E. Aydin
88.1,2819,4.33,2026-10-18T01:45:00.000,13.81,508.2,1.8,90.66,OK,D. Sahin
83.7,2544,3.99,2026-10-18T01:53:00.000,11.44,460.9,1.39,90.75,OK,B. Kaya
79.3,1861,3.99,2026-10-18T01:58:00.000,10.51,408.1,1.41,90.84,OK,D. Sahin
81.5,2116,4.14,2026-10-18T02:06:00.000,10.06,406.4,1.39,90.94,OK,A. Demir
85.3,2377,4.36,2026-10-18T02:10:00.000,11.19,469.4,1.85,91.04,OK,B. Kaya
81,2692,4.37,2026-10-18T02:17:00.000,10.75,497.3,1.51,91.11,OK,B. Kaya
81.6,1986,4.24,2026-10-18T02:21:00.000,9.06,418.4,1.44,91.17,OK,E. Aydin
82.7,2913,4.69,2026-10-18T02:27:00.000,13.73,515.8,2.03,91.26,OK,E. Aydin
83.7,2785,4.66,2026-10-18T02:35:00.000,11.82,509.8,1.45,91.32,OK,B. Kaya
76.8,2327,3.41,2026-10-18T02:42:00.000,10.99,452,1.38,91.4,OK,A. Demir
80.9,2199,3.75,2026-10-18T02:44:00.000,9.62,437.4,1.21,91.42,OK,A. Demir
85.3,3178,4.37,2026-10-18T02:48:00.000,15.45,539.2,1.91,91.52,OK,A. Demir
81.8,2934,,2026-10-18T02:55:00.000,11.39,511.3,2.03,91.54,OK,C. Yildiz
79.7,2588,4.62,2026-10-18T03:03:00.000,12.38,483.9,1.57,91.65,OK,A. Demir
82.8,2795,4.64,2026-10-18T03:07:00.000,12.84,482.2,1.48,91.71,OK,D. Sahin
82.3,3023,4.03,2026-10-18T03:09:00.000,13.43,554.9,1.97,91.76,OK,D. Sahin
82.9,2807,4.37,2026-10-18T03:16:00.000,12.98,520.8,1.52,91.84,OK,D. Sahin
88.6,3003,4.84,2026-10-18T03:24:00.000,12.75,544.3,2.02,91.95,OK,A. Demir
85.7,3186,4.63,2026-10-18T03:29:00.000,13.5,523.6,1.95,92.03,OK,B. Kaya
82.5,2610,4.22,2026-10-18T03:37:00.000,12.16,487.1,1.92,92.12,OK,B. Kaya
83.2,3028,5.64,2026-10-18T03:42:00.000,13.4,551.8,1.85,92.23,OK,C. Yildiz
85.2,3452,4.65,2026-10-18T03:49:00.000,16.25,574.9,1.71,92.31,OK,B. Kaya
86,3152,4.4,2026-10-18T03:56:00.000,13.54,493.5,2.27,92.35,WARNING,C. Yildiz
88.6,2798,4.58,2026-10-18T04:00:00.000,13.54,537.2,1.83,92.39,OK,B. Kaya
90.2,3305,4.64,2026-10-18T04:03:00.000,15.43,560,1.8,92.42,OK,C. Yildiz
83.5,2665,3.78,2026-10-18T04:07:00.000,12.06,479.7,2.26,92.51,OK,B. Kaya
85.2,3418,4.82,2026-10-18T04:09:00.000,15.6,572.4,2.58,92.55,OK,B. Kaya
85.4,2798,4.45,2026-10-18T04:11:00.000,14.16,496,1.58,92.62,OK,C. Yildiz
84.6,,4.8,2026-10-18T04:16:00.000,14.56,532.3,2.21,92.68,WARNING,D. Sahin
87.1,3572,4.74,2026-10-18T04:19:00.000,16.33,608.8,1.76,92.77,OK,A. Demir
86.3,3237,5.19,2026-10-18T04:21:00.000,16.16,523.9,1.89,92.88,OK,E. Aydin
84.3,2851,4.56,2026-10-18T04:24:00.000,13.5,488.5,1.8,92.94,OK,D. Sahin
88.1,3248,4.37,2026-10-18T04:32:00.000,15.4,549.5,1.72,93.03,OK,E. Aydin
88.7,3302,4.16,2026-10-18T04:37:00.000,14.18,563.3,1.84,93.14,OK,D. Sahin
87.2,3349,4.7,2026-10-18T04:43:00.000,14.75,548.5,1.91,93.22,OK,A. Demir
88,3654,4.58,2026-10-18T04:50:00.000,17.18,577,2.46,93.26,OK,D. Sahin
89.7,3521,5.23,2026-10-18T04:56:00.000,15.72,571.6,2.55,93.37,OK,B. Kaya
87.3,2739,4.3,2026-10-18T05:00:00.000,13.89,489.3,1.75,93.46,OK,A. Demir
87.8,3251,4.33,2026-10-18T05:03:00.000,15.9,533.8,1.7,93.52,OK,E. Aydin
86.2,3762,5.44,2026-10-18T05:08:00.000,17.77,587.7,2.12,93.63,OK,A. Demir
91.4,4169,4.84,2026-10-18T05:15:00.000,17.87,650,2.18,93.74,OK,E. Aydin
88.3,3761,5.27,2026-10-18T05:19:00.000,17.61,585,2.29,93.83,OK,D. Sahin
89.2,3378,4.81,2026-10-18T05:27:00.000,16.07,544.5,1.72,93.89,OK,E. Aydin
91.4,3370,4.18,2026-10-18T05:33:00.000,15.69,555,2.39,93.96,OK,B. Kaya
93.9,3595,4.5,2026-10-18T05:36:00.000,14.84,589.7,2.31,93.99,OK,B. Kaya
84.7,3080,4.98,2026-10-18T05:40:00.000,15.8,504.3,1.65,94.04,OK,E. Aydin
84.2,3786,4.48,2026-10-18T05:43:00.000,17.18,576.6,2.03,94.09,OK,A. Demir
87.2,3578,5.13,2026-10-18T05:48:00.000,17.73,586.1,2.66,94.12,OK,C. Yildiz
81.2,2480,4.36,2026-10-18T05:55:00.000,12.38,456.5,1.56,94.21,OK,A. Demir
82.9,3140,4.67,2026-10-18T06:02:00.000,13.66,536.3,1.65,94.3,OK,E. Aydin
87.2,3537,4.75,2026-10-18T06:05:00.000,16.6,551.2,2.71,94.33,OK,E. Aydin
86.6,3760,4.79,2026-10-18T06:12:00.000,16.54,595.2,1.83,94.42,OK,B. Kaya
87.5,3491,5.06,2026-10-18T06:19:00.000,14.85,576,1.72,94.47,OK,E. Aydin
89,3682,5.49,2026-10-18T06:24:00.000,15.67,591.6,2.52,94.57,OK,C. Yildiz
89.4,3648,5.04,2026-10-18T06:28:00.000,17.78,582.3,2.08,94.63,OK,C. Yildiz
89.7,3458,4.89,2026-10-18T06:33:00.000,15.19,580.2,2.74,94.72,OK,C. Yildiz
94,3694,5.34,2026-10-18T06:36:00.000,16.62,598.5,2.03,94.76,OK,E. Aydin
85.2,3364,4.84,2026-10-18T06:39:00.000,15.24,554.7,1.87,94.85,OK,D. Sahin
84.8,3092,4.38,2026-10-18T06:45:00.000,16.04,519.8,2.04,94.97,OK,C. Yildiz
87.6,2936,4.62,2026-10-18T06:49:00.000,14,521.6,1.9,95.08,OK,A. Demir
87.3,3502,4.62,2026-10-18T06:51:00.000,15.78,546,2.28,95.16,OK,D. Sahin
84.8,3405,5.11,2026-10-18T06:54:00.000,14.25,547.7,1.82,95.19,OK,E. Aydin
89.6,3287,4.76,2026-10-18T06:56:00.000,13.68,541.2,1.93,95.28,OK,C. Yildiz
84.6,3715,4.12,2026-10-18T07:02:00.000,15.96,596.6,2.14,95.33,OK,B. Kaya
89.1,3616,5.54,2026-10-18T07:06:00.000,15.86,565.1,1.84,95.39,OK,A. Demir
87.5,3262,,2026-10-18T07:09:00.000,15.85,555.6,2.59,95.43,OK,E. Aydin
83.8,3611,5.16,2026-10-18T07:17:00.000,15.33,567.6,1.98,95.52,OK,A. Demir
84.9,2947,4.4,2026-10-18T07:20:00.000,12.72,491.4,1.73,95.58,OK,A. Demir
88.1,3557,4.84,2026-10-18T07:22:00.000,16.87,588.2,1.93,95.64,OK,E. Aydin
90.7,3541,4.4,2026-10-18T07:25:00.000,14.81,582.7,2.01,95.76,OK,C. Yildiz
85.7,3792,4.52,2026-10-18T07:29:00.000,16.63,596.8,2.34,95.85,OK,E. Aydin
93.2,3653,4.85,2026-10-18T07:31:00.000,16.63,606.7,2.06,95.94,OK,D. Sahin
85.6,3013,4.39,2026-10-18T07:38:00.000,14.48,512.1,1.61,96.02,OK,D. Sahin
84.5,3115,4.64,2026-10-18T07:44:00.000,14.63,546.9,1.71,96.11,OK,C. Yildiz
85.8,2981,4.48,2026-10-18T07:52:00.000,14.23,538.1,1.58,96.17,OK,C. Yildiz
88.1,3556,3.9,2026-10-18T08:00:00.000,15.21,549.2,2.68,96.28,OK,B. Kaya
84.8,2528,3.9,2026-10-18T08:08:00.000,11.01,457.2,1.57,96.32,OK,A. Demir
91.8,3521,4.38,2026-10-18T08:14:00.000,15.72,564.1,2.56,96.38,OK,A. Demir
83.7,3208,4.36,2026-10-18T08:17:00.000,15.11,547.4,1.66,96.48,OK,E. Aydin
85,3246,4.46,2026-10-18T08:21:00.000,13.27,565,2.02,96.51,OK,A. Demir
88.2,3326,5.36,2026-10-18T08:23:00.000,15.4,544.2,2.18,96.59,OK,B. Kaya
86.6,3120,4.25,2026-10-18T08:26:00.000,12.99,536.7,2.04,96.71,OK,D. Sahin
85,3297,4.56,2026-10-18T08:30:00.000,13.1,558.3,2.09,96.79,OK,C. Yildiz
90.1,3430,4.42,2026-10-18T08:32:00.000,15.12,561.8,1.71,96.84,OK,C. Yildiz
84.1,2455,3.56,2026-10-18T08:36:00.000,10.5,453,1.32,96.88,OK,C. Yildiz
86.2,3730,5.11,2026-10-18T08:44:00.000,14.96,580.6,2.22,96.99,OK,E. Aydin
83.7,3177,4.88,2026-10-18T08:49:00.000,14.62,539.8,1.78,97.05,OK,B. Kaya
85.3,3324,4.67,2026-10-18T08:54:00.000,14.91,564.6,1.9,97.09,OK,C. Yildiz
93.3,3581,5.25,2026-10-18T08:56:00.000,16.18,609.2,2.12,97.17,OK,E. Aydin
81.9,2484,4.7,2026-10-18T09:00:00.000,13.59,452.1,1.62,97.23,OK,B. Kaya
86,5334,4.92,2026-10-18T09:05:00.000,12.77,504.2,1.51,97.28,OK,E. Aydin
85.3,3569,5.17,2026-10-18T09:08:00.000,14.22,586.5,1.95,97.4,OK,B. Kaya
87,3293,4.41,2026-10-18T09:13:00.000,12.9,541.5,1.7,97.48,OK,C. Yildiz
81.3,2273,4.09,2026-10-18T09:16:00.000,11,472,1.57,97.51,OK,E. Aydin
80.6,2418,3.51,2026-10-18T09:24:00.000,12.86,465,1.86,97.58,OK,A. Demir
86,2898,4.59,2026-10-18T09:27:00.000,12.75,521.2,1.63,97.65,OK,A. Demir
83.3,2625,4.19,2026-10-18T09:35:00.000,11.26,474.7,2.02,97.68,OK,E. Aydin
85.3,2307,4.37,2026-10-18T09:40:00.000,13.06,456.1,1.74,97.79,OK,E. Aydin
84.7,3010,4.3,2026-10-18T09:42:00.000,14.6,504.8,1.81,97.87,OK,B. Kaya
85,3133,3.95,2026-10-18T09:47:00.000,13.58,539.5,2.29,97.98,OK,B. Kaya
88.1,2620,4.58,2026-10-18T09:49:00.000,12.69,483.8,1.9,98.05,OK,A. Demir
86.2,2322,3.83,2026-10-18T09:52:00.000,11.54,463.8,1.38,98.08,OK,D. Sahin
78.8,3185,4.94,2026-10-18T09:56:00.000,13.35,525,2.5,98.13,OK,D. Sahin
84.4,2427,4.55,2026-10-18T10:02:00.000,12.78,477.4,1.49,98.25,OK,C. Yildiz
83.6,2719,4.86,2026-10-18T10:10:00.000,12.02,489.6,1.43,98.36,OK,D. Sahin
81,2022,3.68,2026-10-18T10:16:00.000,9.3,429.4,1.68,98.41,OK,B. Kaya
81.2,2894,4.63,2026-10-18T10:18:00.000,13.26,497.5,1.69,98.52,OK,C. Yildiz
88.1,2580,4.52,2026-10-18T10:23:00.000,13.41,480.6,1.52,98.58,OK,A. Demir
82.2,2135,4.23,2026-10-18T10:26:00.000,9.39,427.4,1.61,98.65,OK,E. Aydin
81,2775,4.52,2026-10-18T10:31:00.000,13.55,509,1.55,98.73,OK,D. Sahin
84.9,2916,4.49,2026-10-18T10:37:00.000,14.53,507.5,1.77,98.85,OK,A. Demir
80.4,2565,4.73,2026-10-18T10:44:00.000,11.73,495.5,2.22,98.89,OK,C. Yildiz
82,2504,4.25,2026-10-18T10:52:00.000,14.01,475.2,1.6,98.98,OK,D. Sahin
82.5,1927,3.73,2026-10-18T10:59:00.000,10.69,413.8,1.92,99.08,OK,C. Yildiz
84.2,2113,3.66,2026-10-18T11:06:00.000,11.91,436.1,1.28,99.11,OK,A. Demir
86,1606,3.4,2026-10-18T11:14:00.000,9.81,420,1.14,99.18,OK,B. Kaya
90,2775,5.18,2026-10-18T11:17:00.000,13.11,518.2,2.08,99.25,OK,D. Sahin
76.3,1613,4.01,2026-10-18T11:22:00.000,10.49,372.9,0.98,99.28,OK,E. Aydin
80.5,1807,3.82,2026-10-18T11:25:00.000,10.59,373.2,1.25,99.36,OK,C. Yildiz
77.8,1174,3.54,2026-10-18T11:31:00.000,7.3,375.7,0.84,99.45,OK,E. Aydin
83.7,2455,4.21,2026-10-18T11:34:00.000,11.22,427.6,1.5,99.55,OK,B. Kaya
86.4,2422,4.96,2026-10-18T11:36:00.000,12.57,477.6,1.46,99.58,OK,A. Demir
78,1778,3.49,2026-10-18T11:40:00.000,10.6,429.7,1.13,99.61,OK,C. Yildiz
78.2,2260,3.91,2026-10-18T11:45:00.000,12.15,480.8,1.23,99.65,OK,A. Demir
77.3,1543,3.49,2026-10-18T11:50:00.000,10.3,384.4,1.52,99.76,OK,E. Aydin
76.3,1827,3.7,2026-10-18T11:55:00.000,10.21,404,1.63,99.8,OK,A. Demir
79.5,1795,3.37,2026-10-18T12:01:00.000,9.81,404.7,1.82,99.89,OK,C. Yildiz
83.6,1361,3.89,2026-10-18T12:04:00.000,8.01,366,1.59,100,OK,C. Yildiz
81.3,2241,4.04,2026-10-18T12:07:00.000,12.2,427.7,1.27,100.06,OK,B. Kaya
81.7,1942,4.46,2026-10-18T12:14:00.000,11.08,406.8,1.66,100.09,OK,E. Aydin
78.8,1168,3.65,2026-10-18T12:22:00.000,7.5,333.5,1.03,100.12,OK,E. Aydin
79.4,1398,3.4,2026-10-18T12:29:00.000,11.41,393.1,1.2,100.22,OK,E. Aydin
79.1,1587,3.69,2026-10-18T12:34:00.000,8.44,402.1,1.31,100.31,OK,E. Aydin
80.9,1410,3.58,2026-10-18T12:39:00.000,10.07,413.8,2.11,100.38,OK,D. Sahin
80.4,2062,4.45,2026-10-18T12:47:00.000,9.88,442.1,1.41,100.42,OK,C. Yildiz
84.3,1788,4.54,2026-10-18T12:54:00.000,9.9,418.5,1.59,100.53,OK,A. Demir
77.1,1399,3.76,2026-10-18T13:02:00.000,8.58,357.6,0.91,100.56,OK,B. Kaya
81.4,1397,4.24,2026-10-18T13:09:00.000,7.3,373.9,1.06,100.67,OK,D. Sahin
81.3,2174,3.42,2026-10-18T13:17:00.000,9.35,437.1,1.31,100.74,OK,A. Demir
78.4,1737,3.59,2026-10-18T13:23:00.000,9.43,387.8,1.68,100.8,OK,C. Yildiz
76.2,2202,4.22,2026-10-18T13:30:00.000,10.35,435.9,1.21,100.9,OK,E. Aydin
77.6,1454,3.31,2026-10-18T13:35:00.000,9.49,387.3,1.26,101,OK,C. Yildiz
77.6,1350,4.27,2026-10-18T13:38:00.000,8.15,360.3,1.42,101.03,OK,A. Demir
75.2,838,3.48,2026-10-18T13:41:00.000,5.23,338.4,0.85,101.15,OK,B. Kaya
80,1380,3.85,2026-10-18T13:47:00.000,8.65,377.6,1.18,101.18,OK,B. Kaya
80.9,2227,3.97,2026-10-18T13:49:00.000,11.29,451.4,1.46,101.25,OK,D. Sahin
76.1,1225,3.04,2026-10-18T13:56:00.000,7.43,344,0.96,101.28,OK,B. Kaya
79.2,1564,3.42,2026-10-18T13:59:00.000,8.37,385.9,1.43,101.32,OK,A. Demir
74.7,1759,3.86,2026-10-18T14:04:00.000,7.77,404.5,1.24,101.4,OK,A. Demir
79.6,1963,4,2026-10-18T14:09:00.000,10.81,437.5,1.54,101.42,OK,E. Aydin
71,1036,3.11,2026-10-18T14:11:00.000,7.88,292.7,1.35,101.45,OK,E. Aydin
75.5,800,3.63,2026-10-18T14:19:00.000,4.09,335.8,1.13,101.54,OK,E. Aydin
76.2,1075,3.39,2026-10-18T14:23:00.000,7.38,329.2,0.77,101.57,OK,A. Demir
73.8,800,2.83,2026-10-18T14:29:00.000,4.76,306,1.49,101.62,OK,A. Demir
84.9,1126,3.54,2026-10-18T14:32:00.000,9.11,371.1,1.15,101.71,OK,C. Yildiz
77.1,1170,2.86,2026-10-18T14:37:00.000,7.74,364.4,1.08,101.73,OK,C. Yildiz
77.8,1087,3.15,2026-10-18T14:41:00.000,8.64,336.4,1,101.8,OK,A. Demir
82.6,1366,3.61,2026-10-18T14:44:00.000,7.29,363,1.66,101.87,OK,A. Demir
78.8,800,3.23,2026-10-18T14:46:00.000,5.55,309.2,0.86,101.97,OK,E. Aydin
82.2,1267,3.24,2026-10-18T14:53:00.000,8.85,368.6,0.98,102.03,OK,B. Kaya
74.7,1224,3.47,2026-10-18T15:00:00.000,7.79,351,0.9,102.11,OK,E. Aydin
82,1578,4.42,2026-10-18T15:05:00.000,9.19,381.9,1.1,102.19,OK,D. Sahin
76.8,1297,3.66,2026-10-18T15:10:00.000,8.46,352,0.88,102.26,OK,C. Yildiz
81.3,1477,3.74,2026-10-18T15:18:00.000,7.17,389.8,1.73,102.36,OK,B. Kaya
75.4,1000,2.84,2026-10-18T15:26:00.000,6.19,325.2,1,102.44,OK,B. Kaya
74.3,800,2.88,2026-10-18T15:30:00.000,7.56,298,0.96,102.46,OK,E. Aydin
80.8,1155,3.23,2026-10-18T15:36:00.000,7.28,346,1.19,102.53,OK,D. Sahin
81,1392,3.54,2026-10-18T15:40:00.000,7.97,392.5,1.51,102.56,OK,C. Yildiz
75.7,1139,3.44,2026-10-18T15:44:00.000,7.64,330.6,1.42,102.63,OK,A. Demir
74,971,3.49,2026-10-18T15:51:00.000,7.22,310.9,1.5,102.69,OK,E. Aydin
76.8,800,3.33,2026-10-18T15:54:00.000,4.99,325.2,0.69,102.75,OK,B. Kaya
77,800,3.32,2026-10-18T15:58:00.000,7.35,302.1,1.25,102.84,OK,A. Demir
74.5,987,2.91,2026-10-18T16:04:00.000,6.94,324.8,0.78,102.87,OK,A. Demir
78.8,800,3.22,2026-10-18T16:10:00.000,6.69,316.6,0.67,102.89,OK,E. Aydin
71.6,921,2.57,2026-10-18T16:17:00.000,6.22,325,0.82,103.01,OK,B. Kaya
76.1,1206,3.42,2026-10-18T16:21:00.000,7.64,353,1.44,103.04,OK,B. Kaya
76.6,1569,3.82,2026-10-18T16:24:00.000,7.94,387.8,1.06,103.12,OK,E. Aydin
70.3,800,3.32,2026-10-18T16:26:00.000,5.9,281.5,0.79,103.21,OK,E. Aydin
74.9,1169,4.17,2026-10-18T16:29:00.000,9.05,321.7,0.79,103.32,OK,D. Sahin
76.9,800,3.45,2026-10-18T16:33:00.000,6.29,308.4,1.08,103.42,OK,B. Kaya
77.4,815,2.95,2026-10-18T16:35:00.000,6.19,315.6,0.94,103.47,OK,D. Sahin
73.9,800,3.3,2026-10-18T16:38:00.000,4.95,316.5,0.83,103.51,OK,A. Demir
70.7,856,3.43,2026-10-18T16:45:00.000,5.87,321.1,1.25,103.62,OK,D. Sahin
79.7,1438,3.63,2026-10-18T16:48:00.000,10.53,373.4,1.24,103.66,OK,E. Aydin
78.7,1424,4.16,2026-10-18T16:56:00.000,7.73,379.5,1.21,103.72,OK,B. Kaya
73.9,800,3.21,2026-10-18T17:02:00.000,6.68,315.3,0.67,103.77,OK,A. Demir
76.3,800,3.42,2026-10-18T17:06:00.000,6.91,274.9,0.74,103.84,OK,D. Sahin
82.9,1623,3.12,2026-10-18T17:10:00.000,8.58,383.3,2.5,103.92,OK,B. Kaya
76.1,834,3.95,2026-10-18T17:12:00.000,5.9,329.4,0.86,104.01,OK,E. Aydin
77.1,1362,3.85,2026-10-18T17:17:00.000,8.95,332.9,1.07,104.06,WARNING,C. Yildiz
78,807,3.09,2026-10-18T17:23:00.000,6.37,309.7,0.72,104.16,OK,C. Yildiz
76.6,1112,3.52,2026-10-18T17:25:00.000,6.86,343.4,1.16,104.26,OK,B. Kaya
74.6,1085,3.71,2026-10-18T17:30:00.000,7.63,322,0.88,104.32,OK,D. Sahin
73.9,800,3.15,2026-10-18T17:38:00.000,5.95,286.5,1.02,104.37,OK,D. Sahin
81,1942,4.12,2026-10-18T17:40:00.000,11.19,402.2,1.18,104.42,OK,A. Demir
79.2,816,3,2026-10-18T17:44:00.000,5.3,292.7,0.9,104.47,OK,A. Demir
81.6,1126,3,2026-10-18T17:49:00.000,6.44,333.4,0.86,104.58,OK,D. Sahin
75.3,1066,4.26,2026-10-18T17:53:00.000,7.79,369,1.43,104.7,OK,E. Aydin
76.5,1336,4.09,2026-10-18T18:01:00.000,7.61,356.5,1.48,104.74,OK,D. Sahin
75.4,1252,4.07,2026-10-18T18:07:00.000,9.27,308.5,1.41,104.82,OK,D. Sahin
78.6,1519,3.26,2026-10-18T18:09:00.000,8.06,380.1,1.09,104.88,OK,B. Kaya
79.1,1458,3.69,2026-10-18T18:15:00.000,7.21,373,1.42,104.96,OK,C. Yildiz
74.5,1111,3.72,2026-10-18T18:22:00.000,7.05,335.4,1.19,105.01,OK,D. Sahin
77,1916,3.52,2026-10-18T18:28:00.000,10.36,407.3,2.17,105.03,OK,A. Demir
74.8,855,3.06,2026-10-18T18:32:00.000,6.05,307.9,1.19,105.14,OK,A. Demir
71.7,1006,3.18,2026-10-18T18:37:00.000,7.22,340.6,1.19,105.18,OK,C. Yildiz
72.5,800,3.29,2026-10-18T18:39:00.000,6.56,311.6,1.29,105.29,OK,A. Demir
76.2,1105,3.08,2026-10-18T18:41:00.000,6.83,356.6,1.34,105.36,OK,E. Aydin
76.2,800,2.42,2026-10-18T18:47:00.000,8.37,346.5,0.73,105.41,OK,E. Aydin
75.7,989,,2026-10-18T18:54:00.000,8.51,333.3,2,105.47,OK,C. Yildiz
78.6,1541,3.39,2026-10-18T18:58:00.000,9.48,367.4,1.25,105.56,OK,C. Yildiz
76.3,1481,4.07,2026-10-18T19:04:00.000,7.44,384.1,1.11,105.68,OK,B. Kaya
74.4,1538,3.34,2026-10-18T19:09:00.000,7.67,391,1.67,105.75,OK,C. Yildiz
73.7,1400,4.26,2026-10-18T19:15:00.000,8.07,349.5,1.09,105.85,OK,E. Aydin
78.1,1436,3.94,2026-10-18T19:22:00.000,8.69,363.4,1.25,105.91,OK,A. Demir
76.9,1499,3.29,2026-10-18T19:25:00.000,8.04,388.5,1.38,106,OK,D. Sahin
76.8,934,2.8,2026-10-18T19:29:00.000,7.8,301.4,1.31,106.02,OK,C. Yildiz
77.4,1487,3.46,2026-10-18T19:34:00.000,9.49,383.7,1.35,106.09,OK,B. Kaya
80.5,1920,3.9,2026-10-18T19:36:00.000,10.03,414.9,1.17,106.17,OK,C. Yildiz
73.9,1297,4.18,2026-10-18T19:38:00.000,7.79,336.1,1.45,106.19,OK,C. Yildiz
79.4,1210,3.29,2026-10-18T19:40:00.000,9.79,364.7,1.03,106.29,OK,C. Yildiz
74.2,1256,3.81,2026-10-18T19:45:00.000,6.04,313.1,1.33,106.4,OK,D. Sahin
77.7,1360,3.47,2026-10-18T19:47:00.000,10.24,363.8,0.93,106.48,OK,B. Kaya
76,800,3.21,2026-10-18T19:51:00.000,5.56,320.2,0.72,106.54,OK,A. Demir
78,1650,3.39,2026-10-18T19:56:00.000,10.93,409.2,1.58,106.58,OK,C. Yildiz
77,1498,3.62,2026-10-18T20:01:00.000,8.71,368.6,0.94,106.7,OK,C. Yildiz
78.2,1484,3.37,2026-10-18T20:03:00.000,8.33,341.4,1.02,106.75,OK,A. Demir
,1857,4.02,2026-10-18T20:10:00.000,10.08,393.9,1.78,106.84,OK,D. Sahin
84.7,1903,3.5,2026-10-18T20:15:00.000,10.12,419.3,1.42,106.87,OK,A. Demir
82,,3.77,2026-10-18T20:23:00.000,10.47,408.9,1.23,106.9,OK,A. Demir
75.1,1642,3.81,2026-10-18T20:29:00.000,9.5,411.5,1.21,107,OK,C. Yildiz
75.2,1353,4.45,2026-10-18T20:32:00.000,7.63,361.7,1.37,107.05,OK,B. Kaya
77,1321,3.64,2026-10-18T20:38:00.000,8.48,364,1.28,107.15,OK,E. Aydin
77.1,1838,4.24,2026-10-18T20:43:00.000,10.58,388.6,2.06,107.21,OK,A. Demir
79.3,1864,4.25,2026-10-18T20:46:00.000,10.29,411.6,1.07,107.27,OK,C. Yildiz
78.3,1860,4.35,2026-10-18T20:51:00.000,9.09,404.2,1.35,107.38,OK,D. Sahin
83.9,2420,3.95,2026-10-18T20:53:00.000,10.63,462.4,1.64,107.49,OK,E. Aydin
77.3,1655,3.71,2026-10-18T20:58:00.000,8.7,373,1.42,107.53,OK,D. Sahin
,2215,4.04,2026-10-18T21:00:00.000,12.39,438.3,1.59,107.63,OK,C. Yildiz
83.2,2591,4.82,2026-10-18T21:04:00.000,12.47,459.6,1.41,107.67,OK,A. Demir
85.8,1996,4.2,2026-10-18T21:10:00.000,11.2,410.7,1.19,107.78,OK,D. Sahin
81.5,2349,,2026-10-18T21:12:00.000,11.41,463.7,1.73,107.85,OK,D. Sahin
80.8,2391,3.93,2026-10-18T21:18:00.000,11.4,445.1,1.65,107.9,OK,A. Demir
83.9,2390,3.99,2026-10-18T21:20:00.000,13.11,483.4,1.41,107.94,OK,A. Demir
89.6,2724,4.26,2026-10-18T21:24:00.000,13.27,503.5,1.89,107.98,OK,A. Demir
78.8,2396,4.79,2026-10-18T21:26:00.000,10.98,492.6,1.35,108.05,OK,B. Kaya
83.7,2276,3.98,2026-10-18T21:28:00.000,12.42,458.3,1.42,108.11,OK,A. Demir
77,1786,3.73,2026-10-18T21:31:00.000,10.29,383.4,1.25,108.21,OK,D. Sahin
82.3,2782,4.81,2026-10-18T21:37:00.000,13.26,479,1.58,108.24,OK,D. Sahin
80.9,2626,3.79,2026-10-18T21:44:00.000,11.28,454.8,1.66,108.28,OK,C. Yildiz
79.8,2427,4.28,2026-10-18T21:52:00.000,12.61,466.8,1.76,108.3,OK,D. Sahin
82.8,2390,3.65,2026-10-18T21:57:00.000,11.46,470.7,1.76,108.37,OK,C. Yildiz
79.1,1813,3.9,2026-10-18T22:05:00.000,10.24,386,1.13,108.45,OK,E. Aydin
81.7,2250,3.98,2026-10-18T22:12:00.000,9.19,474.2,1.4,108.5,OK,A. Demir
83.4,2994,4.18,2026-10-18T22:16:00.000,13.6,540,1.81,108.55,OK,C. Yildiz
84.5,2436,4.02,2026-10-18T22:23:00.000,11.52,489.4,1.37,108.61,OK,E. Aydin
80.4,2190,3.64,2026-10-18T22:25:00.000,11.67,452.6,1.44,108.73,OK,C. Yildiz
89.3,2749,4.38,2026-10-18T22:29:00.000,11.69,499.4,1.73,108.75,OK,A. Demir
79.5,2284,3.98,2026-10-18T22:32:00.000,10.52,449.2,1.73,108.82,OK,D. Sahin
86.7,3039,4.72,2026-10-18T22:35:00.000,14.56,499,1.56,108.87,OK,C. Yildiz
87,3058,4.65,2026-10-18T22:37:00.000,15.12,546.1,1.55,108.93,OK,D. Sahin
81.4,2620,4.5,2026-10-18T22:42:00.000,12.79,479,1.46,109.04,OK,D. Sahin
83.6,2988,3.74,2026-10-18T22:47:00.000,15.35,524.2,1.63,109.1,OK,D. Sahin
81.2,2506,4.57,2026-10-18T22:52:00.000,13.6,480,1.76,109.13,OK,C. Yildiz
83.4,2920,4.71,2026-10-18T22:57:00.000,14.55,501.4,1.81,109.23,OK,B. Kaya
82.4,2772,4.36,2026-10-18T23:03:00.000,14.39,513.9,1.81,109.27,OK,B. Kaya
82.3,2730,5.02,2026-10-18T23:07:00.000,13.61,507.1,1.64,109.34,OK,D. Sahin
87.1,2932,4.46,2026-10-18T23:14:00.000,11.63,506.6,2.54,109.42,OK,E. Aydin
81.6,2651,4.52,2026-10-18T23:22:00.000,12.08,489,1.99,109.53,OK,D. Sahin
,2766,4.85,2026-10-18T23:28:00.000,12.64,483.8,1.73,109.62,OK,E. Aydin
81.6,2706,4.59,2026-10-18T23:32:00.000,14.08,484.4,2.29,109.73,OK,C. Yildiz
85.6,3023,4.07,2026-10-18T23:35:00.000,13.98,521.7,1.78,109.83,OK,A. Demir
87.3,3435,4.81,2026-10-18T23:38:00.000,14.77,564,2.39,109.92,OK,E. Aydin
77.4,2305,4.61,2026-10-18T23:43:00.000,11.41,427.2,1.76,109.98,OK,E. Aydin
82.2,2375,3.83,2026-10-18T23:46:00.000,12.59,450.1,1.97,110.02,OK,D. Sahin
81.2,2899,4.25,2026-10-18T23:53:00.000,13.4,526.2,1.54,110.09,OK,A. Demir
88.6,3044,4.57,2026-10-19T00:00:00.000,14.43,516.2,2.1,110.21,OK,C. Yildiz
89.8,3112,4.66,2026-10-19T00:04:00.000,14.39,525.3,2.03,110.26,OK,B. Kaya
87.5,3636,4.74,2026-10-19T00:10:00.000,16.59,599,1.89,110.3,OK,C. Yildiz
88.3,3498,4.08,2026-10-19T00:14:00.000,16.29,562.8,2.1,110.41,OK,A. Demir
90.3,3236,4.13,2026-10-19T00:22:00.000,14.47,557.4,2.17,110.52,OK,C. Yildiz
90,3518,4.78,2026-10-19T00:28:00.000,16.09,578,1.83,110.54,OK,A. Demir
86.9,3297,4.5,2026-10-19T00:34:00.000,16.72,546.4,2.06,110.62,OK,B. Kaya
87.5,3928,4.66,2026-10-19T00:39:00.000,15.99,618.7,2.04,110.7,OK,B. Kaya
85.8,3145,4.43,2026-10-19T00:42:00.000,14.01,552.7,1.96,110.76,OK,A. Demir
93.6,3518,4.79,2026-10-19T00:45:00.000,16.08,584.9,1.97,110.78,OK,E. Aydin
88.3,2717,4.18,2026-10-19T00:47:00.000,14.23,487.7,2.23,110.84,OK,E. Aydin
91,3685,5.06,2026-10-19T00:54:00.000,16.48,582.6,1.91,110.9,OK,E. Aydin
95,3471,4.34,2026-10-19T01:00:00.000,14.63,604.7,1.79,111.01,OK,E. Aydin
88,3320,4.4,2026-10-19T01:02:00.000,15.89,557.3,2,111.06,OK,D. Sahin
83.9,3050,4.73,2026-10-19T01:09:00.000,13.8,516.1,1.91,111.16,OK,C. Yildiz
85.4,3114,,2026-10-19T01:12:00.000,13.83,526,2.68,111.27,OK,E. Aydin
86.2,3997,4.76,2026-10-19T01:16:00.000,20.14,609,2.33,111.32,OK,E. Aydin
88.2,3277,4.8,2026-10-19T01:24:00.000,15.62,547.2,2.75,111.38,OK,E. Aydin
87.7,4019,4.78,2026-10-19T01:31:00.000,17.85,597.4,2.07,111.46,OK,E. Aydin
87.1,2965,4.56,2026-10-19T01:35:00.000,13.31,523.7,1.52,111.55,OK,B. Kaya
89.6,3364,4.78,2026-10-19T01:40:00.000,15.79,579.8,1.84,111.59,OK,D. Sahin
88,3305,4.78,2026-10-19T01:47:00.000,13.09,560.7,2.05,111.63,OK,D. Sahin
88.4,3375,4.46,2026-10-19T01:54:00.000,14.84,551.2,2.43,111.74,OK,B. Kaya
86.6,3690,5.29,2026-10-19T02:02:00.000,16.32,599.5,3.05,111.84,WARNING,D. Sahin
86,2943,3.97,2026-10-19T02:07:00.000,14.26,514.2,1.97,111.9,OK,E. Aydin
86.7,2916,4.73,2026-10-19T02:15:00.000,16.14,504,1.55,111.94,OK,E. Aydin
83.4,3073,5.01,2026-10-19T02:18:00.000,14.29,515.2,1.66,111.97,OK,C. Yildiz
87.8,3655,4.34,2026-10-19T02:24:00.000,16.3,575.8,1.93,112.01,OK,E. Aydin
89.2,4334,,2026-10-19T02:30:00.000,17.14,610,2.37,112.05,OK,A. Demir
82.6,3502,4.65,2026-10-19T02:34:00.000,15.52,554.4,2.28,112.1,OK,D. Sahin
84,3273,4.66,2026-10-19T02:38:00.000,14.09,519.7,1.9,112.2,OK,B. Kaya
82.2,3605,5.23,2026-10-19T02:41:00.000,16.13,546.4,1.85,112.22,OK,B. Kaya
87.1,4935,5.59,2026-10-19T02:49:00.000,18.05,643.3,2.34,112.29,OK,D. Sahin
88.2,3243,4.47,2026-10-19T02:56:00.000,15.89,534.8,1.93,112.4,OK,A. Demir
86.6,3030,4.38,2026-10-19T03:02:00.000,15.71,533.1,1.8,112.5,OK,D. Sahin
87.7,3528,5.17,2026-10-19T03:09:00.000,15.34,573.2,2.03,112.54,OK,E. Aydin
89.3,3585,4.46,2026-10-19T03:16:00.000,15.7,600.5,2.47,112.57,OK,A. Demir
85.3,3555,4.93,2026-10-19T03:23:00.000,15.72,560.5,2.06,112.61,OK,A. Demir
89.9,4218,5.23,2026-10-19T03:27:00.000,18.92,638,2.58,112.73,OK,C. Yildiz
85.7,3082,4.6,2026-10-19T03:34:00.000,12.28,540.3,1.7,112.81,OK,D. Sahin
87.7,3516,4.4,2026-10-19T03:36:00.000,14.71,561.9,2.36,112.87,OK,A. Demir
84.3,3200,4.14,2026-10-19T03:42:00.000,15.46,560,1.61,112.94,OK,C. Yildiz
84.7,3035,4.34,2026-10-19T03:47:00.000,14.19,492,1.66,113.01,OK,C. Yildiz
90.3,,4.76,2026-10-19T03:53:00.000,15.27,552.6,2.33,113.12,OK,B. Kaya
84.5,3479,5.08,2026-10-19T03:57:00.000,15.6,547,2.04,113.19,OK,A. Demir
88.7,3356,5.13,2026-10-19T04:03:00.000,15.61,581,1.74,113.23,OK,A. Demir
86.3,3386,4.43,2026-10-19T04:05:00.000,14.77,584,1.87,113.27,WARNING,B. Kaya
87.5,3018,4.33,2026-10-19T04:08:00.000,14.25,528.6,2.23,113.36,OK,A. Demir
90.4,3433,5.08,2026-10-19T04:15:00.000,16.14,545.7,2.38,113.42,OK,E. Aydin
89.4,3196,4.59,2026-10-19T04:21:00.000,14,523.8,2.06,113.51,OK,C. Yildiz
89,3355,4.66,2026-10-19T04:28:00.000,14.18,570.7,1.72,113.53,OK,E. Aydin
88.2,3317,4.13,2026-10-19T04:36:00.000,16.64,570.2,2.27,113.64,OK,C. Yildiz
86.2,3489,4.52,2026-10-19T04:42:00.000,14.5,559.1,2.25,113.74,OK,D. Sahin
87.8,3318,4.6,2026-10-19T04:50:00.000,15.09,573.5,1.94,113.83,OK,A. Demir
90.6,3477,5.13,2026-10-19T04:55:00.000,17,582,2.61,113.95,OK,E. Aydin
83.3,3048,4.46,2026-10-19T04:57:00.000,14.46,547.8,2,114.05,OK,C. Yildiz
84.6,2843,4.45,2026-10-19T05:03:00.000,12.9,516,1.75,114.13,OK,E. Aydin
84.7,3159,4.62,2026-10-19T05:10:00.000,14.26,523.8,2.63,114.19,OK,B. Kaya
88.8,3102,4.59,2026-10-19T05:17:00.000,14.02,534,2.11,114.27,OK,B. Kaya
80.4,2727,3.74,2026-10-19T05:23:00.000,13.02,498.5,1.6,114.3,OK,D. Sahin
79.4,3298,4.22,2026-10-19T05:31:00.000,14.39,535.9,1.83,114.36,OK,D. Sahin
82.6,2509,4.39,2026-10-19T05:39:00.000,13.18,466.1,2.25,114.45,OK,E. Aydin
86.6,3096,4.96,2026-10-19T05:43:00.000,14.23,530.5,1.98,114.49,OK,D. Sahin
83.7,3336,4.76,2026-10-19T05:51:00.000,13.98,527.8,2.2,114.56,OK,A. Demir
84.5,2736,,2026-10-19T05:58:00.000,13.47,496.9,1.97,114.61,OK,E. Aydin
84.9,3039,4.18,2026-10-19T06:06:00.000,13.44,523.1,1.75,114.66,OK,B. Kaya
83.3,2990,4.6,2026-10-19T06:10:00.000,14.9,514.7,1.6,114.72,OK,E. Aydin
85.3,3353,4.68,2026-10-19T06:13:00.000,15.68,555.4,2.13,114.79,OK,B. Kaya
83.1,2379,4.3,2026-10-19T06:17:00.000,11.68,459.9,1.49,114.9,OK,E. Aydin
89,3356,4.38,2026-10-19T06:23:00.000,14.02,563.2,2.39,114.99,OK,B. Kaya
85.4,2128,3.83,2026-10-19T06:26:00.000,10.72,414.4,1.23,115.03,OK,E. Aydin
80.5,1910,4.11,2026-10-19T06:31:00.000,9.87,407.4,1.33,115.05,OK,C. Yildiz
80.7,2846,4.58,2026-10-19T06:34:00.000,12.58,490.5,1.67,115.15,OK,B. Kaya
79.1,2249,3.93,2026-10-19T06:41:00.000,12.14,480,1.39,115.25,OK,E. Aydin
88,3040,4.23,2026-10-19T06:46:00.000,14.14,536.1,2.18,115.32,OK,D. Sahin
85.2,2486,4.14,2026-10-19T06:53:00.000,12.14,459.2,2,115.36,WARNING,A. Demir
87.6,3286,4.47,2026-10-19T07:01:00.000,13.7,539.1,2.33,115.45,OK,E. Aydin
82.6,2166,3.76,2026-10-19T07:07:00.000,11.27,470.2,1.44,115.5,OK,C. Yildiz
88.5,2460,4.22,2026-10-19T07:15:00.000,12.55,462.6,2.04,115.54,OK,A. Demir
85.7,3029,4.62,2026-10-19T07:23:00.000,14.07,518,1.9,115.57,OK,E. Aydin
83.2,2692,4.29,2026-10-19T07:26:00.000,11.93,503.3,1.48,115.62,OK,A. Demir
80,2266,4.39,2026-10-19T07:29:00.000,11.85,458.3,1.47,115.66,OK,B. Kaya
84.8,1967,3.95,2026-10-19T07:35:00.000,9.31,412.1,1.29,115.76,OK,B. Kaya
84.3,2140,3.92,2026-10-19T07:42:00.000,11.59,443,1.83,115.87,OK,B. Kaya
81.7,2187,3.98,2026-10-19T07:44:00.000,13.08,442.6,1.36,115.98,OK,C. Yildiz
78.1,1989,3.62,2026-10-19T07:50:00.000,10.92,410.7,1.79,116.05,OK,D. Sahin
89.9,2817,4.55,2026-10-19T07:52:00.000,12.52,483.5,2.26,116.13,OK,C. Yildiz
86.1,2214,4.06,2026-10-19T07:58:00.000,10.34,430.4,1.5,116.21,OK,E. Aydin
86.4,2422,3.73,2026-10-19T08:04:00.000,13.12,482.4,1.59,116.27,OK,C. Yildiz
84.5,3165,3.8,2026-10-19T08:10:00.000,13.96,513.3,1.85,116.33,OK,A. Demir
80.4,2125,4.19,2026-10-19T08:15:00.000,11.02,452,1.6,116.43,OK,B. Kaya
83.4,2759,3.68,2026-10-19T08:21:00.000,12.46,467.8,1.66,116.52,OK,A. Demir
81.5,2183,3.93,2026-10-19T08:28:00.000,12.27,432.2,1.47,116.55,OK,A. Demir
,2103,3.75,2026-10-19T08:33:00.000,8.97,457.9,1.48,116.6,OK,C. Yildiz
80.4,2376,4.33,2026-10-19T08:38:00.000,11.53,459,1.39,116.69,OK,D. Sahin
85.6,2627,3.98,2026-10-19T08:40:00.000,12.63,495.1,1.42,116.75,OK,A. Demir
83.7,2702,5.09,2026-10-19T08:42:00.000,13.59,502.1,1.95,116.8,OK,D. Sahin
79.9,1776,4.17,2026-10-19T08:48:00.000,10.79,418.1,1.37,116.83,OK,B. Kaya
77.2,1784,3.79,2026-10-19T08:53:00.000,9.79,367.5,1.44,116.86,OK,C. Yildiz
83.9,2193,3.89,2026-10-19T08:55:00.000,11.89,426.3,1.71,116.91,OK,D. Sahin
84.6,2303,3.44,2026-10-19T08:59:00.000,13.01,447,1.96,117.02,OK,A. Demir
77.8,2123,4.6,2026-10-19T09:03:00.000,9.65,441,1.88,117.1,OK,E. Aydin
82.7,2226,4.13,2026-10-19T09:08:00.000,11.93,461.9,1.89,117.17,OK,C. Yildiz
86.7,2603,3.88,2026-10-19T09:16:00.000,11.58,486.5,1.41,117.25,OK,A. Demir
77.2,1514,4.19,2026-10-19T09:24:00.000,9.89,363.6,1,117.3,OK,D. Sahin
80.8,2099,3.54,2026-10-19T09:28:00.000,9.36,444.8,1.2,117.32,OK,B. Kaya
80.4,2549,4.09,2026-10-19T09:34:00.000,10.78,457.7,1.75,117.35,OK,E. Aydin
79.3,1412,3.26,2026-10-19T09:38:00.000,8.35,351.4,2.14,117.45,OK,A. Demir
83.8,2089,3.85,2026-10-19T09:46:00.000,10.71,448.3,1.23,117.49,OK,D. Sahin
78.1,1397,3.15,2026-10-19T09:50:00.000,7.15,364.4,2.4,117.59,OK,E. Aydin
80.6,1465,3.22,2026-10-19T09:57:00.000,7.24,377.5,0.95,117.67,OK,E. Aydin
79.4,1495,2.95,2026-10-19T10:04:00.000,8.26,376.3,1.09,117.75,OK,A. Demir
80.8,1778,3.61,2026-10-19T10:08:00.000,10.51,421.6,1.23,117.82,OK,B. Kaya
81.5,1918,3.58,2026-10-19T10:14:00.000,12.27,415.2,1.95,117.9,OK,E. Aydin
80.7,1613,3.58,2026-10-19T10:17:00.000,7.28,375.5,1.01,117.97,OK,C. Yildiz
76.3,1038,3.15,2026-10-19T10:24:00.000,6.46,326.1,1.1,118.04,OK,B. Kaya
78.2,1417,4.28,2026-10-19T10:26:00.000,10.08,385,1.26,118.12,OK,B. Kaya
76.1,1338,3.7,2026-10-19T10:34:00.000,8.61,356.4,1.62,118.15,OK,E. Aydin
76.7,815,3.07,2026-10-19T10:37:00.000,6.88,337.2,0.8,118.19,OK,E. Aydin
76,1150,2.97,2026-10-19T10:44:00.000,7.22,326.7,1.39,118.24,OK,A. Demir
81.6,1166,3.32,2026-10-19T10:50:00.000,8.89,322.3,1.39,118.35,OK,A. Demir
78.4,1281,3.42,2026-10-19T10:55:00.000,8.24,367.5,0.86,118.41,OK,C. Yildiz
76.2,1203,3.96,2026-10-19T11:00:00.000,8.4,328.6,0.95,118.5,OK,D. Sahin
79.1,1678,3.83,2026-10-19T11:08:00.000,9.09,400.6,1.69,118.59,OK,D. Sahin
79.6,1129,4.28,2026-10-19T11:11:00.000,6.23,353.4,1.32,118.68,OK,D. Sahin
79.4,1234,2.88,2026-10-19T11:14:00.000,6.92,341.7,1.2,118.77,OK,A. Demir
77.1,926,3.15,2026-10-19T11:16:00.000,6.7,317.4,1.05,118.8,OK,B. Kaya
76.8,1408,3.47,2026-10-19T11:21:00.000,8.85,376.1,1.36,118.89,OK,E. Aydin
72.9,800,3.5,2026-10-19T11:28:00.000,6.14,292.3,0.77,119.01,OK,C. Yildiz
76.2,1533,3.64,2026-10-19T11:35:00.000,8.67,359.5,1.13,119.08,OK,D. Sahin
76.6,1411,3.7,2026-10-19T11:40:00.000,8.89,399,0.91,119.18,OK,C. Yildiz
75,1048,3.33,2026-10-19T11:46:00.000,6.95,306.3,0.77,119.21,OK,C. Yildiz
79.3,1526,3.31,2026-10-19T11:51:00.000,8.84,369.1,1.18,119.25,OK,D. Sahin
75.3,1432,3.13,2026-10-19T11:54:00.000,8.91,362.9,0.97,119.35,OK,A. Demir
79.1,823,3.75,2026-10-19T11:57:00.000,6.58,311.6,1.63,119.44,OK,D. Sahin
74,800,3.17,2026-10-19T12:01:00.000,6.89,278.5,0.68,119.47,OK,C. Yildiz
77.4,1297,3.93,2026-10-19T12:04:00.000,9.32,356.7,0.85,119.52,OK,D. Sahin
76.4,879,2.67,2026-10-19T12:08:00.000,7.73,293.7,1.59,119.57,OK,B. Kaya
79,800,3.66,2026-10-19T12:13:00.000,6.22,315.7,0.78,119.67,OK,E. Aydin
79.4,1040,3.86,2026-10-19T12:19:00.000,7.85,336.8,0.78,119.72,OK,A. Demir
80.1,1537,3.48,2026-10-19T12:23:00.000,9.11,369.1,0.94,119.76,OK,A. Demir
78.9,1250,3.22,2026-10-19T12:29:00.000,7.78,355.2,0.83,119.85,OK,D. Sahin
76.1,1426,3.91,2026-10-19T12:37:00.000,7.04,394.1,1.29,119.92,OK,B. Kaya
76.5,1780,4.04,2026-10-19T12:43:00.000,11.32,412,1.07,119.96,OK,A. Demir
75.3,1155,4.05,2026-10-19T12:47:00.000,7.47,336.4,0.98,120.04,OK,B. Kaya
76.5,800,3.02,2026-10-19T12:55:00.000,7.22,318.5,1.01,120.08,OK,A. Demir
74.8,996,2.94,2026-10-19T12:59:00.000,7.21,312,1.46,120.14,OK,D. Sahin
81.2,809,2.59,2026-10-19T13:04:00.000,6.38,325.6,0.88,120.17,OK,C. Yildiz
78.9,1203,3.14,2026-10-19T13:10:00.000,8.91,342.2,0.85,120.25,OK,B. Kaya
75.9,1261,3.8,2026-10-19T13:16:00.000,8.26,364.6,1.37,120.28,OK,D. Sahin
81.8,1508,3.83,2026-10-19T13:18:00.000,8.92,379.2,1.02,120.38,OK,A. Demir
76,987,3.9,2026-10-19T13:23:00.000,7.47,331.7,0.84,120.48,OK,A. Demir
75.1,1491,3.66,2026-10-19T13:30:00.000,9.65,355.3,1.68,120.6,OK,D. Sahin
78.2,800,3.55,2026-10-19T13:35:00.000,5.41,320.8,0.82,120.63,OK,C. Yildiz
75.4,1235,3.31,2026-10-19T13:39:00.000,8,337.2,0.9,120.68,OK,E. Aydin
77.2,1143,3.92,2026-10-19T13:47:00.000,7.38,351.5,1.21,120.78,OK,B. Kaya
78.9,1198,3.38,2026-10-19T13:50:00.000,5.91,349.5,0.9,120.85,OK,A. Demir
77,1348,3.83,2026-10-19T13:53:00.000,8.37,380.4,0.89,120.97,OK,D. Sahin
80.5,1216,3.46,2026-10-19T13:58:00.000,7.42,340.2,0.88,121,OK,C. Yildiz
82.1,1709,4.05,2026-10-19T14:04:00.000,9.7,393.9,1.3,121.1,OK,D. Sahin
72.9,978,3.48,2026-10-19T14:10:00.000,6.24,341.3,1.16,121.13,OK,C. Yildiz
78.5,1227,3.54,2026-10-19T14:16:00.000,7.64,312.6,1.81,121.22,OK,D. Sahin
74.9,1202,3.35,2026-10-19T14:24:00.000,7.97,338.7,1.5,121.33,OK,A. Demir
80.3,1375,3.96,2026-10-19T14:26:00.000,8.16,327.1,1.21,121.41,OK,D. Sahin
75.4,800,4.07,2026-10-19T14:29:00.000,5.9,273.6,0.86,121.52,OK,C. Yildiz
76.6,1222,3.59,2026-10-19T14:35:00.000,8.65,340.1,0.86,121.56,WARNING,B. Kaya
72.6,800,3.08,2026-10-19T14:43:00.000,6.72,309.6,0.79,121.63,OK,C. Yildiz
77.8,1218,4.12,2026-10-19T14:51:00.000,7.8,360.1,0.81,121.66,OK,C. Yildiz
74.6,1157,3.79,2026-10-19T14:57:00.000,7.93,340.5,0.95,121.71,OK,B. Kaya
75.5,1629,3.45,2026-10-19T15:02:00.000,9.72,401.3,1.45,121.8,OK,C. Yildiz
80.8,,4.09,2026-10-19T15:07:00.000,6.49,334,1.53,121.9,OK,D. Sahin
79.4,1186,3.76,2026-10-19T15:14:00.000,6.67,347.5,1.12,122.01,OK,D. Sahin
78.2,1434,4.06,2026-10-19T15:17:00.000,7.87,356.1,1.23,122.1,OK,E. Aydin
78.9,1537,3.16,2026-10-19T15:23:00.000,7.64,383.1,0.98,122.12,OK,C. Yildiz
75.2,1219,3.17,2026-10-19T15:27:00.000,6.16,317.4,1.12,122.16,OK,A. Demir
78.2,1358,3.94,2026-10-19T15:30:00.000,7.69,358.6,1.61,122.21,OK,B. Kaya
76.8,1137,3.61,2026-10-19T15:36:00.000,8.19,338.7,1.15,122.27,OK,E. Aydin
80,1097,2.9,2026-10-19T15:40:00.000,6.52,366.3,1.69,122.32,OK,E. Aydin
81.4,1163,3.71,2026-10-19T15:44:00.000,8.87,344.4,1.38,122.36,OK,E. Aydin
81.5,1336,3.83,2026-10-19T15:47:00.000,8.24,343.6,0.87,0.11,OK,E. Aydin
77.3,962,2.54,2026-10-19T15:52:00.000,6.42,335.8,0.92,0.14,OK,C. Yildiz
76.4,1443,4.33,2026-10-19T16:00:00.000,8.3,353.4,1.34,0.22,OK,D. Sahin
79.4,2086,4.81,2026-10-19T16:02:00.000,10.91,437.8,1.6,0.32,OK,B. Kaya
73.9,1457,4.15,2026-10-19T16:06:00.000,10.04,368.7,1.6,0.37,OK,E. Aydin
80.4,1496,3.26,2026-10-19T16:09:00.000,7.48,372.4,1.19,0.42,OK,B. Kaya
78.5,1478,3.66,2026-10-19T16:11:00.000,9.06,388.7,1.42,0.45,OK,B. Kaya
83.7,1603,3.33,2026-10-19T16:17:00.000,9.8,389.9,1.32,0.48,OK,A. Demir
78.7,1395,2.9,2026-10-19T16:25:00.000,8.12,371.3,1.13,0.55,OK,A. Demir
77.8,1640,3.85,2026-10-19T16:31:00.000,8,381.6,1.19,0.57,OK,E. Aydin
75.8,892,3.42,2026-10-19T16:38:00.000,6.14,315.9,1.12,0.62,OK,D. Sahin
78.8,1781,4.21,2026-10-19T16:42:00.000,11.6,390,1.24,0.71,OK,B. Kaya
76.4,1406,2.7,2026-10-19T16:45:00.000,6.68,347.3,1.23,0.74,OK,D. Sahin
74.4,1392,,2026-10-19T16:47:00.000,6.85,359.2,1.23,0.77,OK,D. Sahin
79.8,1278,3.61,2026-10-19T16:52:00.000,7.8,353.3,1.31,0.83,OK,E. Aydin
75.4,1166,3.79,2026-10-19T16:58:00.000,6.37,356.3,0.95,0.88,OK,D. Sahin
78.5,1253,3.41,2026-10-19T17:04:00.000,7.94,346.1,1.1,0.9,OK,E. Aydin
82.4,1346,3.59,2026-10-19T17:12:00.000,7.87,350.2,1.22,1.02,OK,B. Kaya
77.1,1557,3.99,2026-10-19T17:16:00.000,9.31,375.9,1.07,1.13,OK,A. Demir
82.1,2053,4.23,2026-10-19T17:18:00.000,11.08,426.4,1.23,1.15,OK,E. Aydin
82.1,1520,3.54,2026-10-19T17:23:00.000,9.06,399.9,0.97,1.23,OK,A. Demir
78.7,1191,3.01,2026-10-19T17:28:00.000,7.75,334.7,1.99,1.34,OK,B. Kaya
77.7,1009,3.18,2026-10-19T17:32:00.000,6.51,333.5,0.96,1.37,OK,B. Kaya
74.6,1578,3.04,2026-10-19T17:38:00.000,8.37,374.3,1.28,1.45,OK,D. Sahin
75.5,1264,3.61,2026-10-19T17:40:00.000,6.23,340.6,1.1,1.53,OK,D. Sahin
74.6,1885,4.21,2026-10-19T17:45:00.000,9.04,408.8,1.26,1.61,OK,A. Demir
73.8,1139,2.96,2026-10-19T17:51:00.000,7.21,343.6,0.81,1.65,OK,C. Yildiz
82.6,1741,4.18,2026-10-19T17:53:00.000,9.31,391,1.34,1.73,WARNING,E. Aydin
81,1500,3.53,2026-10-19T18:00:00.000,8.74,363.4,1.59,1.82,OK,D. Sahin
84.7,2197,4.26,2026-10-19T18:08:00.000,12.59,457.9,1.99,1.86,OK,B. Kaya
81.2,1575,3.88,2026-10-19T18:14:00.000,8.35,391.1,1,1.92,OK,A. Demir
83.7,2033,3.6,2026-10-19T18:16:00.000,11.49,441.6,1.14,1.94,OK,A. Demir
74.6,1765,4.29,2026-10-19T18:20:00.000,9.76,394.3,1.81,1.98,WARNING,C. Yildiz
78.4,1882,4.01,2026-10-19T18:24:00.000,10.06,402.8,1.23,2.03,OK,C. Yildiz
82.1,1694,3.69,2026-10-19T18:31:00.000,11.11,425.8,1.29,2.12,OK,B. Kaya
81.6,1964,4.24,2026-10-19T18:36:00.000,10.87,421.2,1.25,2.19,WARNING,E. Aydin
77.2,1774,4.45,2026-10-19T18:43:00.000,8.78,376.2,2.51,2.27,OK,A. Demir
83.6,1713,4.02,2026-10-19T18:48:00.000,10.08,386.3,1.01,2.33,OK,C. Yildiz
81,2084,3.9,2026-10-19T18:56:00.000,9.33,430.5,1.29,2.4,OK,E. Aydin
81.8,2802,4.94,2026-10-19T18:59:00.000,13.98,493.9,1.92,2.47,OK,C. Yildiz
80.2,2004,4.17,2026-10-19T19:04:00.000,10.64,395.4,1.29,2.58,WARNING,B. Kaya
,2033,4.12,2026-10-19T19:10:00.000,9.39,406.2,1.41,2.7,OK,A. Demir
79.1,2270,3.85,2026-10-19T19:14:00.000,10.99,462.7,1.54,2.79,OK,D. Sahin
78.9,2319,4.48,2026-10-19T19:21:00.000,11.78,455.5,1.68,2.81,OK,C. Yildiz
81.7,2430,4.53,2026-10-19T19:23:00.000,12.68,458.3,1.76,2.88,OK,B. Kaya
84.8,3218,4.68,2026-10-19T19:29:00.000,14.25,535.8,2.11,2.98,OK,A. Demir
79,1744,3.96,2026-10-19T19:36:00.000,8.76,367.5,1.53,3.06,OK,E. Aydin
82.2,2649,4.59,2026-10-19T19:44:00.000,13.06,487.9,1.49,3.11,OK,A. Demir
79.5,1820,3.79,2026-10-19T19:52:00.000,9.34,421.1,1.42,3.18,OK,B. Kaya
84.6,2971,5.16,2026-10-19T19:58:00.000,14.08,523.7,2.16,3.2,OK,A. Demir
83.2,2448,4.5,2026-10-19T20:02:00.000,11.4,483.8,1.76,3.28,OK,D. Sahin
82.2,1734,3.57,2026-10-19T20:07:00.000,10.88,399.9,1.31,3.35,WARNING,A. Demir
84.1,2759,4.38,2026-10-19T20:13:00.000,12.56,525.5,1.7,3.38,OK,E. Aydin
79.8,2688,4.66,2026-10-19T20:17:00.000,14.84,491.4,2.24,3.49,OK,D. Sahin
83.8,2261,3.78,2026-10-19T20:25:00.000,13.02,446.8,1.59,3.56,OK,B. Kaya
88.1,3489,4.65,2026-10-19T20:30:00.000,15.83,552.5,2.26,3.61,OK,C. Yildiz
84.7,2614,4.9,2026-10-19T20:33:00.000,12.79,492.9,1.43,3.68,OK,A. Demir
82.3,2707,4.26,2026-10-19T20:40:00.000,12.37,506.7,2.25,3.8,OK,E. Aydin
90.1,3063,4.57,2026-10-19T20:47:00.000,12.57,522,2.04,3.89,OK,D. Sahin
82.5,2083,3.9,2026-10-19T20:55:00.000,10.97,463.4,1.33,3.96,OK,C. Yildiz
83,2842,3.88,2026-10-19T21:01:00.000,13.97,501.1,1.64,4.02,OK,D. Sahin
81.8,2350,4.26,2026-10-19T21:05:00.000,10.07,455.9,2.08,4.12,OK,B. Kaya
77.9,2249,4.03,2026-10-19T21:13:00.000,10.76,444.6,1.4,4.17,OK,B. Kaya
80.8,2940,4.4,2026-10-19T21:21:00.000,14.22,525.1,1.62,4.26,OK,D. Sahin
83.2,3093,4.77,2026-10-19T21:25:00.000,13.29,532.8,2.75,4.29,OK,D. Sahin
82.8,3012,4.13,2026-10-19T21:33:00.000,14.64,505.6,1.72,4.32,OK,D. Sahin
88,3372,4.64,2026-10-19T21:36:00.000,14.48,550.1,1.99,4.39,OK,B. Kaya
85.4,3381,5.25,2026-10-19T21:40:00.000,14.99,558.8,1.94,4.49,OK,A. Demir
85.1,2995,,2026-10-19T21:48:00.000,12.73,514.9,1.93,4.56,OK,C. Yildiz
87.1,3033,4.26,2026-10-19T21:51:00.000,12.53,541,2.45,4.61,OK,E. Aydin
80.6,2899,5.04,2026-10-19T21:58:00.000,14.19,504.6,1.65,4.65,OK,A. Demir
89.2,2936,4.28,2026-10-19T22:03:00.000,12.33,531.9,2.09,4.68,OK,C. Yildiz
84.9,3498,5.49,2026-10-19T22:09:00.000,15.48,554.3,1.86,4.78,OK,B. Kaya
91.1,2874,3.82,2026-10-19T22:14:00.000,12.77,498.9,1.48,4.86,OK,C. Yildiz
86.4,3356,4.82,2026-10-19T22:20:00.000,14.13,566.1,2.09,4.91,OK,A. Demir
88.4,3405,4.4,2026-10-19T22:23:00.000,14.7,592.8,1.89,4.98,OK,C. Yildiz
80.7,3130,4.95,2026-10-19T22:29:00.000,15.87,519.9,2.22,5.08,OK,D. Sahin
83,3675,5.51,2026-10-19T22:33:00.000,16.89,560.5,2.47,5.14,OK,C. Yildiz
90.3,3005,4.43,2026-10-19T22:38:00.000,13.09,515.6,1.96,5.19,WARNING,A. Demir
84.2,3130,4.05,2026-10-19T22:41:00.000,14.5,547.2,2.26,5.23,OK,C. Yildiz
89.9,3093,4.91,2026-10-19T22:48:00.000,15.03,539.1,1.65,5.29,OK,D. Sahin
89.2,3591,4.69,2026-10-19T22:56:00.000,16.69,572.2,2.41,5.38,OK,B. Kaya
87.4,3058,4.71,2026-10-19T23:02:00.000,11.89,542.1,1.99,5.46,OK,A. Demir
85,2809,4.09,2026-10-19T23:09:00.000,12.05,523.7,1.59,5.51,OK,E. Aydin
87.4,3529,4.97,2026-10-19T23:12:00.000,14.61,573.4,2,5.62,OK,B. Kaya
89.5,3695,4.54,2026-10-19T23:15:00.000,15.45,599.1,1.82,5.64,OK,E. Aydin
87.1,3554,4.45,2026-10-19T23:18:00.000,15.39,578.5,1.84,5.74,OK,E. Aydin
86.5,3229,4.97,2026-10-19T23:21:00.000,15.77,528.1,1.7,5.8,OK,A. Demir
86.3,3054,4.43,2026-10-19T23:31:00.000,13.77,549.3,1.82,5.92,OK,E. Aydin
90.3,3556,4.37,2026-10-19T23:35:00.000,15.71,578.7,1.86,5.99,OK,B. Kaya
85,3053,4.19,2026-10-19T23:41:00.000,14.58,535.2,1.95,6.03,OK,B. Kaya
86.5,3312,4.29,2026-10-19T23:44:00.000,15.19,546.4,1.73,6.13,OK,D. Sahin
89.7,4144,5.48,2026-10-19T23:46:00.000,16.85,635.9,2.35,6.16,OK,C. Yildiz
84.1,3453,5.39,2026-10-19T23:53:00.000,14.87,526.9,2.34,6.22,OK,C. Yildiz
88.7,3335,4.03,2026-10-20T00:00:00.000,15.88,564.2,2.24,6.26,OK,B. Kaya
90.5,3467,4.22,2026-10-20T00:03:00.000,15.21,546.6,2.36,6.32,OK,C. Yildiz
82.7,3713,4.87,2026-10-20T00:05:00.000,16.93,557.5,2.26,6.44,OK,D. Sahin
90.4,3113,4.7,2026-10-20T00:10:00.000,14.1,520,1.88,6.52,OK,E. Aydin
91.7,3764,5.08,2026-10-20T00:16:00.000,17.78,615.1,2.44,6.57,OK,C. Yildiz
,3523,4.75,2026-10-20T00:18:00.000,15.58,558,2.15,6.59,OK,C. Yildiz
88,3667,4.13,2026-10-20T00:23:00.000,17.36,575.4,2.13,6.67,OK,C. Yildiz
82.9,3242,4.73,2026-10-20T00:30:00.000,15.83,529.3,2.34,6.7,OK,A. Demir
82.9,2810,4.44,2026-10-20T00:34:00.000,13.8,519.5,1.61,6.78,OK,D. Sahin
86.3,3477,4.5,2026-10-20T00:41:00.000,16.65,551.2,1.84,6.89,OK,D. Sahin
84.1,3192,4.97,2026-10-20T00:44:00.000,13.43,527.3,2.07,6.95,OK,B. Kaya
85.6,3097,4.6,2026-10-20T00:48:00.000,13.16,529.3,1.99,7.05,OK,D. Sahin
90.9,3249,5.08,2026-10-20T00:51:00.000,13.93,545.6,1.74,7.15,OK,D. Sahin
89.5,3497,4.41,2026-10-20T00:57:00.000,16.23,574.3,1.82,7.18,OK,A. Demir
84.8,3443,5.42,2026-10-20T01:05:00.000,14.51,536.5,1.9,7.26,OK,A. Demir
81.5,3251,4.38,2026-10-20T01:13:00.000,14.6,537,2.33,7.38,OK,E. Aydin
84.2,3250,5.12,2026-10-20T01:20:00.000,13.34,553.3,1.79,7.45,OK,B. Kaya
85.4,3155,4.82,2026-10-20T01:25:00.000,14.09,552.6,2.04,7.56,WARNING,D. Sahin
86.7,2987,4.79,2026-10-20T01:28:00.000,13.13,524.9,1.97,7.61,OK,D. Sahin
87.9,2725,3.9,2026-10-20T01:32:00.000,12.82,501.8,1.87,7.64,OK,D. Sahin
89.8,3535,4.61,2026-10-20T01:40:00.000,17.05,563.2,2.26,7.73,OK,B. Kaya
87.4,3216,,2026-10-20T01:42:00.000,14.39,519.1,2.6,7.76,OK,A. Demir
84.6,3238,5.01,2026-10-20T01:47:00.000,14.46,555.1,1.65,7.81,OK,C. Yildiz
84.4,3181,5.26,2026-10-20T01:51:00.000,12.75,525.3,2.24,7.92,OK,B. Kaya
82.6,3176,4.88,2026-10-20T01:59:00.000,14.13,549.1,2.13,8.02,OK,E. Aydin
91.5,3866,4.62,2026-10-20T02:02:00.000,15.23,582.9,2.5,8.08,OK,E. Aydin
86.5,4042,5.09,2026-10-20T02:05:00.000,17.44,624.7,2.58,8.11,OK,A. Demir
87.9,3605,4.87,2026-10-20T02:09:00.000,15.04,580.7,2.3,8.19,OK,B. Kaya
85.9,3211,4.96,2026-10-20T02:11:00.000,14.44,562.7,2.15,8.25,OK,B. Kaya
87.3,3654,5.2,2026-10-20T02:19:00.000,15.89,584.3,2.37,8.31,OK,C. Yildiz
87.8,3185,5.23,2026-10-20T02:23:00.000,14.47,562.2,2.07,8.37,OK,B. Kaya
88.1,3555,5.51,2026-10-20T02:31:00.000,16.9,581.9,1.88,8.46,OK,A. Demir
84.9,3656,4.89,2026-10-20T02:37:00.000,17.5,588.9,1.84,8.56,OK,C. Yildiz
86.2,3306,4.76,2026-10-20T02:42:00.000,16.2,563.5,1.88,8.62,OK,C. Yildiz
88.6,3728,5.25,2026-10-20T02:45:00.000,16.45,604.3,1.86,8.65,OK,B. Kaya
83.8,3175,4.94,2026-10-20T02:53:00.000,14.17,533.9,1.81,8.72,WARNING,E. Aydin
86.6,3581,4.82,2026-10-20T02:59:00.000,15.96,592.8,2.2,8.75,OK,D. Sahin
87.5,2926,4.12,2026-10-20T03:03:00.000,13.35,501.8,1.49,8.85,OK,B. Kaya
86.1,2810,4.22,2026-10-20T03:08:00.000,12.36,516.6,1.48,8.94,OK,B. Kaya
89.7,3081,4.13,2026-10-20T03:15:00.000,13.39,527.8,2.09,9.01,WARNING,E. Aydin
87,3164,5.16,2026-10-20T03:20:00.000,16.03,491.7,1.98,9.1,OK,D. Sahin
84.7,3014,4.31,2026-10-20T03:27:00.000,14.32,538.6,1.65,9.18,OK,E. Aydin
88.3,2731,4.68,2026-10-20T03:32:00.000,13.89,488,2.02,9.25,OK,C. Yildiz
83.9,2483,4.06,2026-10-20T03:37:00.000,12.05,479.4,2.14,9.33,OK,A. Demir
90,2883,4.51,2026-10-20T03:42:00.000,12.92,497.2,2,9.44,OK,B. Kaya
79.9,,4.44,2026-10-20T03:50:00.000,13.15,489.4,1.94,9.55,OK,C. Yildiz
88.8,3076,4.18,2026-10-20T03:53:00.000,15.62,529.1,1.79,9.64,OK,E. Aydin
83.1,2432,4.73,2026-10-20T03:56:00.000,11.14,464,1.68,9.72,OK,E. Aydin
88.7,2972,4.38,2026-10-20T04:03:00.000,12.5,518.5,2.48,9.8,OK,C. Yildiz
82.4,2820,4.37,2026-10-20T04:07:00.000,11.98,508.7,1.84,9.84,OK,B. Kaya
86.9,2838,4.09,2026-10-20T04:15:00.000,13.45,464.6,2.03,9.91,OK,A. Demir
83.3,2250,3.81,2026-10-20T04:20:00.000,12.76,444.9,1.58,10.02,OK,A. Demir
87,3288,4.35,2026-10-20T04:28:00.000,14.69,552,2.45,10.13,OK,A. Demir
83.7,2333,4.16,2026-10-20T04:34:00.000,9.88,464.1,1.78,10.22,OK,C. Yildiz
82.2,2545,4.39,2026-10-20T04:36:00.000,12.67,446.6,1.89,10.31,OK,D. Sahin
80.2,2261,3.58,2026-10-20T04:42:00.000,12.33,426.2,1.55,10.37,OK,B. Kaya
86.5,2911,4.97,2026-10-20T04:44:00.000,13.33,516.8,1.53,10.42,OK,E. Aydin
83.9,2295,4.09,2026-10-20T04:50:00.000,11.53,427.8,1.78,10.45,OK,C. Yildiz
85.1,2298,3.91,2026-10-20T04:55:00.000,12.08,477.8,1.29,10.48,OK,D. Sahin
87.6,2597,3.66,2026-10-20T05:01:00.000,13.07,475.8,1.52,10.53,OK,C. Yildiz
78.9,2138,3.43,2026-10-20T05:03:00.000,9.82,428.2,1.57,10.58,OK,C. Yildiz
79.6,2151,3.6,2026-10-20T05:06:00.000,10.73,462.4,1.8,10.62,OK,E. Aydin
89,2721,,2026-10-20T05:10:00.000,11.65,492.8,1.99,10.7,OK,B. Kaya
83.8,2553,4.27,2026-10-20T05:13:00.000,12.18,458.6,2.16,10.74,OK,E. Aydin
78.5,2473,4.01,2026-10-20T05:16:00.000,12.88,475.6,1.43,10.79,OK,E. Aydin
83.3,1937,2.96,2026-10-20T05:22:00.000,10.53,415.2,1.26,10.87,OK,C. Yildiz
87.8,2478,3.78,2026-10-20T05:26:00.000,10.33,480.5,1.36,10.9,OK,C. Yildiz
85.4,2101,3.55,2026-10-20T05:30:00.000,12.8,443.5,1.78,10.95,OK,B. Kaya
81.9,2021,3.89,2026-10-20T05:37:00.000,9.52,450,1.84,10.98,OK,B. Kaya
79,1376,3.4,2026-10-20T05:39:00.000,7.03,358.4,1.05,11.1,OK,A. Demir
81.9,1915,3.93,2026-10-20T05:41:00.000,10.67,411.4,1.2,11.16,OK,B. Kaya
84.5,2533,4.36,2026-10-20T05:45:00.000,11.61,490.3,1.87,11.26,OK,D. Sahin
81.7,2850,4.74,2026-10-20T05:47:00.000,13.89,511.2,1.99,11.38,OK,E. Aydin
83.6,1916,3.58,2026-10-20T05:51:00.000,9.54,445.3,1.17,11.47,OK,A. Demir
78,1341,3.03,2026-10-20T05:55:00.000,6.5,373.7,1.43,11.53,OK,D. Sahin
77.7,2534,3.84,2026-10-20T05:59:00.000,12.49,473.9,1.46,11.55,OK,B. Kaya
79.6,2217,4.15,2026-10-20T06:02:00.000,11.66,409.4,1.93,11.66,OK,E. Aydin
78.5,2014,3.97,2026-10-20T06:10:00.000,9.48,403.1,1.18,11.73,OK,A. Demir
85.9,1742,3.17,2026-10-20T06:13:00.000,10.83,406.9,1.46,11.81,OK,C. Yildiz
77.3,1496,3.63,2026-10-20T06:19:00.000,9.72,381.2,1.58,11.85,OK,E. Aydin
78.1,1746,4.01,2026-10-20T06:26:00.000,9.15,401.6,1.49,11.88,OK,B. Kaya
81.7,2335,4.24,2026-10-20T06:31:00.000,14.2,448.4,1.52,11.98,OK,B. Kaya
83.8,2256,4.28,2026-10-20T06:37:00.000,10.28,430.4,2.39,12.07,OK,C. Yildiz
78.6,1609,3.94,2026-10-20T06:45:00.000,8.03,411.2,1.46,12.1,OK,B. Kaya
86.4,2264,,2026-10-20T06:47:00.000,10.31,452.6,1.8,12.19,OK,E. Aydin
81.6,1650,3.85,2026-10-20T06:52:00.000,8.9,405.1,1.87,12.24,OK,C. Yildiz
71.6,1202,4.02,2026-10-20T06:55:00.000,5.9,319,1.02,12.27,OK,D. Sahin
79.7,1625,3.48,2026-10-20T06:57:00.000,7.8,420.4,1.49,12.31,OK,A. Demir
75.5,1468,3.03,2026-10-20T07:00:00.000,8.52,407,1.06,12.42,OK,A. Demir
80.5,1830,3.44,2026-10-20T07:05:00.000,9.39,402.7,1.14,12.46,OK,D. Sahin
76.4,1124,3.03,2026-10-20T07:13:00.000,8.59,326.4,1.69,12.55,OK,B. Kaya
83.5,1236,3.68,2026-10-20T07:20:00.000,8.44,364.5,0.98,12.65,OK,A. Demir
78,2238,3.91,2026-10-20T07:25:00.000,10.83,463.7,1.64,12.72,OK,E. Aydin
78.4,1647,,2026-10-20T07:28:00.000,8.49,395.5,1.46,12.78,OK,E. Aydin
82.1,1363,3.33,2026-10-20T07:30:00.000,9.37,359.4,0.89,12.88,OK,A. Demir
78.9,800,2.81,2026-10-20T07:34:00.000,8.66,294.6,1.14,12.94,OK,B. Kaya
75.5,991,3.16,2026-10-20T07:37:00.000,6.02,312.4,1.09,13.06,OK,E. Aydin
78.4,1180,3.58,2026-10-20T07:40:00.000,7.19,341.4,1.19,13.18,OK,E. Aydin
78.3,1200,3.92,2026-10-20T07:47:00.000,8.41,312.6,1.21,13.2,OK,B. Kaya
77.4,1294,3.33,2026-10-20T07:52:00.000,8.33,339.7,1.02,13.24,OK,C. Yildiz
81.5,1213,3.25,2026-10-20T07:57:00.000,7.56,382,1.26,13.34,OK,C. Yildiz
75.7,1087,3.71,2026-10-20T07:59:00.000,5.63,348.6,0.79,13.38,OK,C. Yildiz
78.2,1238,3.9,2026-10-20T08:05:00.000,8.59,358.8,1.18,13.49,OK,B. Kaya
82.6,1468,3.57,2026-10-20T08:13:00.000,9.6,389.8,2.11,13.52,OK,D. Sahin
75.9,1772,4.7,2026-10-20T08:15:00.000,10.69,420.5,1.42,13.6,OK,B. Kaya
83.1,1675,3.59,2026-10-20T08:19:00.000,8.53,411.3,1.27,13.69,OK,C. Yildiz
70.4,800,3.23,2026-10-20T08:27:00.000,6.29,318.3,1.25,13.76,OK,D. Sahin
81.7,1271,2.42,2026-10-20T08:34:00.000,9.09,359.7,1.98,13.85,OK,C. Yildiz
75.4,1312,3.38,2026-10-20T08:39:00.000,6.77,331.5,1.38,13.96,OK,C. Yildiz
83,1686,3.91,2026-10-20T08:46:00.000,9.98,385.2,1.34,14.05,OK,C. Yildiz
78.1,1374,3.82,2026-10-20T08:50:00.000,8.69,380.4,1.06,14.13,OK,E. Aydin
78.1,1166,3.47,2026-10-20T08:58:00.000,9.38,347.1,0.93,14.18,OK,B. Kaya
78,1005,3.91,2026-10-20T09:04:00.000,6.4,323.1,1.28,14.28,OK,E. Aydin
83.4,1242,3.63,2026-10-20T09:07:00.000,7.97,334.8,2,14.36,OK,B. Kaya
74.3,800,3.28,2026-10-20T09:12:00.000,5.72,322.6,1.04,14.38,OK,D. Sahin
77.7,888,3.61,2026-10-20T09:19:00.000,7.55,336.8,1.04,14.48,OK,C. Yildiz
81.5,1621,3.27,2026-10-20T09:25:00.000,9.35,394.1,1.34,14.53,OK,A. Demir
76.4,883,2.91,2026-10-20T09:28:00.000,6,309.7,1.4,14.57,OK,E. Aydin
74.1,807,3.27,2026-10-20T09:36:00.000,5.45,294.7,0.68,14.63,OK,A. Demir
78.8,1608,3.45,2026-10-20T09:40:00.000,7.62,392.5,1.32,14.66,OK,A. Demir
77.3,1256,3.37,2026-10-20T09:45:00.000,8,336.9,1.3,14.76,OK,A. Demir
73,800,3.92,2026-10-20T09:52:00.000,7.12,312.8,1,14.84,OK,B. Kaya
82.1,1453,3.59,2026-10-20T09:58:00.000,9.23,387.2,1.09,14.86,OK,D. Sahin
74.8,1359,3.41,2026-10-20T10:05:00.000,7.43,351.9,1.14,14.97,OK,B. Kaya
75.2,899,3.28,2026-10-20T10:13:00.000,5.34,307.1,1.22,15,OK,C. Yildiz
77.9,1585,3.19,2026-10-20T10:20:00.000,8.7,398.8,1.3,15.1,OK,D. Sahin
74.2,800,2.8,2026-10-20T10:24:00.000,5.59,301.3,1.14,15.17,OK,B. Kaya
76.4,,3.5,2026-10-20T10:27:00.000,5.95,337.2,1.23,15.28,OK,E. Aydin
76.9,966,3.08,2026-10-20T10:29:00.000,6.42,317.5,0.86,15.32,OK,C. Yildiz
81.7,1895,3.55,2026-10-20T10:31:00.000,10.7,415.3,1.17,15.41,OK,D. Sahin
69.3,926,2.79,2026-10-20T10:34:00.000,7.25,317.9,0.85,15.5,OK,C. Yildiz
75.8,1399,3.77,2026-10-20T10:39:00.000,7.06,373.5,1.72,15.53,OK,B. Kaya
74.5,1096,3.05,2026-10-20T10:45:00.000,6.47,335.3,1.35,15.58,OK,D. Sahin
74.3,800,2.92,2026-10-20T10:52:00.000,6.79,297.7,1.22,15.64,OK,B. Kaya
75.4,800,3.6,2026-10-20T11:00:00.000,6.23,295.8,0.73,15.71,OK,C. Yildiz
79,800,4.04,2026-10-20T11:07:00.000,5.33,296.7,1.92,15.78,OK,A. Demir
76.2,1075,3.77,2026-10-20T11:14:00.000,7.2,338.8,2.02,15.84,OK,A. Demir
79.9,1408,3.74,2026-10-20T11:19:00.000,9.92,403,1.18,15.87,OK,C. Yildiz
78.4,1560,3.53,2026-10-20T11:27:00.000,9.36,385.5,1.58,15.96,OK,C. Yildiz
77.6,1838,3.78,2026-10-20T11:31:00.000,10.75,394.3,1.11,16,OK,A. Demir
78.1,844,2.54,2026-10-20T11:33:00.000,5.23,299.2,0.94,16.1,OK,D. Sahin
81.8,1442,2.79,2026-10-20T11:40:00.000,8.3,385.5,1.09,16.18,OK,A. Demir
77.4,1363,3.73,2026-10-20T11:45:00.000,7.51,344.8,1,16.23,OK,D. Sahin
75.7,899,3.48,2026-10-20T11:49:00.000,7.69,326.6,1.19,16.25,OK,A. Demir
75,800,2.55,2026-10-20T11:57:00.000,4.93,298.4,0.97,16.34,OK,B. Kaya
77,1622,3.75,2026-10-20T11:59:00.000,10.58,366.7,1.38,16.46,OK,C. Yildiz
73,800,2.89,2026-10-20T12:05:00.000,7.41,301.9,0.86,16.56,OK,A. Demir
82.3,1193,3.38,2026-10-20T12:07:00.000,8.02,333.8,1.25,16.6,OK,B. Kaya
79.6,899,3.38,2026-10-20T12:09:00.000,6.72,325.3,0.69,16.63,OK,C. Yildiz
76.5,800,3.37,2026-10-20T12:16:00.000,6.66,320.5,0.86,16.7,OK,D. Sahin
79.4,974,2.83,2026-10-20T12:24:00.000,6.24,334.2,1.34,16.74,OK,B. Kaya
72.2,1029,3.06,2026-10-20T12:32:00.000,6.76,336.5,1.36,16.78,OK,C. Yildiz
75.1,1142,3.38,2026-10-20T12:37:00.000,7.57,330.5,0.98,16.84,OK,D. Sahin
76.6,1197,3.58,2026-10-20T12:44:00.000,8.17,343,1.17,16.9,OK,A. Demir
76.5,914,3.07,2026-10-20T12:52:00.000,6.31,323.5,0.84,16.98,OK,B. Kaya
74.9,1178,3.76,2026-10-20T12:57:00.000,7.14,316.8,0.86,17.06,OK,B. Kaya
76.5,800,3.48,2026-10-20T12:59:00.000,6.54,315.5,1.01,17.17,OK,A. Demir
79.5,1698,3.27,2026-10-20T13:02:00.000,10.17,406.9,1.42,17.27,WARNING,E. Aydin
76.8,1014,2.86,2026-10-20T13:09:00.000,7.41,335.4,1.34,17.3,OK,E. Aydin
76.6,1314,3.12,2026-10-20T13:16:00.000,6.45,372.5,0.91,17.38,OK,D. Sahin
79.4,1422,3.92,2026-10-20T13:20:00.000,9.39,378.6,1.08,17.47,OK,A. Demir
81.7,1528,3.11,2026-10-20T13:25:00.000,10.23,389.8,1.43,17.58,OK,A. Demir
76.3,924,3.39,2026-10-20T13:31:00.000,5.15,307.3,0.8,17.68,OK,C. Yildiz
70.6,873,4.32,2026-10-20T13:38:00.000,6.72,271.8,1.45,17.72,OK,B. Kaya
82.3,1588,2.82,2026-10-20T13:42:00.000,8.89,382.9,1.56,17.79,OK,C. Yildiz
81.8,1487,3.56,2026-10-20T13:48:00.000,9.7,414.8,1.65,17.86,OK,B. Kaya
77,870,3.03,2026-10-20T13:54:00.000,8.39,307.2,1.33,17.92,OK,C. Yildiz
78.5,1762,3.67,2026-10-20T14:02:00.000,8,410.3,1.36,18.01,OK,C. Yildiz
79.5,1470,3.51,2026-10-20T14:09:00.000,7.82,382.7,1.26,18.07,OK,C. Yildiz
80.8,1451,2.91,2026-10-20T14:17:00.000,11.48,368.8,1.28,18.11,OK,B. Kaya
79.2,1770,3.79,2026-10-20T14:20:00.000,7.08,410.1,1.49,18.2,OK,E. Aydin
79.8,1113,2.96,2026-10-20T14:25:00.000,7.23,370.1,1.52,18.25,OK,A. Demir
82.6,2718,3.82,2026-10-20T14:31:00.000,11.5,487.3,1.87,18.3,OK,E. Aydin
80.5,1141,3.94,2026-10-20T14:39:00.000,7.1,340.3,1.2,18.41,OK,C. Yildiz
74.1,883,2.88,2026-10-20T14:43:00.000,7.17,296.2,1.15,18.44,OK,B. Kaya
82.5,1814,4.11,2026-10-20T14:51:00.000,9.95,430.4,1.39,18.48,OK,C. Yildiz
76.8,1931,4.09,2026-10-20T14:54:00.000,10.69,409.3,1.54,18.59,OK,A. Demir
84.5,1835,4.3,2026-10-20T15:00:00.000,9.8,422.2,1.51,18.7,OK,B. Kaya
87,2229,3.8,2026-10-20T15:02:00.000,11.72,461.6,1.34,18.77,OK,B. Kaya
78,1051,4.16,2026-10-20T15:10:00.000,8.82,329.3,1.33,18.89,OK,B. Kaya
81.1,2482,4.63,2026-10-20T15:15:00.000,12.24,474.4,1.55,18.99,OK,B. Kaya
79.1,1487,3.89,2026-10-20T15:17:00.000,8,361.7,1.08,19.08,OK,E. Aydin
79.1,1510,3.77,2026-10-20T15:22:00.000,9.32,361.8,1.58,19.15,OK,B. Kaya
82.6,2097,4.1,2026-10-20T15:28:00.000,12.06,447.3,1.36,19.22,OK,C. Yildiz
85.9,2208,3.79,2026-10-20T15:33:00.000,10.61,459.8,1.46,19.25,OK,B. Kaya
79.8,2044,3.13,2026-10-20T15:37:00.000,10.03,380.6,1.87,19.31,OK,C. Yildiz
79.4,2163,4.27,2026-10-20T15:43:00.000,10.19,429.4,1.39,19.4,OK,D. Sahin
81.3,1624,3.44,2026-10-20T15:46:00.000,8.41,388.6,2.31,19.48,OK,D. Sahin
80.6,1746,4.31,2026-10-20T15:49:00.000,8.64,418.5,1.19,19.58,OK,D. Sahin
78.6,1748,3.31,2026-10-20T15:52:00.000,10.28,398.4,1.27,19.66,OK,B. Kaya
83.9,1880,3.73,2026-10-20T15:56:00.000,11.5,436.5,1.69,19.78,OK,B. Kaya
81.4,1493,3.71,2026-10-20T16:02:00.000,10.28,369,1.2,19.83,OK,B. Kaya
81.9,2550,4.46,2026-10-20T16:06:00.000,11.71,479.8,1.51,19.95,OK,A. Demir
83.8,2448,3.61,2026-10-20T16:13:00.000,12.44,490.7,1.77,20.02,OK,C. Yildiz
83.8,2152,4.11,2026-10-20T16:19:00.000,10.89,477.2,1.81,20.06,OK,E. Aydin
81.4,1809,3.8,2026-10-20T16:23:00.000,9.94,381.1,1.61,20.18,OK,C. Yildiz
81.4,2022,3.54,2026-10-20T16:25:00.000,11.12,414.5,1.7,20.28,OK,D. Sahin
75,1779,3.39,2026-10-20T16:31:00.000,8.47,397.2,1.29,20.35,OK,B. Kaya
81.8,2333,3.74,2026-10-20T16:39:00.000,12.59,469,1.31,20.4,OK,E. Aydin
85.9,2492,4.38,2026-10-20T16:47:00.000,11.78,479.5,2.24,20.47,OK,E. Aydin
84.9,2432,3.57,2026-10-20T16:53:00.000,11.87,450.7,1.72,20.5,OK,A. Demir
83.5,2246,4.88,2026-10-20T16:59:00.000,10.93,416.5,1.36,20.6,OK,C. Yildiz
84.4,2468,3.72,2026-10-20T17:06:00.000,12.71,461.3,1.33,20.68,OK,C. Yildiz
81.1,2112,4.46,2026-10-20T17:10:00.000,10.79,452.1,1.26,20.72,OK,E. Aydin
84.7,2365,3.99,2026-10-20T17:14:00.000,12.53,474.4,1.45,20.75,OK,E. Aydin
83.7,2468,3.97,2026-10-20T17:18:00.000,13.03,465.9,1.51,20.84,OK,B. Kaya
77.8,2546,4.32,2026-10-20T17:24:00.000,12.64,474.8,1.56,20.94,OK,D. Sahin
84.2,1819,3.1,2026-10-20T17:26:00.000,9.97,412.5,1.44,21.02,OK,B. Kaya
82.7,2506,4.07,2026-10-20T17:28:00.000,12.98,478.1,1.85,21.11,OK,A. Demir
88,2975,4.59,2026-10-20T17:30:00.000,13.25,527.7,1.69,21.22,OK,A. Demir
83.7,2017,4.63,2026-10-20T17:38:00.000,10.11,430.6,2.13,21.33,OK,C. Yildiz
86.1,2922,4.3,2026-10-20T17:41:00.000,13.69,496.6,1.68,21.42,OK,A. Demir
83.9,2507,4.43,2026-10-20T17:44:00.000,9.65,469,1.37,21.51,OK,D. Sahin
76.1,2310,4.19,2026-10-20T17:49:00.000,11.54,439.8,1.46,21.61,OK,D. Sahin
89.3,1907,3.68,2026-10-20T17:53:00.000,10.13,416.1,1.62,21.69,OK,B. Kaya
81.7,2553,4.87,2026-10-20T17:55:00.000,11.95,504.7,1.77,21.74,OK,D. Sahin
81.9,3063,4.68,2026-10-20T18:01:00.000,15.6,516,2.02,21.82,OK,A. Demir
82.4,2597,4.6,2026-10-20T18:06:00.000,12.36,464.4,1.45,21.92,OK,A. Demir
,2321,4.34,2026-10-20T18:10:00.000,12.82,432.6,1.29,21.99,OK,B. Kaya
89.8,2992,3.93,2026-10-20T18:13:00.000,14.4,537.5,1.77,22.08,OK,E. Aydin
84.9,2996,4.68,2026-10-20T18:19:00.000,14.73,515.8,1.91,22.17,OK,A. Demir
81.3,3047,4.34,2026-10-20T18:22:00.000,13.83,511.2,2.04,22.28,OK,E. Aydin
85.2,2918,4.54,2026-10-20T18:30:00.000,13.29,509.3,2.29,22.37,OK,D. Sahin
87.3,3363,5.07,2026-10-20T18:38:00.000,15.29,551.8,2.29,22.48,OK,B. Kaya
83.1,2999,4.49,2026-10-20T18:42:00.000,13.49,508.3,2.14,22.5,OK,B. Kaya
85.1,2911,4.17,2026-10-20T18:50:00.000,12.73,518,1.57,22.58,OK,D. Sahin
91,3446,4.7,2026-10-20T18:58:00.000,15.9,558.8,2.4,22.63,OK,C. Yildiz
88.4,3496,4.89,2026-10-20T19:01:00.000,16.74,578.5,1.8,22.71,OK,A. Demir
88.5,3404,4.82,2026-10-20T19:09:00.000,15.53,553.2,1.8,22.78,OK,D. Sahin
85.7,2875,4.6,2026-10-20T19:16:00.000,13.35,511.3,1.72,22.89,OK,A. Demir
84.9,2980,4.74,2026-10-20T19:21:00.000,14.21,541.2,1.54,22.92,OK,E. Aydin
83.6,3251,4.52,2026-10-20T19:27:00.000,13.68,558.2,2.27,22.96,OK,D. Sahin
83.7,3183,4.34,2026-10-20T19:35:00.000,13.85,562.6,2.51,22.99,OK,E. Aydin
83.9,3029,4.12,2026-10-20T19:37:00.000,13.21,521.2,1.82,23.06,OK,B. Kaya
84.6,3048,3.77,2026-10-20T19:44:00.000,14.87,513.8,1.62,23.1,OK,A. Demir
85.4,3116,4.03,2026-10-20T19:51:00.000,15.61,539.8,1.93,23.2,OK,A. Demir
81.8,2726,4.01,2026-10-20T19:55:00.000,11.68,488.3,2.01,23.29,OK,C. Yildiz
90.1,3921,4.89,2026-10-20T19:57:00.000,16.73,604.4,2.14,23.38,OK,B. Kaya
87.9,4001,4.63,2026-10-20T20:00:00.000,16.51,597.4,2.12,23.4,OK,E. Aydin
86,2862,,2026-10-20T20:08:00.000,14.65,496.9,1.7,23.48,OK,E. Aydin
90.4,3485,5.27,2026-10-20T20:10:00.000,14.59,576.1,2.59,23.59,OK,D. Sahin
81,2974,5.07,2026-10-20T20:12:00.000,13.06,525.6,1.67,23.61,OK,D. Sahin
82.7,3097,4.06,2026-10-20T20:17:00.000,14.55,517.5,1.79,23.72,OK,E. Aydin
82.2,3270,4.55,2026-10-20T20:24:00.000,14.41,520.7,1.64,23.83,OK,B. Kaya
88.5,3342,4.92,2026-10-20T20:27:00.000,14.98,548.7,1.93,23.9,OK,C. Yildiz
88,3409,5.03,2026-10-20T20:34:00.000,15.99,576.7,2.41,24.06,OK,D. Sahin
,3049,4.32,2026-10-20T20:41:00.000,15.16,514.1,1.82,24.12,OK,A. Demir
80.5,,4.38,2026-10-20T20:46:00.000,13.65,532.4,2.17,24.17,OK,A. Demir
82.9,2952,4.66,2026-10-20T20:54:00.000,14.2,503,1.83,24.29,OK,D. Sahin
85.9,2884,4.56,2026-10-20T21:01:00.000,13.02,503.7,2.21,24.34,OK,C. Yildiz
95.8,3840,4.37,2026-10-20T21:09:00.000,17.17,609.6,2.05,24.41,OK,D. Sahin
87.9,3304,4.33,2026-10-20T21:12:00.000,14.53,553.2,1.72,24.5,OK,A. Demir
78.1,3091,4.51,2026-10-20T21:19:00.000,13.04,518.7,1.67,24.61,OK,A. Demir
87.6,3287,4.79,2026-10-20T21:24:00.000,13.62,559.3,2.2,24.69,OK,E. Aydin
89,3322,4.71,2026-10-20T21:26:00.000,14.93,560.4,2.46,24.78,OK,E. Aydin
87.6,3558,4.62,2026-10-20T21:33:00.000,16.11,575.2,2.36,24.8,OK,A. Demir
84.1,2851,4.17,2026-10-20T21:37:00.000,15.46,523.2,1.77,24.9,OK,C. Yildiz
83.6,3239,4.62,2026-10-20T21:41:00.000,15.97,528.6,2.48,24.95,OK,B. Kaya
88.5,4017,5.3,2026-10-20T21:44:00.000,17.76,602.4,2.56,25.07,OK,B. Kaya
86.6,3082,4.03,2026-10-20T21:48:00.000,14.57,548.6,2.2,25.14,OK,A. Demir
86.1,3245,4.69,2026-10-20T21:53:00.000,13.68,540.5,2.18,25.2,OK,E. Aydin
90.9,3752,4.79,2026-10-20T21:57:00.000,17.24,585.7,2.08,25.3,OK,B. Kaya
88.8,2925,4.59,2026-10-20T22:05:00.000,13.19,504.2,1.99,25.37,OK,C. Yildiz
85.7,3256,4.44,2026-10-20T22:13:00.000,14.55,545.4,1.98,25.42,OK,A. Demir
95.2,3644,4.23,2026-10-20T22:15:00.000,16.74,588.3,2.27,25.45,OK,D. Sahin
89.1,2931,4.15,2026-10-20T22:23:00.000,13.21,537.3,2.27,25.55,OK,E. Aydin
89.5,3782,4.81,2026-10-20T22:25:00.000,17.48,573.1,1.91,25.67,OK,E. Aydin
84.3,3201,4.43,2026-10-20T22:31:00.000,13.25,525.6,2.3,25.77,OK,E. Aydin
84.1,3715,4.63,2026-10-20T22:35:00.000,16.27,595.1,1.84,25.86,OK,D. Sahin
87,3440,,2026-10-20T22:43:00.000,15.86,576.6,2.58,25.93,OK,A. Demir
87.4,3057,4.71,2026-10-20T22:51:00.000,14.1,522.6,1.8,25.98,OK,A. Demir
80.9,3281,4.81,2026-10-20T22:59:00.000,15.47,551.2,2.21,26.06,OK,D. Sahin
87.3,3595,4.89,2026-10-20T23:03:00.000,15.51,592.1,2.12,26.17,OK,B. Kaya
87.3,3437,4.74,2026-10-20T23:07:00.000,15.91,577.5,2.29,26.28,OK,B. Kaya
86.2,3184,4.68,2026-10-20T23:13:00.000,14.04,552.3,1.67,26.3,OK,E. Aydin
88.8,3411,4.53,2026-10-20T23:18:00.000,15.77,558.2,1.78,26.42,OK,C. Yildiz
81,3169,5.14,2026-10-20T23:25:00.000,14.24,504.9,2.52,26.46,OK,C. Yildiz
86.1,3592,4.82,2026-10-20T23:33:00.000,16.47,597.8,2.84,26.53,OK,B. Kaya
90.6,3313,4.49,2026-10-20T23:41:00.000,16.45,547.5,1.97,26.61,OK,E. Aydin
86.3,2451,4.87,2026-10-20T23:46:00.000,11.52,469.4,1.84,26.67,OK,B. Kaya
83.9,3090,4.32,2026-10-20T23:51:00.000,14.36,516,1.81,26.75,OK,B. Kaya
89.6,3938,4.76,2026-10-20T23:55:00.000,17.95,610.7,2.27,26.82,OK,D. Sahin
87.6,3536,5.1,2026-10-21T00:02:00.000,15.63,546.3,1.84,26.92,OK,D. Sahin
84.4,3343,4.18,2026-10-21T00:14:00.000,14.31,562.5,1.72,27.02,OK,C. Yildiz
85,3198,4.25,2026-10-21T00:17:00.000,15.46,538.6,1.65,27.13,OK,B. Kaya
81.8,2536,4.04,2026-10-21T00:19:00.000,12.47,467.2,1.48,27.15,OK,C. Yildiz
91.9,3565,4.62,2026-10-21T00:23:00.000,15.88,562.9,1.83,27.18,OK,D. Sahin
82.6,2844,4.62,2026-10-21T00:27:00.000,12.7,475.9,2.17,27.23,OK,D. Sahin
84.2,2534,3.51,2026-10-21T00:30:00.000,12.72,469.5,1.86,27.33,OK,C. Yildiz
88.2,3591,4.28,2026-10-21T00:35:00.000,14.9,575,2.06,27.37,OK,E. Aydin
86.9,3271,4.18,2026-10-21T00:38:00.000,16.35,544.4,1.86,27.47,OK,A. Demir
86.2,3056,4.84,2026-10-21T00:42:00.000,12.93,533.6,1.62,27.5,OK,E. Aydin
77.7,2417,4.77,2026-10-21T00:50:00.000,11.13,447.1,1.67,27.54,OK,C. Yildiz
83.3,2473,3.99,2026-10-21T00:58:00.000,11.71,446.7,1.67,27.58,OK,B. Kaya
89,3204,5.44,2026-10-21T01:03:00.000,15.04,541.9,2.25,27.62,OK,C. Yildiz
88.4,3737,5.09,2026-10-21T01:05:00.000,16.1,574.7,2.05,27.65,OK,C. Yildiz
81.8,2464,3.83,2026-10-21T01:07:00.000,11.93,458,1.42,27.69,OK,E. Aydin
81.9,2302,3.85,2026-10-21T01:13:00.000,12.39,455.7,1.31,27.74,OK,B. Kaya
83.7,3008,5.07,2026-10-21T01:21:00.000,15.09,520.2,1.96,27.85,OK,E. Aydin
90.4,3248,4.26,2026-10-21T01:26:00.000,16.57,540.7,2.02,27.96,OK,A. Demir
85.4,2410,3.91,2026-10-21T01:31:00.000,11.65,473.8,1.92,28.06,OK,D. Sahin
80.8,3091,4.87,2026-10-21T01:39:00.000,14.46,542,1.75,28.16,OK,E. Aydin
82.6,2681,4.22,2026-10-21T01:43:00.000,13.31,496.4,1.45,28.23,OK,B. Kaya
,2118,4.44,2026-10-21T01:49:00.000,9.83,431.9,1.48,28.29,OK,D. Sahin
85.3,2649,4.09,2026-10-21T01:52:00.000,13.5,512.1,2.16,28.31,OK,A. Demir
84.8,2851,4.35,2026-10-21T02:00:00.000,12.8,534.1,2.71,28.36,OK,A. Demir
89.4,2563,3.69,2026-10-21T02:06:00.000,12.13,481.5,1.61,28.47,OK,B. Kaya
85.2,2634,4.19,2026-10-21T02:12:00.000,14.47,474.3,1.58,28.52,OK,C. Yildiz
78.5,2668,4.51,2026-10-21T02:16:00.000,12.34,501.8,1.73,28.64,OK,B. Kaya
79.4,2229,3.8,2026-10-21T02:20:00.000,12.45,467.4,1.64,28.75,OK,B. Kaya
78.8,2621,5.08,2026-10-21T02:23:00.000,11.82,471.2,1.59,28.82,OK,E. Aydin
87.5,2514,4.58,2026-10-21T02:25:00.000,11.36,459.6,1.78,28.86,OK,C. Yildiz
78.9,2320,3.96,2026-10-21T02:27:00.000,10.97,444.9,1.65,28.9,OK,B. Kaya
77.9,2094,3.64,2026-10-21T02:31:00.000,9.76,454.4,1.44,29,OK,E. Aydin
78.5,2367,4.27,2026-10-21T02:39:00.000,11.33,432.7,1.47,29.07,OK,D. Sahin
84.5,2660,4.28,2026-10-21T02:42:00.000,12.81,478.2,1.45,29.09,OK,C. Yildiz
81.6,2175,3.88,2026-10-21T02:44:00.000,11.81,432.1,1.23,29.21,OK,D. Sahin
81.8,2098,3.73,2026-10-21T02:49:00.000,10.9,424.4,1.79,29.29,OK,C. Yildiz
80.2,2822,4.31,2026-10-21T02:52:00.000,14.03,486,2.1,29.38,OK,C. Yildiz
81.4,2324,3.35,2026-10-21T02:59:00.000,11.89,476.5,1.38,29.44,OK,A. Demir
84.3,1976,3.76,2026-10-21T03:03:00.000,9.69,456.4,1.39,29.47,OK,C. Yildiz
78.8,1705,3.5,2026-10-21T03:07:00.000,9.26,391.4,1.59,29.55,OK,A. Demir
83.5,2190,4.16,2026-10-21T03:13:00.000,10.86,450.8,1.71,29.62,OK,D. Sahin
84.9,1800,3.59,2026-10-21T03:16:00.000,8.43,412.6,2.16,29.67,OK,D. Sahin
81.4,2405,4.22,2026-10-21T03:21:00.000,12.48,470.5,1.73,29.78,OK,A. Demir
85.8,2608,4.18,2026-10-21T03:23:00.000,12.14,490.6,2.1,29.83,OK,A. Demir
79.1,1866,4,2026-10-21T03:31:00.000,10.92,419.8,1.45,29.93,OK,E. Aydin
84,2243,4.54,2026-10-21T03:39:00.000,11.78,454.5,1.41,30.04,OK,D. Sahin
81.7,2504,4.17,2026-10-21T03:45:00.000,12.73,464.9,1.61,30.09,OK,C. Yildiz
79.2,1806,4.05,2026-10-21T03:50:00.000,10.3,422.9,1.57,30.15,OK,E. Aydin
83.3,1691,3.87,2026-10-21T03:52:00.000,9.21,403.3,1.35,30.24,OK,B. Kaya
82.3,2028,3.8,2026-10-21T03:57:00.000,12.81,443,1.5,30.29,OK,D. Sahin
78.3,1855,4.08,2026-10-21T04:00:00.000,10.79,428.9,1.77,30.36,OK,D. Sahin
77.3,1412,3.67,2026-10-21T04:07:00.000,7.79,371.9,0.98,30.47,OK,D. Sahin
80.2,1894,,2026-10-21T04:15:00.000,9.63,431.9,1.37,30.58,OK,C. Yildiz
80.5,1761,3.91,2026-10-21T04:17:00.000,10.28,422.4,1.29,30.61,OK,A. Demir
76.6,1764,3.56,2026-10-21T04:25:00.000,10.37,395,1.24,30.71,OK,B. Kaya
84.1,1662,4.03,2026-10-21T04:29:00.000,10.17,390.2,1.79,30.76,OK,D. Sahin
78.8,1130,3.19,2026-10-21T04:34:00.000,7.89,354.2,1.82,30.82,OK,B. Kaya
78.9,1770,3.51,2026-10-21T04:42:00.000,10.74,395.7,1.12,30.86,OK,E. Aydin
81,2008,3.56,2026-10-21T04:45:00.000,10.93,404.4,1.88,30.96,OK,C. Yildiz
82.6,1917,4.01,2026-10-21T04:50:00.000,10.84,411.1,1.77,31.04,OK,E. Aydin
82.1,1337,3.29,2026-10-21T04:55:00.000,7.97,361.3,1.67,31.12,OK,C. Yildiz
80.7,1775,3.95,2026-10-21T05:03:00.000,9.85,396.9,1.54,31.18,OK,C. Yildiz
82.7,1683,2.94,2026-10-21T05:08:00.000,11.35,405.5,1.57,31.24,WARNING,A. Demir
76.9,1719,3.81,2026-10-21T05:14:00.000,9.98,390.8,1.43,31.27,OK,D. Sahin
76.2,1743,3.76,2026-10-21T05:17:00.000,8.93,401,1.77,31.35,OK,A. Demir
80.5,1837,3.21,2026-10-21T05:19:00.000,9.61,388.5,1.65,31.41,OK,A. Demir
78.8,1061,2.95,2026-10-21T05:23:00.000,6.32,318.6,1.24,31.49,OK,A. Demir
80.6,1736,3.58,2026-10-21T05:31:00.000,9.65,396.6,1.53,31.53,OK,E. Aydin
76.2,889,3.38,2026-10-21T05:38:00.000,7.28,315.3,0.78,31.65,OK,E. Aydin
75.6,1442,3.5,2026-10-21T05:44:00.000,8.48,360.7,0.97,31.75,OK,D. Sahin
78.4,1580,3.27,2026-10-21T05:47:00.000,9.9,386.4,1.81,31.78,OK,A. Demir
79.9,1218,3.29,2026-10-21T05:52:00.000,7.61,368.3,1.24,31.87,OK,E. Aydin
80.9,1720,3.47,2026-10-21T05:58:00.000,8.56,416.1,1.36,31.92,OK,C. Yildiz
79.3,1605,4.43,2026-10-21T06:03:00.000,9.77,382.8,1.26,31.99,OK,A. Demir
82.2,1583,3.6,2026-10-21T06:06:00.000,8.49,371.9,1.15,32.04,OK,A. Demir
78.1,1369,3.87,2026-10-21T06:08:00.000,9.16,350.4,1.11,32.16,OK,B. Kaya
73.6,850,2.82,2026-10-21T06:13:00.000,5.55,321.6,0.68,32.27,OK,A. Demir
74.4,1159,3.18,2026-10-21T06:19:00.000,7.83,326.8,0.85,32.3,OK,A. Demir
78.6,1148,3.52,2026-10-21T06:27:00.000,7.95,314.1,0.84,32.39,OK,B. Kaya
80.5,1515,3.34,2026-10-21T06:29:00.000,8.79,372.2,0.98,32.5,OK,D. Sahin
79.9,1205,3.3,2026-10-21T06:36:00.000,7.83,358.6,1.01,32.53,OK,C. Yildiz
78.7,800,3.62,2026-10-21T06:42:00.000,5.77,297.7,1.17,32.64,OK,A. Demir
76.3,923,3.13,2026-10-21T06:48:00.000,7.52,287.3,1.36,32.74,OK,D. Sahin
80.2,1598,3.37,2026-10-21T06:56:00.000,8.88,403.5,1.33,32.85,OK,B. Kaya
74.2,1007,3.63,2026-10-21T07:04:00.000,6.81,343.6,1.13,32.9,OK,B. Kaya
77.2,800,2.96,2026-10-21T07:09:00.000,8.2,318.8,0.8,32.93,OK,A. Demir
74.7,800,3.65,2026-10-21T07:17:00.000,5.35,318.5,0.78,33.05,OK,A. Demir
76,1514,3.8,2026-10-21T07:21:00.000,8.16,362.1,1.3,33.08,OK,C. Yildiz
77.3,1007,3.67,2026-10-21T07:23:00.000,7.25,331.4,1.76,33.17,OK,E. Aydin
76.3,1022,3.52,2026-10-21T07:25:00.000,6.37,326.8,0.87,33.24,OK,A. Demir
73.7,1484,3.13,2026-10-21T07:32:00.000,7.72,371.2,1.19,33.33,OK,A. Demir
75.7,940,3.37,2026-10-21T07:35:00.000,5.54,295,0.81,33.36,OK,C. Yildiz
75.4,1183,4.55,2026-10-21T07:40:00.000,5.36,354.5,1.6,33.45,OK,A. Demir
78,1193,4.01,2026-10-21T07:47:00.000,7.98,349.8,1.43,33.53,OK,D. Sahin
78.4,1637,4.61,2026-10-21T07:53:00.000,8.06,359.2,1.34,33.55,OK,B. Kaya
74.3,961,3.07,2026-10-21T07:55:00.000,7.66,346.3,1.34,33.6,OK,D. Sahin
78.7,800,3.44,2026-10-21T08:02:00.000,5.27,317,0.71,33.63,OK,A. Demir
76.5,800,3.53,2026-10-21T08:10:00.000,7.35,323.5,0.68,33.72,OK,E. Aydin
70.6,800,3.19,2026-10-21T08:15:00.000,4.8,303.9,1.51,33.75,OK,D. Sahin
74.8,904,3.69,2026-10-21T08:22:00.000,5.64,300.5,1.15,33.83,OK,C. Yildiz
82.4,1171,3.13,2026-10-21T08:27:00.000,6.45,353,1.16,33.91,OK,C. Yildiz
78.4,,2.97,2026-10-21T08:34:00.000,8.8,344.8,1.28,33.96,OK,D. Sahin
77.1,1244,3.4,2026-10-21T08:40:00.000,8.72,359.1,1.69,34,OK,A. Demir
77.1,1752,4.13,2026-10-21T08:45:00.000,8.74,372.8,1.86,34.07,OK,D. Sahin
82.8,800,2.71,2026-10-21T08:47:00.000,6.86,321.6,1.5,34.14,OK,D. Sahin
76.7,1355,3.65,2026-10-21T08:51:00.000,8.77,361.5,1.35,34.2,OK,B. Kaya
82.8,1434,2.56,2026-10-21T08:54:00.000,7.59,385.6,0.94,34.31,OK,D. Sahin
79.4,1201,3.39,2026-10-21T09:01:00.000,7.5,318.4,0.8,34.43,OK,B. Kaya
77.4,964,3.67,2026-10-21T09:08:00.000,7.14,333,1.25,34.55,OK,A. Demir
78.9,1532,3.87,2026-10-21T09:10:00.000,8.62,365.2,1.35,34.58,OK,D. Sahin
75.1,809,2.76,2026-10-21T09:13:00.000,6.45,291.3,1.52,34.69,OK,B. Kaya
75.5,800,3.38,2026-10-21T09:16:00.000,5.9,286.3,1.22,34.79,OK,B. Kaya
76.7,950,3.79,2026-10-21T09:22:00.000,7.6,308,1.51,34.85,OK,B. Kaya
78.9,1659,3.8,2026-10-21T09:24:00.000,9.27,371,1.35,34.87,OK,B. Kaya
81.8,1452,3.39,2026-10-21T09:27:00.000,7.87,381.5,1.64,34.95,OK,A. Demir
76,1125,3.89,2026-10-21T09:34:00.000,7.43,340.4,1.07,35.07,OK,C. Yildiz
75.6,882,3.54,2026-10-21T09:42:00.000,7.13,290.1,1.31,35.15,OK,E. Aydin
82,1364,3.61,2026-10-21T09:46:00.000,9.42,361.5,1.02,35.18,OK,A. Demir
78.4,1180,,2026-10-21T09:52:00.000,7.19,345.5,1.4,35.21,OK,D. Sahin
74.5,916,3.03,2026-10-21T09:56:00.000,7.68,333.8,0.95,35.27,OK,E. Aydin
74,1017,3.62,2026-10-21T10:00:00.000,7.27,317.8,1.03,35.3,OK,A. Demir
74,800,2.8,2026-10-21T10:02:00.000,5.89,296.7,0.87,35.32,OK,A. Demir
76.9,1206,2.98,2026-10-21T10:06:00.000,7.75,349.8,0.95,35.38,OK,B. Kaya
79.9,1479,3.56,2026-10-21T10:11:00.000,8.79,379.4,2.24,35.48,OK,D. Sahin
72.2,800,3.3,2026-10-21T10:19:00.000,5.33,308.5,1.37,35.5,OK,B. Kaya
75.8,1996,3.83,2026-10-21T10:24:00.000,9.48,423.3,1.13,35.6,OK,E. Aydin
80.8,1675,3.52,2026-10-21T10:26:00.000,9.66,384.3,1.36,35.63,OK,E. Aydin
75.3,1166,3.39,2026-10-21T10:30:00.000,7.14,321.5,1.26,35.74,OK,C. Yildiz
80,1653,3.56,2026-10-21T10:35:00.000,8.96,381.6,1.36,35.76,OK,B. Kaya
81.1,1583,3.48,2026-10-21T10:39:00.000,8.82,402.5,1.91,35.86,OK,E. Aydin
79.6,1437,3.79,2026-10-21T10:44:00.000,8.66,367.3,1.17,35.89,OK,E. Aydin
77,1262,2.5,2026-10-21T10:49:00.000,8.46,370.7,1.57,36.01,OK,E. Aydin
77.8,1036,3.06,2026-10-21T10:51:00.000,5.96,323.8,0.84,36.12,OK,E. Aydin
83.7,1566,3.95,2026-10-21T10:55:00.000,10.79,390.1,1.58,36.19,OK,B. Kaya
79,1712,3.4,2026-10-21T10:58:00.000,9.07,414.6,1.43,36.29,OK,C. Yildiz
75.5,913,3.27,2026-10-21T11:00:00.000,7.66,313.5,1.29,36.33,OK,C. Yildiz
80.8,2060,4.1,2026-10-21T11:03:00.000,11.25,421.8,2.3,36.38,OK,A. Demir
82,1927,3.85,2026-10-21T11:11:00.000,11.15,425.5,1.55,36.45,OK,B. Kaya
84.9,1759,3.97,2026-10-21T11:18:00.000,10.12,404.8,1.71,36.49,OK,E. Aydin
77,1196,3.12,2026-10-21T11:24:00.000,7.32,346.3,0.99,36.53,OK,C. Yildiz
81.1,1769,3.87,2026-10-21T11:31:00.000,10.94,420.3,1.41,36.63,OK,A. Demir
78.1,1381,,2026-10-21T11:37:00.000,9.65,381.4,0.95,36.73,OK,B. Kaya
80.5,1771,3.69,2026-10-21T11:40:00.000,10.5,387.2,2.16,36.84,OK,D. Sahin
79.9,1673,3.38,2026-10-21T11:46:00.000,9.63,386.9,1.45,36.9,OK,B. Kaya
78.9,2272,4.15,2026-10-21T11:54:00.000,11.33,454.5,1.97,36.94,OK,E. Aydin
79.8,1453,3.45,2026-10-21T12:01:00.000,7.2,358.3,1.65,37.02,OK,E. Aydin
82.7,2069,3.69,2026-10-21T12:09:00.000,9.38,437.7,1.43,37.12,OK,D. Sahin
81,1195,3.4,2026-10-21T12:12:00.000,8.91,362.5,0.93,37.17,OK,E. Aydin
77.2,1288,3.29,2026-10-21T12:17:00.000,7.51,341.6,0.86,37.21,OK,B. Kaya
81.3,2002,3.65,2026-10-21T12:19:00.000,11.87,423.9,1.5,37.33,OK,D. Sahin
79.2,1860,4.03,2026-10-21T12:26:00.000,10.18,429.2,1.4,37.37,OK,B. Kaya
82.2,1668,3.73,2026-10-21T12:34:00.000,11.04,408.5,1.41,37.4,OK,B. Kaya
84.5,1896,3.88,2026-10-21T12:37:00.000,9.6,417.3,1.17,37.5,OK,A. Demir
80.8,2403,4.33,2026-10-21T12:45:00.000,11.67,484.2,2.33,37.59,OK,E. Aydin
84.7,1729,3.49,2026-10-21T12:53:00.000,7.79,431.4,2.01,37.68,OK,E. Aydin
85.5,1846,3.58,2026-10-21T13:00:00.000,8.95,437,1.08,37.77,OK,E. Aydin
77.1,1720,3.8,2026-10-21T13:05:00.000,9.96,407.3,1.14,37.79,OK,B. Kaya
85.5,2271,,2026-10-21T13:10:00.000,12.32,473.4,1.63,37.81,OK,A. Demir
79.4,1517,3.24,2026-10-21T13:15:00.000,8.33,369.8,1.3,37.91,OK,C. Yildiz
80.8,1935,3.86,2026-10-21T13:17:00.000,10.09,414.3,1.82,37.98,OK,C. Yildiz
85.9,2554,3.98,2026-10-21T13:25:00.000,10.73,455.1,1.63,38.01,OK,D. Sahin
86.8,2432,3.87,2026-10-21T13:32:00.000,13.28,476.3,1.42,38.06,OK,C. Yildiz
81.8,2376,3.95,2026-10-21T13:40:00.000,11.43,417.1,2.31,38.11,OK,B. Kaya
78.3,2321,3.93,2026-10-21T13:46:00.000,10.94,464.7,1.42,38.22,OK,A. Demir
81.6,1899,3.8,2026-10-21T13:51:00.000,10.53,415.3,1.21,38.29,OK,D. Sahin
79.8,2080,3.38,2026-10-21T13:57:00.000,9.98,443.8,1.33,38.32,OK,A. Demir
87.6,3077,4.51,2026-10-21T14:04:00.000,14.98,526.3,1.83,38.43,OK,A. Demir
83.6,2581,3.97,2026-10-21T14:06:00.000,14.41,479.9,1.47,38.54,OK,B. Kaya
83.9,2072,4.1,2026-10-21T14:10:00.000,11.14,444.7,1.33,38.59,OK,E. Aydin
85.2,3202,4.3,2026-10-21T14:15:00.000,13.73,539.7,2.37,38.62,OK,C. Yildiz
79.3,2247,4.35,2026-10-21T14:19:00.000,12.42,434.8,2.12,38.64,OK,B. Kaya
80.3,1996,4,2026-10-21T14:27:00.000,10.64,412,1.92,38.69,OK,C. Yildiz
79.9,2467,4.74,2026-10-21T14:34:00.000,13.81,474.2,1.83,38.8,OK,E. Aydin
78.9,2358,4.03,2026-10-21T14:42:00.000,11.79,470.9,1.73,38.84,OK,A. Demir
83.3,2313,3.93,2026-10-21T14:48:00.000,12.11,434.7,1.26,38.88,OK,E. Aydin
84,3444,,2026-10-21T14:52:00.000,15.64,552.7,1.88,38.95,OK,C. Yildiz
80.6,2936,4.21,2026-10-21T14:55:00.000,14.51,522.4,1.91,38.98,OK,E. Aydin
87.2,2996,4.87,2026-10-21T14:57:00.000,13.51,520.3,1.57,39.1,OK,B. Kaya
80.2,2439,4.12,2026-10-21T15:02:00.000,12.43,470.3,1.63,39.17,OK,A. Demir
87.6,3093,3.99,2026-10-21T15:08:00.000,16.47,550.6,2.1,39.23,OK,E. Aydin
85.6,2510,4.29,2026-10-21T15:12:00.000,12.22,485.7,1.7,39.35,OK,B. Kaya
79.6,2835,4.29,2026-10-21T15:19:00.000,14.52,488.7,1.57,39.46,OK,D. Sahin
86.9,3072,4.5,2026-10-21T15:26:00.000,14.37,534.8,1.86,39.49,OK,E. Aydin
84.2,2546,3.56,2026-10-21T15:33:00.000,10.88,506.4,1.58,39.61,OK,C. Yildiz
89,3158,4.92,2026-10-21T15:38:00.000,15.7,529.2,2.07,39.71,OK,B. Kaya
82.2,2532,4.2,2026-10-21T15:45:00.000,13.66,452,2.01,39.82,OK,D. Sahin
81.6,2065,3.81,2026-10-21T15:52:00.000,12.3,447.3,2,39.9,OK,B. Kaya
85.8,3333,4.94,2026-10-21T15:57:00.000,14.27,552.6,1.94,39.93,OK,C. Yildiz
86.1,2849,3.83,2026-10-21T16:03:00.000,15.55,486.9,1.88,39.97,OK,C. Yildiz
84.1,2723,3.88,2026-10-21T16:08:00.000,14.36,501.3,1.49,40.06,OK,E. Aydin
82.2,2821,4.36,2026-10-21T16:10:00.000,12.98,520.8,1.96,40.13,OK,A. Demir
87.7,2744,3.79,2026-10-21T16:15:00.000,13.64,506.8,1.56,40.24,OK,B. Kaya
83.9,2593,3.92,2026-10-21T16:23:00.000,11.46,477.9,1.95,40.26,OK,E. Aydin
84.2,2651,4.76,2026-10-21T16:25:00.000,12.95,475.2,1.91,40.29,OK,D. Sahin
84.6,2804,4.8,2026-10-21T16:30:00.000,12.83,508.5,1.47,40.38,OK,C. Yildiz
79.9,2666,4.44,2026-10-21T16:32:00.000,11.98,486.2,1.51,40.43,OK,C. Yildiz
91.1,3933,4.99,2026-10-21T16:39:00.000,17.13,608.2,2.84,40.45,OK,C. Yildiz
88.6,3204,3.65,2026-10-21T16:43:00.000,16.4,559.5,1.71,40.48,OK,B. Kaya
88.5,4008,5.04,2026-10-21T16:45:00.000,19.04,610.7,1.94,40.5,OK,E. Aydin
79.8,,4.3,2026-10-21T16:52:00.000,12.89,511.2,1.61,40.57,OK,D. Sahin
85.2,3380,4.44,2026-10-21T16:54:00.000,14.2,555,2.01,40.64,OK,B. Kaya
84.4,3486,4.76,2026-10-21T17:01:00.000,15.72,546.5,2.27,40.75,OK,A. Demir
89.2,3610,4.51,2026-10-21T17:07:00.000,16.34,583.1,1.95,40.85,OK,E. Aydin
81.7,2679,4.38,2026-10-21T17:13:00.000,11.58,499.9,1.92,40.89,OK,B. Kaya
85.2,3089,4.17,2026-10-21T17:16:00.000,15.47,526.5,1.9,40.97,OK,A. Demir
80.7,3540,5.18,2026-10-21T17:22:00.000,15.35,565,2,41.02,OK,C. Yildiz
86.4,3588,4.95,2026-10-21T17:29:00.000,17.11,588.5,2.35,41.08,OK,D. Sahin
85.2,3220,4.43,2026-10-21T17:35:00.000,12.75,529,2.21,41.13,OK,D. Sahin
85.1,3363,4.58,2026-10-21T17:40:00.000,14.79,516.3,1.81,41.25,OK,E. Aydin
82.5,2985,4.71,2026-10-21T17:43:00.000,14.67,520.6,1.77,41.33,OK,A. Demir
86.7,3537,4.98,2026-10-21T17:45:00.000,15.55,562.2,1.83,41.36,OK,D. Sahin
84.3,3117,4.18,2026-10-21T17:51:00.000,13.56,544.3,1.85,41.41,OK,D. Sahin
86.2,3537,4.55,2026-10-21T17:58:00.000,16.71,572.4,1.91,41.52,OK,A. Demir
88.3,3640,5.18,2026-10-21T18:02:00.000,15.64,580.4,2.53,41.58,OK,A. Demir
83.7,3231,4.65,2026-10-21T18:07:00.000,13.7,546.9,1.71,41.68,OK,D. Sahin
87.1,3334,4,2026-10-21T18:12:00.000,16.19,532,2.07,41.76,OK,B. Kaya
88.8,2846,4.36,2026-10-21T18:17:00.000,14.77,531.5,2.08,41.85,OK,E. Aydin
81.4,3194,5.03,2026-10-21T18:24:00.000,15.01,544.4,1.79,41.92,OK,B. Kaya
85.7,3163,4.65,2026-10-21T18:32:00.000,14.46,548.6,2.06,42,OK,B. Kaya
84.4,3036,4.58,2026-10-21T18:36:00.000,12.63,525.4,1.69,42.11,OK,A. Demir
81.3,3176,4.78,2026-10-21T18:39:00.000,14.55,527.4,1.75,42.2,OK,B. Kaya
90.2,3959,5.41,2026-10-21T18:45:00.000,18,621,2.1,42.22,OK,A. Demir
88.5,3326,4.99,2026-10-21T18:51:00.000,15.45,551.8,1.98,42.26,OK,C. Yildiz
85.1,3309,4.5,2026-10-21T18:53:00.000,16.36,544.7,2.5,42.36,OK,E. Aydin
85.9,3695,5.06,2026-10-21T18:59:00.000,15.92,600.9,2.17,42.46,OK,E. Aydin
87.8,3394,4.5,2026-10-21T19:01:00.000,15.77,553.7,2.56,42.48,OK,B. Kaya
90.7,3399,4.89,2026-10-21T19:06:00.000,14.6,565.8,1.72,42.59,OK,B. Kaya
88.3,3566,5.16,2026-10-21T19:11:00.000,17.85,566.9,2.58,42.65,OK,B. Kaya
89.7,3766,4.62,2026-10-21T19:16:00.000,16.97,601.5,2.02,42.74,OK,D. Sahin
87.5,3778,4.88,2026-10-21T19:21:00.000,17.22,600.8,2.34,42.86,OK,A. Demir
86.5,3783,4.9,2026-10-21T19:23:00.000,17.99,584,2.38,42.97,OK,B. Kaya
83.7,2655,4.09,2026-10-21T19:27:00.000,13.27,480.2,1.71,43,OK,A. Demir
86.9,3698,4.91,2026-10-21T19:32:00.000,15.4,578.3,1.85,43.11,OK,C. Yildiz
86.9,3604,4.32,2026-10-21T19:36:00.000,16.2,582,1.98,43.18,OK,D. Sahin
84.7,3150,4.91,2026-10-21T19:38:00.000,13.87,535.5,2.05,43.29,OK,A. Demir
85.5,3259,5.02,2026-10-21T19:43:00.000,15.47,521.7,1.85,43.38,OK,D. Sahin
87.3,3565,4.87,2026-10-21T19:48:00.000,15.64,559.3,1.88,43.4,OK,E. Aydin
86,3441,4.35,2026-10-21T19:52:00.000,14.63,550.1,1.82,43.44,OK,B. Kaya
83.6,2867,4.93,2026-10-21T19:58:00.000,13.43,500.3,2.02,43.47,OK,A. Demir
85.9,3292,4.1,2026-10-21T20:03:00.000,15.73,542.2,1.68,43.58,OK,E. Aydin
83.3,3836,4.9,2026-10-21T20:09:00.000,17.95,605.1,2.41,43.64,OK,D. Sahin
87,3575,4.8,2026-10-21T20:14:00.000,15.18,579.1,2.48,43.74,OK,C. Yildiz
87.4,3554,4.59,2026-10-21T20:22:00.000,16.81,535.2,1.9,43.78,OK,D. Sahin
85.4,3401,4.42,2026-10-21T20:25:00.000,15.58,540.2,2.27,43.9,OK,D. Sahin
85.7,3122,4.66,2026-10-21T20:32:00.000,15.53,517.6,1.88,43.99,OK,E. Aydin
88.2,3069,4.57,2026-10-21T20:36:00.000,14.94,506.7,1.76,44.04,OK,E. Aydin
81.7,2746,5.02,2026-10-21T20:43:00.000,12.5,469.7,1.74,44.09,OK,E. Aydin
88.2,3545,5.1,2026-10-21T20:49:00.000,16.55,605.7,1.79,44.12,OK,B. Kaya
82,2950,4.6,2026-10-21T20:52:00.000,14.02,525.1,2.15,44.16,OK,C. Yildiz
88.2,3647,4.9,2026-10-21T20:59:00.000,15.94,587.9,1.86,44.23,OK,B. Kaya
79.1,2317,4.81,2026-10-21T21:02:00.000,11.21,446.1,1.3,44.26,OK,B. Kaya
85.6,2682,4.6,2026-10-21T21:10:00.000,11.39,471.6,2,44.32,OK,E. Aydin
88.6,3260,4.59,2026-10-21T21:17:00.000,13.86,546.8,1.95,44.38,OK,B. Kaya
81.1,2442,4.19,2026-10-21T21:21:00.000,12.28,451.8,1.89,44.43,OK,E. Aydin
80.8,2856,3.88,2026-10-21T21:26:00.000,13.46,482.7,1.68,44.47,OK,C. Yildiz
89.4,3433,4.62,2026-10-21T21:31:00.000,17.16,545.1,1.81,44.54,OK,E. Aydin
83,2893,4.52,2026-10-21T21:36:00.000,14.1,486.4,1.76,44.6,OK,D. Sahin
85,3199,4.57,2026-10-21T21:41:00.000,15.59,508.3,1.84,44.63,OK,B. Kaya
77.4,2371,4.49,2026-10-21T21:46:00.000,11.54,453.7,1.46,44.67,OK,A. Demir
82.3,2917,4.69,2026-10-21T21:54:00.000,13.93,492.8,1.8,44.74,OK,A. Demir
88.8,3347,4.44,2026-10-21T21:58:00.000,15.87,558.1,1.83,44.83,OK,B. Kaya
87.9,3574,4.46,2026-10-21T22:04:00.000,15.76,579.1,1.92,44.91,OK,E. Aydin
85.6,2902,4.51,2026-10-21T22:12:00.000,14.89,509.4,2.08,45.02,OK,A. Demir
85.8,2763,4.59,2026-10-21T22:16:00.000,13.86,503.6,2.04,45.12,OK,B. Kaya
86.9,3301,4.76,2026-10-21T22:21:00.000,14.9,545.6,2.32,45.16,OK,C. Yildiz
84.8,3697,5.5,2026-10-21T22:25:00.000,14.75,604.3,1.92,45.18,OK,A. Demir
83,1714,4.44,2026-10-21T22:30:00.000,9.54,397,1.1,45.26,OK,D. Sahin
82,2706,,2026-10-21T22:39:00.000,12.05,498.4,1.44,45.45,OK,C. Yildiz
85.1,3003,4.05,2026-10-21T22:46:00.000,13.52,537.8,1.69,45.5,OK,D. Sahin
87.9,3199,4.31,2026-10-21T22:51:00.000,15.48,563.8,2.3,45.62,OK,D. Sahin
79.4,2915,4.05,2026-10-21T22:54:00.000,13.69,485.9,2.1,45.69,OK,A. Demir
87.7,2778,4.43,2026-10-21T22:57:00.000,12.51,494.5,1.52,45.74,OK,B. Kaya
85.8,2597,4.49,2026-10-21T23:04:00.000,12.1,478,1.52,45.76,OK,B. Kaya
83.6,2454,4.59,2026-10-21T23:06:00.000,12.6,464,1.65,45.8,OK,E. Aydin
86.3,2753,4.78,2026-10-21T23:13:00.000,13.53,521.1,1.83,45.9,OK,D. Sahin
83.9,2598,,2026-10-21T23:17:00.000,12.91,477.9,1.93,45.98,OK,E. Aydin
85.7,2530,4.28,2026-10-21T23:20:00.000,10.98,474,1.37,46.04,OK,B. Kaya
86,3242,4.49,2026-10-21T23:27:00.000,13.83,549.8,2.4,46.1,OK,C. Yildiz
83.7,2334,4.46,2026-10-21T23:29:00.000,11.82,454.3,1.38,46.14,OK,E. Aydin
88,3269,4.56,2026-10-21T23:37:00.000,15.69,546.8,1.89,46.21,OK,E. Aydin
84.8,2253,3.8,2026-10-21T23:45:00.000,10.33,454.4,1.87,46.24,OK,C. Yildiz
80.2,2333,3.83,2026-10-21T23:53:00.000,13.05,453.1,1.78,46.32,OK,D. Sahin
82.8,2523,4.26,2026-10-21T23:58:00.000,13.79,461.6,2.28,46.35,OK,D. Sahin
83,2206,4.44,2026-10-22T00:06:00.000,10.56,448.6,1.26,46.38,OK,D. Sahin
76.2,2440,4.39,2026-10-22T00:08:00.000,11.04,456.2,1.71,46.48,OK,D. Sahin
84.1,2126,3.96,2026-10-22T00:16:00.000,10.48,435.3,1.26,46.52,OK,E. Aydin
83.8,2500,4.57,2026-10-22T00:21:00.000,11.56,465.9,2.08,46.57,OK,C. Yildiz
81.3,1889,3.72,2026-10-22T00:28:00.000,9.29,425,1.41,46.68,OK,A. Demir
85.7,2107,3.44,2026-10-22T00:36:00.000,11,424.8,1.34,46.76,OK,D. Sahin
81.5,2399,3.77,2026-10-22T00:44:00.000,11.75,458.2,2.1,46.81,OK,D. Sahin
85.4,2077,3.67,2026-10-22T00:47:00.000,10.72,430.6,1.8,46.88,OK,C. Yildiz
76.9,1871,3.59,2026-10-22T00:49:00.000,11.31,435.6,1.44,46.98,OK,B. Kaya
79.8,2099,4.21,2026-10-22T00:51:00.000,10.52,444.4,1.82,47,OK,E. Aydin
85.4,1691,3.45,2026-10-22T00:56:00.000,9.56,422.7,1.09,47.03,OK,A. Demir
80.8,2045,3.27,2026-10-22T01:03:00.000,10,419.6,1.41,47.11,OK,D. Sahin
82.7,2319,4,2026-10-22T01:07:00.000,11.24,437.9,2.42,47.18,OK,C. Yildiz
85,2826,4.25,2026-10-22T01:10:00.000,14.92,507.9,2.09,47.27,OK,E. Aydin
75.5,1358,3.59,2026-10-22T01:18:00.000,6.46,376.8,1.24,47.33,OK,E. Aydin
79.5,1943,3.21,2026-10-22T01:24:00.000,10.65,437.2,1.87,47.42,OK,C. Yildiz
78.8,1451,3.65,2026-10-22T01:29:00.000,9.15,350.4,1.75,47.47,OK,A. Demir
78.8,1543,3.52,2026-10-22T01:37:00.000,9.59,369.1,0.97,47.56,OK,E. Aydin
76.6,2037,4.57,2026-10-22T01:44:00.000,12.61,419.6,1.28,47.67,OK,A. Demir
80.8,1415,3.6,2026-10-22T01:47:00.000,7.69,403.4,1.34,47.72,OK,A. Demir
80.2,1440,3.29,2026-10-22T01:50:00.000,7.12,397.5,1.06,47.77,OK,C. Yildiz
81.1,1790,3.03,2026-10-22T01:54:00.000,9.4,367.2,1.12,47.88,OK,D. Sahin
78.8,1565,4.15,2026-10-22T01:56:00.000,9.87,384.5,1.32,47.91,OK,C. Yildiz
71.1,1495,4.23,2026-10-22T02:01:00.000,8.34,370.4,1.71,48,OK,C. Yildiz
79.8,1491,3.64,2026-10-22T02:04:00.000,8.03,405.7,2.22,48.12,OK,A. Demir
74.7,1629,4.23,2026-10-22T02:07:00.000,8.22,393.6,1.46,48.21,OK,B. Kaya
72.4,1171,3.49,2026-10-22T02:12:00.000,8.23,320.7,1.19,48.32,OK,B. Kaya
82.2,1472,4.07,2026-10-22T02:16:00.000,9.93,388.9,1.3,48.38,OK,D. Sahin
79,1518,3.7,2026-10-22T02:23:00.000,7.75,395.3,1.84,48.43,OK,E. Aydin
80.1,1698,3.74,2026-10-22T02:25:00.000,8.86,397.1,1.54,48.49,OK,C. Yildiz
78.7,1674,3.96,2026-10-22T02:27:00.000,9.44,394.9,1.2,48.55,OK,C. Yildiz
78.9,1750,3.89,2026-10-22T02:35:00.000,8.34,393.2,1.85,48.62,OK,C. Yildiz
75.1,1016,3.1,2026-10-22T02:41:00.000,6.44,344.8,1.14,48.72,OK,A. Demir
76.1,1829,4,2026-10-22T02:43:00.000,9.05,374.4,1.31,48.81,OK,C. Yildiz
70.8,1466,3.83,2026-10-22T02:45:00.000,8.21,363.4,1.18,48.92,OK,E. Aydin
80.3,1012,3.46,2026-10-22T02:50:00.000,8.03,354.1,1.95,49.04,OK,D. Sahin
74.4,1217,4.04,2026-10-22T02:56:00.000,6.92,358.6,1.15,49.08,OK,B. Kaya
77.1,1032,3.24,2026-10-22T03:02:00.000,7.48,319,1.21,49.17,OK,D. Sahin
78.3,1378,3.65,2026-10-22T03:06:00.000,5.57,353.1,1.14,49.21,OK,E. Aydin
77.7,1267,3.46,2026-10-22T03:08:00.000,7.43,359.8,1.1,49.3,OK,D. Sahin
78.5,1337,3.58,2026-10-22T03:11:00.000,9.13,389.4,1.25,49.38,OK,D. Sahin
81.9,1352,3.56,2026-10-22T03:16:00.000,10.47,350.9,1.18,49.43,OK,E. Aydin
76.6,1070,3.77,2026-10-22T03:23:00.000,4.89,357.5,1.85,49.5,OK,A. Demir
80.1,1268,3.7,2026-10-22T03:30:00.000,6.91,362.7,1.33,49.56,OK,D. Sahin
77,1376,3.38,2026-10-22T03:33:00.000,8.37,357,1.13,49.67,OK,E. Aydin
84,800,3,2026-10-22T03:39:00.000,7.28,331.2,0.92,49.78,OK,A. Demir
73.3,800,3.22,2026-10-22T03:45:00.000,5.72,296.3,1.14,49.85,OK,C. Yildiz
75.9,1635,4.3,2026-10-22T03:53:00.000,9.58,399.9,1.46,49.94,OK,E. Aydin
80.2,1223,3.12,2026-10-22T03:55:00.000,7.72,383.1,1.51,50.02,OK,C. Yildiz
73.3,1069,3.46,2026-10-22T04:00:00.000,6.37,327.1,0.76,50.04,OK,E. Aydin
80.7,1303,3.78,2026-10-22T04:05:00.000,8.13,347.7,1.64,50.1,OK,E. Aydin
75.8,947,3.11,2026-10-22T04:07:00.000,8.05,332.4,1.32,50.2,OK,C. Yildiz
77.7,1117,3.82,2026-10-22T04:09:00.000,6.87,371.3,0.79,50.22,OK,B. Kaya
80.5,1639,3.6,2026-10-22T04:14:00.000,9.87,378.3,1.21,50.26,OK,A. Demir
79.7,800,3.08,2026-10-22T04:20:00.000,6.93,292.3,1.52,50.33,OK,B. Kaya
78.3,930,2.7,2026-10-22T04:23:00.000,7.95,342.8,1.18,50.4,OK,B. Kaya
78.2,800,3.04,2026-10-22T04:30:00.000,5.57,320.4,1.04,50.51,OK,A. Demir
76.7,800,3.26,2026-10-22T04:33:00.000,5.6,340.1,0.82,50.63,OK,A. Demir
78.8,1242,2.91,2026-10-22T04:39:00.000,7.62,349.6,0.82,50.65,OK,A. Demir
72.7,1041,2.86,2026-10-22T04:47:00.000,7.47,344.6,1.19,50.67,OK,D. Sahin
76.3,945,3.75,2026-10-22T04:51:00.000,6.18,320.4,1.27,50.73,OK,C. Yildiz
74,800,3.49,2026-10-22T04:56:00.000,7.55,315,1.37,50.8,OK,B. Kaya
76.1,1198,3.13,2026-10-22T04:58:00.000,7.61,343.5,0.89,50.89,OK,D. Sahin
75.2,1195,3.02,2026-10-22T05:02:00.000,7.46,364.1,0.86,50.97,OK,C. Yildiz
71.7,800,2.98,2026-10-22T05:09:00.000,6.65,311.5,0.66,51.05,OK,B. Kaya
79.6,1365,3.46,2026-10-22T05:15:00.000,6.82,384.3,1.29,51.15,OK,E. Aydin
81.5,996,3.5,2026-10-22T05:20:00.000,7.86,351.2,1.08,51.23,OK,A. Demir
78.8,806,2.57,2026-10-22T05:24:00.000,6.5,340,1.35,51.29,OK,D. Sahin
75.1,995,3.97,2026-10-22T05:28:00.000,5.68,300.9,0.75,51.38,OK,C. Yildiz
78.2,1004,3.27,2026-10-22T05:34:00.000,5.38,342.5,1.35,51.47,OK,D. Sahin
72.3,800,3.12,2026-10-22T05:36:00.000,8.11,317.6,0.78,51.56,OK,D. Sahin
80,,3.71,2026-10-22T05:39:00.000,6.67,401.7,2.29,51.6,OK,D. Sahin
75.2,812,3.41,2026-10-22T05:44:00.000,6.29,301.7,0.92,51.68,OK,E. Aydin
79.3,800,3.02,2026-10-22T05:47:00.000,5.22,308,1.23,51.76,OK,A. Demir
81.8,1444,3.79,2026-10-22T05:53:00.000,9.46,376.2,1.36,51.83,OK,E. Aydin
77.6,975,3.68,2026-10-22T05:57:00.000,7,330.2,0.75,51.9,OK,B. Kaya
74.1,942,3.85,2026-10-22T06:00:00.000,6.82,347.5,1.28,51.95,OK,C. Yildiz
70.2,800,3.43,2026-10-22T06:07:00.000,6.63,304.6,0.69,51.97,OK,B. Kaya
78.6,1519,4.24,2026-10-22T06:10:00.000,7.38,387.7,2.3,52.06,OK,C. Yildiz
72.9,1460,3.47,2026-10-22T06:16:00.000,8.17,358.5,1.23,52.15,OK,C. Yildiz
75,1113,2.89,2026-10-22T06:24:00.000,7.11,328.4,0.85,52.23,OK,C. Yildiz
82.7,1812,3.91,2026-10-22T06:32:00.000,10.52,420.2,1.05,52.31,OK,E. Aydin
80.2,812,3.33,2026-10-22T06:35:00.000,5.55,307.3,1.33,52.34,OK,A. Demir
77.5,890,3.05,2026-10-22T06:43:00.000,3.19,311.3,0.82,52.4,OK,A. Demir
74.5,874,2.43,2026-10-22T06:45:00.000,5.15,304.5,1.43,52.46,OK,A. Demir
79.8,1350,3.42,2026-10-22T06:51:00.000,9.1,363.1,0.94,52.55,OK,E. Aydin
77,1108,4.08,2026-10-22T06:55:00.000,8,330,0.93,52.58,OK,C. Yildiz
69.8,800,3.31,2026-10-22T06:58:00.000,7.75,281.4,1.56,52.69,OK,B. Kaya
74,810,3.41,2026-10-22T07:00:00.000,6.48,296.4,1.59,52.78,OK,B. Kaya
77.6,800,3.44,2026-10-22T07:06:00.000,7.04,288.6,0.66,52.87,OK,B. Kaya
79.3,1481,3.84,2026-10-22T07:12:00.000,7.49,371.5,2.04,52.98,OK,C. Yildiz
81.2,1605,4.04,2026-10-22T07:20:00.000,9.06,374.1,1.11,53.1,OK,B. Kaya
81.4,1489,3.57,2026-10-22T07:23:00.000,9.65,391.8,1.99,53.2,OK,E. Aydin
77.9,1134,4.01,2026-10-22T07:28:00.000,8.14,339.7,1.54,53.28,OK,A. Demir
73.2,1065,3.24,2026-10-22T07:34:00.000,6.56,321.5,1.07,53.34,OK,C. Yildiz
78.6,1578,4.11,2026-10-22T07:40:00.000,8.94,401.5,1.27,53.37,OK,C. Yildiz
78.6,1218,2.95,2026-10-22T07:46:00.000,7.74,370.1,1.14,53.48,OK,A. Demir
74.2,1021,3.66,2026-10-22T07:49:00.000,8.01,307.7,1.03,53.58,OK,D. Sahin
85.1,1978,3.8,2026-10-22T07:53:00.000,10.67,427.5,1.7,53.62,WARNING,A. Demir
82.7,1803,4.19,2026-10-22T07:57:00.000,8.44,399.6,1.25,53.73,OK,E. Aydin
75.7,1325,3.79,2026-10-22T08:04:00.000,8.87,372.9,1.04,53.76,OK,D. Sahin
76.1,1841,3.45,2026-10-22T08:08:00.000,9.88,405.2,1.3,53.82,OK,A. Demir
75.4,967,3.25,2026-10-22T08:13:00.000,8.24,316,0.96,53.94,OK,E. Aydin
77.4,1544,3.67,2026-10-22T08:15:00.000,9.88,383.1,1.67,53.96,OK,E. Aydin
78.9,2125,4.26,2026-10-22T08:23:00.000,10.75,447.1,1.21,54.03,OK,B. Kaya
81.9,1198,3.43,2026-10-22T08:28:00.000,8.23,349.1,1,54.12,OK,C. Yildiz
78,1461,3.21,2026-10-22T08:35:00.000,8.45,384.1,0.92,54.14,OK,C. Yildiz
79.9,1737,3.4,2026-10-22T08:38:00.000,8.83,400.3,1.72,54.22,OK,A. Demir
81.3,1814,4.24,2026-10-22T08:41:00.000,10.27,405.6,1.61,54.26,OK,E. Aydin
80.8,1414,3.3,2026-10-22T08:49:00.000,9.09,371.1,1.29,54.28,OK,D. Sahin
79.9,2040,4.24,2026-10-22T08:57:00.000,10.8,408.9,1.39,54.32,OK,B. Kaya
77.1,1807,4.24,2026-10-22T09:04:00.000,9.65,389.3,1.8,54.36,OK,A. Demir
74.8,986,3.6,2026-10-22T09:12:00.000,6.63,321,0.72,54.39,OK,A. Demir
83.3,,4.52,2026-10-22T09:18:00.000,13.26,460.4,2.5,54.5,OK,B. Kaya
79.2,1868,3.87,2026-10-22T09:20:00.000,9.06,414.9,1.52,54.53,OK,C. Yildiz
81.8,1876,3.67,2026-10-22T09:27:00.000,10.49,425.9,1.37,54.6,OK,C. Yildiz
77.6,1464,3.71,2026-10-22T09:29:00.000,9.83,381.7,1.33,54.64,OK,B. Kaya
84.7,1900,3.99,2026-10-22T09:33:00.000,10.01,441.8,1.34,54.7,OK,A. Demir
86.3,2847,4.32,2026-10-22T09:36:00.000,12.85,515.6,1.75,54.81,OK,E. Aydin
79.8,1704,3.8,2026-10-22T09:43:00.000,10.87,395.9,1.36,54.86,OK,B. Kaya
88.5,2481,4.63,2026-10-22T09:45:00.000,11.18,481.6,1.58,54.9,OK,A. Demir
85.3,2416,4.31,2026-10-22T09:51:00.000,9.3,491.4,1.69,54.95,OK,A. Demir
80.5,2190,4.11,2026-10-22T09:53:00.000,11.47,423.6,1.55,55.05,OK,E. Aydin
84.3,2177,3.72,2026-10-22T09:56:00.000,11.61,459.2,1.3,55.13,OK,E. Aydin
83.3,1814,4.26,2026-10-22T10:03:00.000,8.28,410.1,1.32,55.23,OK,D. Sahin
79.9,1658,3.85,2026-10-22T10:09:00.000,10.35,378.3,1.75,55.31,OK,A. Demir
83.9,2698,5.3,2026-10-22T10:11:00.000,13.47,519.8,1.69,55.35,OK,B. Kaya
84.8,2001,3.59,2026-10-22T10:17:00.000,10.31,421.9,1.18,55.46,OK,B. Kaya
84.4,2162,3.11,2026-10-22T10:19:00.000,10.6,425.2,1.23,55.51,OK,D. Sahin
81.5,2074,4.36,2026-10-22T10:25:00.000,9.06,451.4,1.81,55.57,OK,C. Yildiz
80.5,2369,4.3,2026-10-22T10:31:00.000,12.09,465.7,1.69,55.61,OK,C. Yildiz
83.3,2548,4.36,2026-10-22T10:36:00.000,12.51,472.6,1.63,55.73,OK,A. Demir
85,2684,4.19,2026-10-22T10:40:00.000,12.72,467.1,1.72,55.79,OK,D. Sahin
87,3023,4.32,2026-10-22T10:48:00.000,13.96,524.8,2.15,55.9,OK,D. Sahin
85,2865,3.55,2026-10-22T10:53:00.000,12.45,523.2,1.55,55.94,OK,B. Kaya
87.4,2630,4.76,2026-10-22T10:57:00.000,11.24,498.1,1.72,56.03,OK,B. Kaya
82.5,1923,3.75,2026-10-22T11:02:00.000,10.08,421.9,1.12,56.12,OK,A. Demir
82.3,2509,3.8,2026-10-22T11:09:00.000,11.72,463.8,2,56.18,OK,A. Demir
78.8,2298,4.44,2026-10-22T11:12:00.000,11.61,445.9,1.59,56.27,OK,B. Kaya
78.2,2281,3.9,2026-10-22T11:14:00.000,10.27,442.9,1.29,56.34,OK,B. Kaya
78.5,2312,4.68,2026-10-22T11:16:00.000,13.01,427.1,1.68,56.42,OK,B. Kaya
86.8,2640,4.25,2026-10-22T11:24:00.000,14.33,472.2,1.87,56.48,OK,B. Kaya
79.1,2349,4.34,2026-10-22T11:31:00.000,11.54,445.4,1.55,56.53,OK,B. Kaya
85,,4.27,2026-10-22T11:36:00.000,13.58,507,1.71,56.59,OK,B. Kaya
81.5,2416,4.95,2026-10-22T11:44:00.000,11.84,434.9,2.12,56.66,OK,C. Yildiz
84.9,3090,4.76,2026-10-22T11:46:00.000,13.49,526,1.75,56.77,OK,E. Aydin
83.4,2366,3.51,2026-10-22T11:54:00.000,12.21,477.8,1.53,56.81,OK,C. Yildiz
83.4,3070,4.31,2026-10-22T11:57:00.000,14.11,509.4,1.85,56.93,OK,C. Yildiz
81.9,2670,4,2026-10-22T12:01:00.000,11.88,467.7,1.49,56.99,OK,B. Kaya
86.2,3146,3.98,2026-10-22T12:08:00.000,16.22,534.2,1.82,57.07,OK,B. Kaya
84.9,3789,5.02,2026-10-22T12:13:00.000,16.38,580.6,2.18,57.19,OK,D. Sahin
83,2904,3.54,2026-10-22T12:19:00.000,13.23,525.4,1.59,57.3,OK,C. Yildiz
83.8,2674,4.31,2026-10-22T12:21:00.000,13.13,449.7,1.66,57.37,OK,B. Kaya
88.5,3192,5.01,2026-10-22T12:26:00.000,15.8,527.7,1.62,57.44,OK,E. Aydin
81.8,2495,4.68,2026-10-22T12:33:00.000,11.88,444.4,1.46,57.49,OK,E. Aydin
87.7,3114,4.76,2026-10-22T12:35:00.000,13.86,551.1,2.04,57.58,OK,A. Demir
83.6,2544,4.38,2026-10-22T12:39:00.000,12.41,484.5,1.89,57.65,OK,A. Demir
85.6,3394,4.76,2026-10-22T12:42:00.000,17.24,561.7,1.79,57.69,OK,E. Aydin
85.5,2788,3.97,2026-10-22T12:49:00.000,14.39,493,2.38,57.75,OK,E. Aydin
87.6,2763,4.6,2026-10-22T12:55:00.000,12.71,483.9,1.5,57.82,OK,A. Demir
82.2,3031,4.83,2026-10-22T12:58:00.000,14.8,548.1,1.98,57.91,OK,D. Sahin
83.8,2882,4.35,2026-10-22T13:04:00.000,13.56,493,1.68,58.02,OK,C. Yildiz
82.1,2640,3.94,2026-10-22T13:12:00.000,11.87,480.5,1.78,58.08,OK,C. Yildiz
87.6,3340,5.05,2026-10-22T13:17:00.000,15.84,594.7,2.76,58.12,OK,E. Aydin
89.6,3353,4.49,2026-10-22T13:19:00.000,16.09,540.5,1.71,58.15,OK,B. Kaya
88.9,3350,3.98,2026-10-22T13:23:00.000,14.04,559.2,1.69,58.26,OK,B. Kaya
91.4,3925,4.65,2026-10-22T13:31:00.000,18.19,609.8,2.33,58.29,OK,B. Kaya
86,3434,4.44,2026-10-22T13:39:00.000,14.1,563.7,1.7,58.39,OK,B. Kaya
84.5,3242,4.39,2026-10-22T13:41:00.000,14.87,522.6,1.8,58.46,OK,E. Aydin
83,3038,4.67,2026-10-22T13:47:00.000,14.15,516.6,1.94,58.5,OK,D. Sahin
85.5,3376,3.9,2026-10-22T13:55:00.000,15.45,556.8,1.71,58.56,OK,E. Aydin
85.2,3130,5.16,2026-10-22T14:03:00.000,14.06,523.4,1.86,58.62,OK,A. Demir
87.8,3305,4.42,2026-10-22T14:06:00.000,17.13,533.2,1.79,58.67,OK,B. Kaya
83.5,2850,4.39,2026-10-22T14:09:00.000,11.79,511.3,1.92,58.78,OK,A. Demir
88.3,3632,4.72,2026-10-22T14:13:00.000,16.15,577.7,2.22,58.87,OK,E. Aydin
85.7,3301,4.95,2026-10-22T14:21:00.000,13.29,563.8,1.89,58.98,OK,A. Demir
86.8,3350,4.86,2026-10-22T14:27:00.000,15.02,566.4,1.75,59.1,WARNING,B. Kaya
85.9,3412,5.06,2026-10-22T14:34:00.000,15.87,575.6,1.77,59.15,OK,B. Kaya
89.9,3834,4.64,2026-10-22T14:39:00.000,17.13,609.3,2.17,59.21,OK,D. Sahin
85.8,3183,4.88,2026-10-22T14:46:00.000,14.15,535.3,1.65,59.25,OK,E. Aydin
87.1,3830,4.98,2026-10-22T14:52:00.000,16.81,612.6,2.64,59.31,OK,C. Yildiz
87.6,3505,4.75,2026-10-22T14:56:00.000,16.14,572.3,2.27,59.33,OK,E. Aydin
83.6,3188,4.52,2026-10-22T14:59:00.000,14.64,543.4,1.83,59.43,OK,E. Aydin
88,3539,4.61,2026-10-22T15:06:00.000,16.16,580.6,1.95,59.51,OK,A. Demir
87.8,3786,5.26,2026-10-22T15:09:00.000,16.61,585.3,2.06,59.61,OK,C. Yildiz
90.4,3133,4.95,2026-10-22T15:14:00.000,13.22,546.8,2.21,59.67,OK,D. Sahin
86.1,3236,4.62,2026-10-22T15:21:00.000,14.25,522.8,2.23,59.73,WARNING,C. Yildiz
90.5,3439,4.8,2026-10-22T15:25:00.000,14.97,536,1.88,59.77,OK,C. Yildiz
88.7,4018,5.39,2026-10-22T15:33:00.000,18.74,618.1,2.57,59.79,OK,B. Kaya
83.7,3402,5.29,2026-10-22T15:38:00.000,14.07,552.4,1.92,59.81,OK,C. Yildiz
89.9,4244,5.48,2026-10-22T15:43:00.000,17.9,625.4,2.85,59.91,OK,D. Sahin
89.9,3219,4.06,2026-10-22T15:46:00.000,14.06,534.9,2.22,59.95,OK,E. Aydin
89.3,3283,3.69,2026-10-22T15:50:00.000,16.09,562.9,1.87,60.06,OK,B. Kaya
86.8,3560,4.93,2026-10-22T15:58:00.000,15.6,574.7,2.17,60.12,OK,A. Demir
85.7,3637,4.2,2026-10-22T16:06:00.000,15.83,594.1,2.06,60.19,OK,A. Demir
84.4,3903,4.94,2026-10-22T16:13:00.000,17.28,574.2,2.53,60.31,OK,A. Demir
83.5,3395,4.59,2026-10-22T16:21:00.000,14.89,556.9,2.1,60.41,OK,E. Aydin
84,2935,4.21,2026-10-22T16:25:00.000,13.22,513.7,1.83,60.46,OK,D. Sahin
84.9,3562,5.26,2026-10-22T16:27:00.000,15.47,565.6,2.45,60.49,OK,B. Kaya
86.8,4039,5,2026-10-22T16:35:00.000,17.35,615.8,2.45,60.55,OK,D. Sahin
88.3,3768,5.61,2026-10-22T16:43:00.000,17.08,610.9,2.36,60.58,OK,C. Yildiz
87.9,3808,5.48,2026-10-22T16:45:00.000,16.41,570.2,1.88,60.64,OK,B. Kaya
90.9,3957,5.4,2026-10-22T16:50:00.000,18.02,639.8,2.56,60.71,OK,E. Aydin
88.3,3357,4.59,2026-10-22T16:54:00.000,15.45,577.8,2.37,60.82,OK,D. Sahin
90.6,3092,4.74,2026-10-22T16:59:00.000,13.63,529.5,2.08,60.86,OK,A. Demir
85.8,3237,,2026-10-22T17:10:00.000,15.04,524.8,2.91,60.95,OK,A. Demir
83.5,2761,4.22,2026-10-22T17:18:00.000,13.74,497.4,2.19,60.98,OK,A. Demir
87.7,3565,4.62,2026-10-22T17:23:00.000,15.81,588.4,2.34,61.02,OK,E. Aydin
88.8,3818,5.17,2026-10-22T17:26:00.000,15.68,587,2.45,61.06,OK,A. Demir
88.9,3879,5.17,2026-10-22T17:34:00.000,16.55,580.9,2.19,61.18,OK,E. Aydin
91,3108,4.93,2026-10-22T17:38:00.000,13.62,544.6,2.2,61.27,OK,E. Aydin
90.2,3339,4.28,2026-10-22T17:42:00.000,15.74,590.5,1.79,61.38,OK,A. Demir
81.3,3099,4.63,2026-10-22T17:46:00.000,13.16,528.4,2.04,61.42,OK,D. Sahin
83.4,2604,3.85,2026-10-22T17:51:00.000,11.64,480.7,1.39,61.49,OK,B. Kaya
87.1,3294,4.84,2026-10-22T17:56:00.000,15.21,555.9,1.7,61.54,OK,C. Yildiz
86.3,3460,4.35,2026-10-22T18:01:00.000,15.55,562.5,1.73,61.66,WARNING,D. Sahin
84.2,2963,4.37,2026-10-22T18:06:00.000,13.59,531.7,1.94,61.7,OK,A. Demir
91.7,3144,4.39,2026-10-22T18:14:00.000,14.14,533.1,2.16,61.77,OK,A. Demir
84.9,3236,5.36,2026-10-22T18:17:00.000,15.16,525.3,1.62,61.82,OK,D. Sahin
87.2,3372,,2026-10-22T18:19:00.000,13.48,561.2,2.27,61.92,OK,D. Sahin
80.6,2740,3.97,2026-10-22T18:25:00.000,12.6,500.8,2.18,62.04,OK,B. Kaya
85.7,3040,4.42,2026-10-22T18:33:00.000,13.23,528.5,1.77,62.12,OK,D. Sahin
84.9,2882,4.3,2026-10-22T18:40:00.000,14.3,512.6,1.77,62.18,OK,B. Kaya
84.9,3143,4.82,2026-10-22T18:48:00.000,15.84,555.7,1.9,62.2,OK,A. Demir
80.5,2479,4.86,2026-10-22T18:53:00.000,12.37,480.2,1.41,62.25,OK,B. Kaya
86.3,3160,4.16,2026-10-22T18:55:00.000,14.98,555.3,1.68,62.33,OK,A. Demir
89.2,2696,3.85,2026-10-22T18:59:00.000,11.82,492.8,1.45,62.37,OK,B. Kaya
84.4,2958,4.47,2026-10-22T19:01:00.000,15.08,525.2,1.97,62.42,OK,C. Yildiz
81.6,3156,5.45,2026-10-22T19:07:00.000,14.36,517.4,1.67,62.51,OK,B. Kaya
79.5,1807,4.01,2026-10-22T19:10:00.000,10.65,382.2,1.1,62.6,OK,A. Demir
83,2406,3.98,2026-10-22T19:18:00.000,11.44,467.2,1.29,62.65,OK,A. Demir
82.2,3060,4.46,2026-10-22T19:23:00.000,13.04,523,1.75,62.69,OK,C. Yildiz
86,3333,4.86,2026-10-22T19:30:00.000,14.91,573.4,1.81,62.72,OK,D. Sahin
82.2,2473,4.59,2026-10-22T19:38:00.000,12.34,460.5,1.49,62.79,OK,C. Yildiz
87.2,3146,4.87,2026-10-22T19:41:00.000,15.68,531.8,2.11,62.84,OK,C. Yildiz
91.5,3371,4.44,2026-10-22T19:43:00.000,14.97,547,2.55,62.9,OK,B. Kaya
80.4,2250,3.85,2026-10-22T19:48:00.000,10.42,443.8,1.37,62.96,OK,C. Yildiz
86,2883,4.39,2026-10-22T19:50:00.000,13.9,506.7,1.62,63.05,OK,E. Aydin
85.3,3322,4.19,2026-10-22T19:52:00.000,14.44,570.5,1.91,63.16,OK,D. Sahin
80.6,1884,3.54,2026-10-22T19:58:00.000,11.51,421.8,1.83,63.19,OK,E. Aydin
86.7,2840,4.8,2026-10-22T20:01:00.000,12.95,530.4,1.98,63.23,OK,E. Aydin
81.4,2085,3.79,2026-10-22T20:07:00.000,11.15,434.5,1.44,63.27,OK,D. Sahin
79,2703,4.24,2026-10-22T20:09:00.000,12.51,478.4,1.96,63.36,OK,C. Yildiz
84.2,2727,3.94,2026-10-22T20:13:00.000,13.24,477.9,1.65,63.39,OK,A. Demir
79.1,2295,3.48,2026-10-22T20:15:00.000,11.31,464.4,1.43,63.49,OK,B. Kaya
81.6,2014,3.61,2026-10-22T20:20:00.000,10.32,378.5,1.23,63.52,OK,C. Yildiz
78.9,2447,4.29,2026-10-22T20:24:00.000,10.98,479.4,1.4,63.59,OK,D. Sahin
84.5,2233,4.58,2026-10-22T20:29:00.000,11.02,473,1.6,63.66,OK,D. Sahin
84.1,2701,4.27,2026-10-22T20:35:00.000,12.94,485,1.67,63.78,OK,A. Demir
87.3,2719,4.41,2026-10-22T20:37:00.000,13.68,507.8,1.76,63.87,OK,E. Aydin
80.2,2716,4.57,2026-10-22T20:43:00.000,14.18,481.1,1.68,63.9,OK,A. Demir
79.3,1739,4.02,2026-10-22T20:49:00.000,8.84,400.2,1.55,63.95,OK,C. Yildiz
85.2,2660,4.23,2026-10-22T20:51:00.000,12.19,506.3,2.1,64,OK,A. Demir
80.5,2326,4.14,2026-10-22T20:54:00.000,11.97,440.3,1.45,64.05,OK,C. Yildiz
84,2657,4.51,2026-10-22T21:02:00.000,11.89,496.9,1.63,64.14,OK,C. Yildiz
82.8,2116,4.64,2026-10-22T21:04:00.000,9.41,422.4,2.21,64.23,OK,D. Sahin
82.6,2634,4.13,2026-10-22T21:09:00.000,13.11,461.8,1.65,64.32,OK,A. Demir
84,2013,4.73,2026-10-22T21:17:00.000,8.9,394.7,1.26,64.35,OK,E. Aydin
84,2268,3.92,2026-10-22T21:24:00.000,11.17,454,1.62,64.42,OK,E. Aydin
76.2,2117,3.62,2026-10-22T21:32:00.000,11.42,415.1,2.11,64.45,OK,A. Demir
78.9,1814,3.94,2026-10-22T21:37:00.000,9.28,401,1.62,64.5,OK,E. Aydin
82.5,2079,4.18,2026-10-22T21:41:00.000,10.83,424.2,1.62,64.62,OK,C. Yildiz
82.6,1771,3.48,2026-10-22T21:45:00.000,9.1,374.1,1.75,64.64,OK,D. Sahin
74.9,1262,3.13,2026-10-22T21:48:00.000,6.69,339.4,0.83,64.74,OK,B. Kaya
80.3,1969,3.96,2026-10-22T21:54:00.000,10.07,412.4,1.61,64.77,OK,B. Kaya
80.3,1594,3.67,2026-10-22T21:57:00.000,8,380.2,1.95,64.88,OK,C. Yildiz
81.3,1584,3.62,2026-10-22T22:04:00.000,8.16,373.6,1.81,64.94,OK,E. Aydin
82.9,2060,3.69,2026-10-22T22:11:00.000,10.88,424,1.54,64.98,OK,B. Kaya
81.3,1474,3.59,2026-10-22T22:17:00.000,6.99,367,1.17,65.08,OK,A. Demir
80.5,1635,4.04,2026-10-22T22:21:00.000,8.67,361.3,1.21,65.18,OK,D. Sahin
83.1,2121,3.89,2026-10-22T22:26:00.000,11.32,426.4,2.04,65.28,OK,C. Yildiz
81.7,,3.14,2026-10-22T22:34:00.000,10.69,393.1,1.3,65.33,OK,A. Demir
76.2,1484,,2026-10-22T22:37:00.000,8.3,372,0.98,65.38,OK,C. Yildiz
75.6,1546,3.62,2026-10-22T22:44:00.000,9.39,339.7,1.12,65.47,OK,B. Kaya
81.6,1623,3.6,2026-10-22T22:48:00.000,7.81,407.9,1.71,65.56,OK,A. Demir
81.2,1762,3.64,2026-10-22T22:51:00.000,10.99,405.5,1.33,65.64,OK,A. Demir
75.5,1470,4.71,2026-10-22T22:55:00.000,9.24,368.5,1.2,65.7,OK,C. Yildiz
78.4,1323,3.95,2026-10-22T23:00:00.000,8.04,384,0.98,65.79,OK,B. Kaya
77.5,885,2.89,2026-10-22T23:05:00.000,7.83,313.5,0.7,65.9,OK,D. Sahin
79.8,1395,3.64,2026-10-22T23:07:00.000,7.15,371.8,1.08,65.96,OK,A. Demir
76,1255,4.08,2026-10-22T23:10:00.000,9.75,332.5,0.84,65.99,OK,A. Demir
76.6,1198,3.74,2026-10-22T23:18:00.000,8.31,338.4,1.72,66.01,OK,E. Aydin
74.2,800,3.82,2026-10-22T23:20:00.000,7.63,289,0.77,66.08,OK,A. Demir
79.9,1479,3.35,2026-10-22T23:26:00.000,7.84,400.7,1.35,66.18,OK,E. Aydin
81.7,1691,4.23,2026-10-22T23:33:00.000,8.29,380.1,2.39,66.25,OK,B. Kaya
75.2,1264,3.75,2026-10-22T23:38:00.000,7.73,349.6,1.27,66.36,OK,B. Kaya
81.7,1468,4.15,2026-10-22T23:41:00.000,8.89,387.4,1.66,66.4,OK,A. Demir
81.1,1851,3.84,2026-10-22T23:49:00.000,9.28,414.1,1.46,66.43,OK,A. Demir
78.2,1351,,2026-10-22T23:54:00.000,7.81,360,1.46,66.48,OK,B. Kaya
76.7,1904,3.05,2026-10-23T00:00:00.000,10.54,448,1.48,66.59,OK,C. Yildiz
71.4,1025,3.76,2026-10-23T00:08:00.000,8.36,336.5,0.82,66.62,OK,D. Sahin
76.3,1360,3.46,2026-10-23T00:11:00.000,8.04,369.2,0.88,66.74,OK,B. Kaya
76.7,836,2.84,2026-10-23T00:13:00.000,7.63,310.8,0.77,66.77,OK,C. Yildiz
81,1386,4.15,2026-10-23T00:20:00.000,7.43,375.7,1.14,66.82,OK,D. Sahin
75.9,1106,3.86,2026-10-23T00:25:00.000,6.32,347.8,0.89,66.91,OK,B. Kaya
82.2,1760,3.99,2026-10-23T00:32:00.000,10.23,411.2,1.55,66.95,OK,D. Sahin
75.7,1292,3.59,2026-10-23T00:34:00.000,9.23,360.3,1.22,67.07,OK,D. Sahin
81.6,1159,3.9,2026-10-23T00:41:00.000,6.54,353,0.85,67.12,OK,E. Aydin
77.3,1457,2.85,2026-10-23T00:43:00.000,7.61,364.8,1.87,67.18,OK,E. Aydin
73,800,3.21,2026-10-23T00:45:00.000,6.6,308.4,0.8,67.22,OK,A. Demir
75.5,1306,3.68,2026-10-23T00:48:00.000,7.73,358.1,1.11,67.25,OK,B. Kaya
78.1,800,2.57,2026-10-23T00:56:00.000,6.87,288.8,1.34,67.27,OK,A. Demir
73.9,800,3.05,2026-10-23T01:03:00.000,8.07,323.6,1.43,67.33,OK,C. Yildiz
75.9,800,3.19,2026-10-23T01:08:00.000,5.86,291.9,1.29,67.38,OK,E. Aydin
74.3,948,2.78,2026-10-23T01:10:00.000,8.54,292.5,0.89,67.46,OK,B. Kaya
74.3,800,3.73,2026-10-23T01:17:00.000,6.8,319.9,0.67,67.55,OK,A. Demir
75,800,3.28,2026-10-23T01:21:00.000,6.49,289.3,2.01,67.59,OK,C. Yildiz
77.6,824,3.81,2026-10-23T01:27:00.000,6.17,307,0.71,67.66,OK,C. Yildiz
81.1,983,3.5,2026-10-23T01:35:00.000,6.8,315.3,1.83,67.77,OK,E. Aydin
76.7,818,3.81,2026-10-23T01:39:00.000,8.34,335.5,0.69,67.8,OK,D. Sahin
80.3,1546,3.63,2026-10-23T01:46:00.000,9.74,386,1.07,67.9,OK,B. Kaya
76.1,1048,3.43,2026-10-23T01:53:00.000,5.25,316.5,0.74,67.96,OK,D. Sahin
75.6,800,2.6,2026-10-23T02:01:00.000,8.15,329,1.44,68.05,OK,A. Demir
74.6,800,3.38,2026-10-23T02:04:00.000,6.69,313.5,0.8,68.1,OK,D. Sahin
78.2,1387,3.06,2026-10-23T02:09:00.000,7.62,353.4,1.56,68.12,OK,D. Sahin
80.2,1017,3.5,2026-10-23T02:15:00.000,6.89,335.1,1.04,68.14,OK,A. Demir
77.8,1262,3.58,2026-10-23T02:22:00.000,9.7,338.1,1.37,68.22,OK,A. Demir
79.9,1694,3.18,2026-10-23T02:25:00.000,8.33,390,1.51,68.33,OK,E. Aydin
80.1,800,3.5,2026-10-23T02:33:00.000,6.38,294.3,0.76,68.39,OK,A. Demir
72.6,819,2.71,2026-10-23T02:39:00.000,6.19,297.7,1.18,68.51,WARNING,D. Sahin
77.3,1353,3.57,2026-10-23T02:43:00.000,8.12,340.8,1.67,68.54,OK,A. Demir
79.3,1303,3.6,2026-10-23T02:47:00.000,8.78,351.2,1.85,68.57,OK,A. Demir
70.4,800,3.08,2026-10-23T02:52:00.000,7.49,259.1,1,68.6,OK,B. Kaya
79,1278,4.32,2026-10-23T02:58:00.000,7.69,352.2,1.07,68.69,OK,E. Aydin
75.4,1029,3.12,2026-10-23T03:03:00.000,7.73,298.5,1.55,68.77,OK,E. Aydin
75,1065,3.35,2026-10-23T03:10:00.000,7.43,348.5,0.75,68.81,OK,E. Aydin
79.7,1724,3.24,2026-10-23T03:15:00.000,9.4,394.4,1.64,68.87,OK,C. Yildiz
70.8,824,3.88,2026-10-23T03:23:00.000,6.36,301.1,1.43,68.94,OK,D. Sahin
79.1,1502,3.33,2026-10-23T03:29:00.000,9.8,372.7,1.17,69.04,OK,B. Kaya
73.9,800,3.44,2026-10-23T03:35:00.000,6.7,296.2,0.87,69.12,OK,D. Sahin
72.5,800,3.09,2026-10-23T03:39:00.000,7.53,296.6,0.8,69.24,OK,B. Kaya
77,1101,3.58,2026-10-23T03:46:00.000,6.37,361,1.12,69.28,OK,C. Yildiz
85.1,1702,3.4,2026-10-23T03:49:00.000,9.93,406.2,1.75,69.32,OK,E. Aydin
77,1426,3.39,2026-10-23T03:54:00.000,10.12,367.3,1.09,69.41,OK,D. Sahin
76.6,800,2.86,2026-10-23T04:01:00.000,5.12,295,0.8,69.5,OK,A. Demir
81.2,1204,3.75,2026-10-23T04:09:00.000,9.16,340.7,1.18,69.55,OK,B. Kaya
73.1,800,2.76,2026-10-23T04:15:00.000,5.78,297.3,1.19,69.58,OK,A. Demir
76.5,1224,3.45,2026-10-23T04:18:00.000,9.27,319.1,1.34,69.61,OK,C. Yildiz
70.3,1537,3.21,2026-10-23T04:26:00.000,8.57,378.3,1.4,69.71,OK,B. Kaya
79,800,2.92,2026-10-23T04:33:00.000,5.8,337.5,1.05,69.77,OK,B. Kaya
77.9,1307,3.57,2026-10-23T04:37:00.000,6.5,370.5,0.95,69.82,OK,E. Aydin
81.8,1596,3.96,2026-10-23T04:43:00.000,8.61,399.1,1.4,69.89,OK,E. Aydin
74.2,980,3.35,2026-10-23T04:49:00.000,8.56,326.1,1.31,69.99,OK,D. Sahin
76.5,1408,3.68,2026-10-23T04:55:00.000,9.65,383.7,1.49,70.06,OK,D. Sahin
76.1,1288,3.7,2026-10-23T05:01:00.000,7.49,374.7,1.14,70.17,OK,D. Sahin
76.4,1360,3.36,2026-10-23T05:04:00.000,10.23,345.3,1.33,70.21,OK,C. Yildiz
78.4,1349,3.37,2026-10-23T05:12:00.000,8.43,359.2,1.7,70.27,OK,D. Sahin
75,1003,2.83,2026-10-23T05:18:00.000,7.15,331,1.29,70.32,OK,C. Yildiz
79.1,1155,3.33,2026-10-23T05:25:00.000,7.84,378.2,1.76,70.34,OK,D. Sahin
71.3,842,3.76,2026-10-23T05:29:00.000,5.77,303,1.17,70.38,OK,E. Aydin
79.4,1242,,2026-10-23T05:35:00.000,7.19,337.3,1.18,70.46,OK,B. Kaya
79.5,1202,3.64,2026-10-23T05:42:00.000,9.69,370.6,0.95,70.48,OK,A. Demir
76.4,1074,3.99,2026-10-23T05:47:00.000,6.96,342.4,1.15,70.58,OK,C. Yildiz
79.2,1394,3.26,2026-10-23T05:54:00.000,8.56,381.3,0.88,70.63,OK,E. Aydin
76.6,1152,2.89,2026-10-23T05:58:00.000,8.8,335.6,0.96,70.66,OK,C. Yildiz
78.2,1468,3.19,2026-10-23T06:03:00.000,8.62,347.9,1.21,70.7,OK,C. Yildiz
77.7,1319,3.5,2026-10-23T06:07:00.000,8.61,313.3,0.87,70.72,OK,A. Demir
76,1789,4,2026-10-23T06:10:00.000,8.79,418,1.8,70.83,OK,B. Kaya
76.6,1340,4.08,2026-10-23T06:14:00.000,8.65,369.9,1.61,70.86,OK,E. Aydin
75.5,1372,3.37,2026-10-23T06:20:00.000,7.91,353.1,1.49,70.98,OK,D. Sahin
78.7,1234,3.23,2026-10-23T06:24:00.000,7.64,333.4,1.02,71.02,OK,E. Aydin
75,1286,3.01,2026-10-23T06:30:00.000,9.09,376.4,0.96,71.06,OK,A. Demir
75.7,1164,2.83,2026-10-23T06:32:00.000,7.36,351.7,1.02,71.12,OK,C. Yildiz
86.3,2443,4.16,2026-10-23T06:36:00.000,10.39,499.2,1.75,71.15,OK,E. Aydin
73.3,1525,3.6,2026-10-23T06:43:00.000,7.32,375.1,1.46,71.26,OK,E. Aydin
78,1588,3.81,2026-10-23T06:51:00.000,8.88,376.2,1.25,71.34,OK,A. Demir
80.6,2045,4.55,2026-10-23T06:58:00.000,11.91,424.1,1.49,71.38,OK,A. Demir
82,1782,3.78,2026-10-23T07:02:00.000,10.24,430.9,1.53,71.48,OK,B. Kaya
80.5,2043,3.81,2026-10-23T07:07:00.000,10.32,444.3,1.4,71.52,OK,E. Aydin
75.3,1468,3.75,2026-10-23T07:09:00.000,7.88,358.5,1.86,71.61,OK,B. Kaya
82.5,2345,4.69,2026-10-23T07:15:00.000,11.43,449,1.32,71.66,OK,C. Yildiz
81.1,1983,3.66,2026-10-23T07:19:00.000,10.4,442.8,1.29,71.7,OK,C. Yildiz
78.4,2197,4.07,2026-10-23T07:26:00.000,11.33,426,1.43,71.8,OK,C. Yildiz
82.1,2189,4.31,2026-10-23T07:29:00.000,11.71,435.8,1.38,71.89,OK,C. Yildiz
80.5,1723,4.04,2026-10-23T07:32:00.000,8.73,414.1,1.29,71.98,OK,D. Sahin
81.8,1879,4.42,2026-10-23T07:38:00.000,7.85,423,1.19,72.09,OK,C. Yildiz
81.1,2182,3.89,2026-10-23T07:41:00.000,10.36,450.3,1.32,72.15,OK,C. Yildiz
82.1,2453,3.91,2026-10-23T07:47:00.000,12.92,490.2,1.33,72.21,OK,C. Yildiz
85.6,2363,4.88,2026-10-23T07:51:00.000,11.67,448.8,1.35,72.25,OK,A. Demir
81,2208,4.15,2026-10-23T07:59:00.000,9.42,458.1,1.89,72.32,OK,E. Aydin
81.1,2105,3.92,2026-10-23T08:02:00.000,12.11,427.1,1.24,72.38,OK,D. Sahin
82.2,2801,4.41,2026-10-23T08:08:00.000,11.76,503,1.97,72.49,OK,A. Demir
81.8,2043,4.13,2026-10-23T08:10:00.000,11.62,425.5,1.54,72.57,OK,D. Sahin
86.9,2239,3.63,2026-10-23T08:18:00.000,11.72,450.3,1.59,72.62,OK,C. Yildiz
84.3,2376,3.63,2026-10-23T08:24:00.000,11.03,453.4,1.57,72.65,OK,A. Demir
79.7,1998,3.91,2026-10-23T08:32:00.000,11.02,409.7,1.95,72.75,OK,D. Sahin
84.4,2337,4.07,2026-10-23T08:36:00.000,13.8,486.6,1.5,72.82,OK,A. Demir
85.8,2329,3.58,2026-10-23T08:43:00.000,9.99,456.5,1.69,72.86,OK,B. Kaya
82.2,2168,4.43,2026-10-23T08:51:00.000,10.4,433.2,1.43,72.96,OK,C. Yildiz
83.5,2488,4.75,2026-10-23T08:57:00.000,13.09,467.8,1.7,73.03,OK,D. Sahin
89.5,2991,4.33,2026-10-23T09:01:00.000,15.61,537.5,1.71,73.07,OK,D. Sahin
84.4,2843,3.66,2026-10-23T09:06:00.000,13.78,490.6,2.19,73.18,OK,A. Demir
85.5,2891,3.61,2026-10-23T09:13:00.000,14.07,506.1,2.67,73.26,OK,A. Demir
81.5,1987,4.36,2026-10-23T09:15:00.000,10.69,432.7,1.64,73.3,OK,D. Sahin
81.7,2450,4.15,2026-10-23T09:20:00.000,12.98,486.2,1.55,73.39,OK,E. Aydin
86.3,2668,4.23,2026-10-23T09:24:00.000,14.86,485.1,2.45,73.48,OK,A. Demir
85.6,2868,4.19,2026-10-23T09:27:00.000,14.03,493.9,2.02,73.6,OK,D. Sahin
86.5,3073,4.52,2026-10-23T09:31:00.000,14.48,533.2,2.21,73.65,OK,A. Demir
81,3004,4.38,2026-10-23T09:39:00.000,13.97,527.9,1.58,73.73,OK,A. Demir
84.5,3189,4.52,2026-10-23T09:43:00.000,15.39,547.8,1.69,73.76,OK,B. Kaya
82.7,2399,4.08,2026-10-23T09:49:00.000,10.75,463.7,1.53,73.86,OK,C. Yildiz
85.2,2794,3.81,2026-10-23T09:51:00.000,12.45,515.4,1.48,73.96,OK,A. Demir
76.6,2901,4.45,2026-10-23T09:57:00.000,14.67,483,1.55,74.07,OK,D. Sahin
86.3,2886,4.47,2026-10-23T10:01:00.000,13.05,504.1,2.01,74.12,OK,D. Sahin
88.4,2965,4.69,2026-10-23T10:03:00.000,13.96,489.5,2.14,74.15,OK,D. Sahin
86.8,2996,4.39,2026-10-23T10:11:00.000,13.2,516.2,2.01,74.2,OK,D. Sahin
81.5,2224,3.62,2026-10-23T10:14:00.000,12.74,447,1.57,74.28,OK,B. Kaya
88.6,3037,3.94,2026-10-23T10:22:00.000,14.73,492.1,2.04,74.39,OK,E. Aydin
85.1,3354,4.21,2026-10-23T10:30:00.000,15.51,527.1,1.92,74.48,OK,E. Aydin
87.8,2881,4.05,2026-10-23T10:38:00.000,14.29,496,1.81,74.5,OK,A. Demir
86.9,3305,4.83,2026-10-23T10:45:00.000,15.96,505.4,2.53,74.61,OK,E. Aydin
85.2,2838,3.94,2026-10-23T10:50:00.000,13.72,496.7,1.91,74.71,OK,A. Demir
83.4,2838,4.66,2026-10-23T10:58:00.000,14.88,492.7,2.06,74.79,OK,D. Sahin
86.5,3114,4.1,2026-10-23T11:02:00.000,12.02,536,1.67,74.89,OK,A. Demir
89.5,3659,4.75,2026-10-23T11:05:00.000,15.05,595.8,1.89,74.92,OK,D. Sahin
85.9,3550,5.65,2026-10-23T11:07:00.000,15.74,567.7,2.02,75.03,OK,A. Demir
82.5,2926,4.61,2026-10-23T11:13:00.000,14.29,509.7,1.72,75.05,OK,D. Sahin
85.2,2825,4.53,2026-10-23T11:17:00.000,12.63,506.5,1.72,75.1,OK,B. Kaya
81.3,3203,4.93,2026-10-23T11:25:00.000,15.95,526.8,1.96,75.17,OK,D. Sahin
90.2,2792,4.72,2026-10-23T11:28:00.000,13.58,495.5,2.01,75.29,OK,D. Sahin
89.5,3264,4.55,2026-10-23T11:30:00.000,15.38,552.3,1.63,75.37,OK,C. Yildiz
84.2,2974,4.33,2026-10-23T11:36:00.000,14,513.6,2.08,75.45,OK,C. Yildiz
94.8,4022,4.23,2026-10-23T11:43:00.000,17.56,639,2.55,75.49,OK,B. Kaya
82.8,2912,3.89,2026-10-23T11:50:00.000,12.62,512.6,1.63,75.57,OK,E. Aydin
86.7,3059,4.56,2026-10-23T11:54:00.000,12.11,528.3,1.76,75.61,OK,C. Yildiz
83.8,2938,4.96,2026-10-23T11:59:00.000,13.75,495.5,1.78,75.71,OK,E. Aydin
86.8,3590,4.16,2026-10-23T12:04:00.000,15.33,569,2.48,75.82,OK,A. Demir
88.5,3269,4.32,2026-10-23T12:08:00.000,13.12,541,2.09,75.92,OK,A. Demir
87.2,3656,4.52,2026-10-23T12:13:00.000,17.48,572,2.36,76.04,OK,C. Yildiz
88.6,3399,4.67,2026-10-23T12:16:00.000,13.67,570.5,2.33,76.08,OK,D. Sahin
85.8,3090,4.44,2026-10-23T12:21:00.000,13.77,532.8,1.88,76.12,OK,A. Demir
90.3,3591,5.42,2026-10-23T12:28:00.000,15.26,572.3,2.12,76.2,OK,E. Aydin
91.5,3584,4.37,2026-10-23T12:33:00.000,16.43,580.6,2.43,76.26,OK,E. Aydin
89.5,3545,5.05,2026-10-23T12:38:00.000,16.39,562.2,2.33,76.37,OK,B. Kaya
86.4,3178,4.26,2026-10-23T12:40:00.000,13.65,546.5,2.25,76.47,OK,D. Sahin
84.1,3138,4.28,2026-10-23T12:46:00.000,15.06,550.9,1.67,76.55,OK,D. Sahin
89.1,3029,4.19,2026-10-23T12:52:00.000,14.08,518.1,1.94,76.66,OK,E. Aydin
83.3,3567,4.87,2026-10-23T12:54:00.000,15.1,568.7,2.5,76.71,OK,B. Kaya
87.3,3378,4.96,2026-10-23T12:57:00.000,17.61,543.9,2.24,76.77,OK,C. Yildiz
88.3,3757,4.35,2026-10-23T13:02:00.000,18.14,584.9,1.96,76.84,OK,C. Yildiz
84.9,3389,4.47,2026-10-23T13:05:00.000,13.59,563.6,1.99,76.92,OK,B. Kaya
88,3603,4.79,2026-10-23T13:09:00.000,16.14,601.4,1.79,77.01,OK,C. Yildiz
89.2,3555,4.71,2026-10-23T13:11:00.000,16.82,563.2,1.96,77.09,OK,D. Sahin
88.6,3398,4.71,2026-10-23T13:13:00.000,16.37,571.2,2.49,77.2,OK,B. Kaya
87.9,,5.13,2026-10-23T13:16:00.000,14.92,521.8,1.93,77.24,OK,C. Yildiz
85.4,2966,4.29,2026-10-23T13:18:00.000,14.53,522.2,1.65,77.36,OK,B. Kaya
89.8,3493,4.82,2026-10-23T13:25:00.000,13.84,559.7,2.56,77.4,OK,A. Demir
89.9,3671,5.08,2026-10-23T13:33:00.000,15.27,562.9,2.49,77.43,OK,A. Demir
87,3196,4.39,2026-10-23T13:39:00.000,14.94,531.6,1.74,77.5,OK,A. Demir
94.7,4292,5.63,2026-10-23T13:41:00.000,17.53,629.6,2.48,77.54,OK,E. Aydin
83.4,3163,4.81,2026-10-23T13:43:00.000,14.06,544.6,2.33,77.57,OK,C. Yildiz
89.8,3620,4.76,2026-10-23T13:51:00.000,15.32,578,1.94,77.62,OK,C. Yildiz
88.8,3108,4.68,2026-10-23T13:56:00.000,16.12,545.4,1.76,77.66,OK,A. Demir
81.1,3276,4.43,2026-10-23T14:00:00.000,15.41,537.7,1.65,77.78,OK,E. Aydin
90.1,3544,4.74,2026-10-23T14:05:00.000,14.14,587,2.08,77.84,OK,D. Sahin
84.9,2956,4.29,2026-10-23T14:13:00.000,15.41,506.3,2.34,77.93,OK,C. Yildiz
88.2,3417,4.13,2026-10-23T14:21:00.000,14.36,559,2.14,77.99,OK,D. Sahin
88.8,2752,4.68,2026-10-23T14:23:00.000,12.98,546.5,1.9,78.07,OK,C. Yildiz
90,3587,4.95,2026-10-23T14:27:00.000,16.99,583,2.15,78.11,OK,C. Yildiz
87.5,3400,4.75,2026-10-23T14:30:00.000,16.4,551.9,2.02,78.23,OK,D. Sahin
82.5,2213,4.64,2026-10-23T14:37:00.000,11.73,425.8,1.52,78.31,OK,A. Demir
81.9,2721,4.31,2026-10-23T14:41:00.000,12.74,482.6,1.85,78.36,OK,B. Kaya
89.6,4075,4.44,2026-10-23T14:45:00.000,19.29,627.4,2.69,78.44,OK,C. Yildiz
80.5,2649,4.61,2026-10-23T14:47:00.000,12.43,487.1,1.96,78.5,OK,B. Kaya
86,3015,4.76,2026-10-23T14:51:00.000,12.9,523.1,1.92,78.56,OK,E. Aydin
89.6,3396,4.99,2026-10-23T14:53:00.000,15.23,579.8,2.19,78.6,OK,B. Kaya
84.6,2838,4,2026-10-23T14:55:00.000,14.31,508.4,1.47,78.7,OK,C. Yildiz
85.1,3013,5.07,2026-10-23T15:03:00.000,13.89,516.6,1.75,78.73,OK,C. Yildiz
88.4,3363,4.51,2026-10-23T15:08:00.000,12.8,572.5,2.68,78.8,OK,C. Yildiz
88.9,2861,3.49,2026-10-23T15:16:00.000,13.6,503.9,1.53,78.9,OK,A. Demir
83.1,3443,4.64,2026-10-23T15:24:00.000,13.56,574.2,2.48,78.99,OK,E. Aydin
79,3139,4.32,2026-10-23T15:30:00.000,15.7,536.5,1.62,79.09,OK,D. Sahin
84.3,3052,4.13,2026-10-23T15:34:00.000,13.4,533.9,1.63,79.13,OK,C. Yildiz
91.4,3334,4.58,2026-10-23T15:37:00.000,14.4,552.1,2.4,79.23,OK,A. Demir
86.3,3216,4.74,2026-10-23T15:43:00.000,15.04,536.9,2.38,79.32,OK,B. Kaya
87.3,3287,4.94,2026-10-23T15:46:00.000,15.98,539,1.8,79.35,OK,C. Yildiz
82.4,2505,4.03,2026-10-23T15:51:00.000,13.91,462.5,1.56,79.42,OK,C. Yildiz
83.9,3309,4.75,2026-10-23T15:58:00.000,15.88,563.9,1.82,79.52,OK,B. Kaya
83.7,3006,5.06,2026-10-23T16:00:00.000,13.7,529.6,2.99,79.58,OK,C. Yildiz
79.9,2701,4.17,2026-10-23T16:03:00.000,12.02,507.6,2.61,79.68,OK,B. Kaya
84.3,2838,5.22,2026-10-23T16:08:00.000,13.74,511.4,1.54,79.75,OK,D. Sahin
87.5,3082,4.28,2026-10-23T16:14:00.000,12.82,525.8,1.7,79.81,OK,D. Sahin
89.1,3011,3.96,2026-10-23T16:17:00.000,14.54,532.8,1.88,79.92,OK,C. Yildiz
78.6,2457,3.77,2026-10-23T16:24:00.000,12.24,458,1.55,79.99,OK,A. Demir
81.8,2905,4.12,2026-10-23T16:26:00.000,15.1,511.2,1.87,80.03,OK,B. Kaya
85.2,2491,4.02,2026-10-23T16:31:00.000,12.55,481.6,1.41,80.08,OK,E. Aydin
84,2444,3.85,2026-10-23T16:38:00.000,12.66,462.2,1.58,80.2,OK,E. Aydin
80.8,2738,4.34,2026-10-23T16:42:00.000,13.01,493.7,1.55,80.24,OK,A. Demir
83.7,3295,4.3,2026-10-23T16:48:00.000,13.28,538.1,1.93,80.33,OK,C. Yildiz
88.8,2969,4.44,2026-10-23T16:54:00.000,15.08,538.2,1.53,80.4,OK,D. Sahin
85,2238,4.13,2026-10-23T17:00:00.000,11.9,448.4,1.91,80.49,OK,B. Kaya
85.6,3069,4.77,2026-10-23T17:05:00.000,14.76,529.2,2.06,80.54,OK,B. Kaya
80.1,2943,5.15,2026-10-23T17:07:00.000,13.73,511.6,2.41,80.57,OK,D. Sahin
75.9,1706,4.39,2026-10-23T17:15:00.000,8.97,359.9,1.54,80.64,OK,A. Demir
87.5,2784,4.14,2026-10-23T17:19:00.000,13.33,514,1.47,80.73,OK,C. Yildiz
80.6,1841,3.94,2026-10-23T17:22:00.000,10.95,411.9,1.81,80.81,OK,B. Kaya
84.2,2428,4.58,2026-10-23T17:30:00.000,12.47,470.5,1.69,80.85,OK,A. Demir
82.9,2177,3.95,2026-10-23T17:35:00.000,10.6,456.1,1.26,80.96,OK,E. Aydin
82.7,2260,3.87,2026-10-23T17:43:00.000,11.92,437.5,1.59,81.01,OK,C. Yildiz
80.5,2301,3.6,2026-10-23T17:51:00.000,12.91,459.4,1.52,81.1,OK,C. Yildiz
84.1,2397,3.75,2026-10-23T17:58:00.000,12.65,460.6,1.62,81.14,OK,C. Yildiz
82.9,2470,4.21,2026-10-23T18:00:00.000,11.7,487,1.93,81.18,OK,E. Aydin
86.3,2389,3.93,2026-10-23T18:08:00.000,11.52,443.3,1.71,81.28,OK,D. Sahin
82.8,2151,4.47,2026-10-23T18:12:00.000,10.32,440.8,1.89,81.38,OK,A. Demir
78.6,1926,3.9,2026-10-23T18:20:00.000,9.8,441.8,1.3,81.42,OK,A. Demir
80.6,2131,4.22,2026-10-23T18:22:00.000,10.19,445,1.67,81.47,OK,A. Demir
81.2,1907,3.92,2026-10-23T18:28:00.000,11.79,423.8,1.23,81.56,OK,B. Kaya
83.2,2109,4.47,2026-10-23T18:35:00.000,12.24,464.5,1.3,81.59,OK,E. Aydin
79.6,1829,3.31,2026-10-23T18:40:00.000,9.96,396.4,1.36,81.69,OK,B. Kaya
85.7,2178,4.1,2026-10-23T18:44:00.000,10.8,430.3,2.11,81.72,OK,D. Sahin
82.6,2666,4.09,2026-10-23T18:51:00.000,13.94,492.2,1.58,81.83,OK,A. Demir
80.8,2390,3.79,2026-10-23T18:55:00.000,12.37,447.3,1.36,81.89,OK,B. Kaya
80.4,2181,4.48,2026-10-23T18:57:00.000,11.89,425.5,1.32,81.92,OK,E. Aydin
76,909,3.02,2026-10-23T19:02:00.000,7.36,342.2,1.04,82,OK,E. Aydin
78.9,1869,3.99,2026-10-23T19:05:00.000,10.88,399.4,2.09,82.1,OK,A. Demir
77.1,1307,3.18,2026-10-23T19:09:00.000,6.6,352.5,1.63,82.21,OK,B. Kaya
80.4,1994,4.05,2026-10-23T19:17:00.000,11.05,414.3,1.32,82.32,OK,D. Sahin
78.7,1699,3.69,2026-10-23T19:22:00.000,9.63,380.7,1.39,82.41,OK,E. Aydin
81.6,1869,3.21,2026-10-23T19:25:00.000,8.82,404.8,1.41,82.47,OK,A. Demir
84.7,1800,4.09,2026-10-23T19:28:00.000,9.17,396.7,2.04,82.53,OK,B. Kaya
75.4,1446,3.33,2026-10-23T19:36:00.000,8.16,377.5,1.34,82.62,OK,C. Yildiz
76.1,1521,3.81,2026-10-23T19:43:00.000,7.94,401.3,0.97,82.71,OK,C. Yildiz
84.3,1508,3.28,2026-10-23T19:49:00.000,9.09,369.3,1.22,82.83,OK,B. Kaya
79.6,1419,2.88,2026-10-23T19:52:00.000,6.38,354.2,1.04,82.87,OK,A. Demir
82.8,2354,3.72,2026-10-23T19:55:00.000,11.01,456.4,1.64,82.9,OK,D. Sahin
78,1499,3.71,2026-10-23T20:00:00.000,8.64,385,1.46,82.97,OK,E. Aydin
73.7,979,3.03,2026-10-23T20:08:00.000,6.35,316.4,0.86,83.01,OK,D. Sahin
77.6,1496,3.79,2026-10-23T20:10:00.000,6.67,367.9,1.01,83.09,OK,C. Yildiz
78.7,1424,3.54,2026-10-23T20:17:00.000,8.82,398.1,0.9,83.13,OK,B. Kaya
80.7,1553,3.3,2026-10-23T20:23:00.000,9.41,376.7,1.42,83.16,OK,A. Demir
76.5,1715,3.66,2026-10-23T20:28:00.000,8.76,387.2,1.37,83.27,OK,B. Kaya
81.4,1610,3.53,2026-10-23T20:35:00.000,9.35,382.2,1.35,83.37,OK,C. Yildiz
75.2,1197,3.49,2026-10-23T20:40:00.000,8.03,327,0.98,83.49,OK,B. Kaya
80.4,1358,3.82,2026-10-23T20:44:00.000,7.71,367.6,1.23,83.53,OK,C. Yildiz
75,984,2.65,2026-10-23T20:51:00.000,7.62,336,1.11,83.62,OK,B. Kaya
73.1,834,3.47,2026-10-23T20:54:00.000,5.02,329.7,0.96,83.71,OK,A. Demir
73.5,800,2.52,2026-10-23T20:57:00.000,6.82,322.7,1.14,83.74,OK,A. Demir
84.8,1951,4.48,2026-10-23T20:59:00.000,9.2,439.3,1.71,83.78,OK,A. Demir
76.4,1225,3.78,2026-10-23T21:04:00.000,7.85,373.4,0.81,83.89,OK,B. Kaya
75.9,1329,3.88,2026-10-23T21:12:00.000,6.7,367,1.09,83.96,OK,D. Sahin
,1291,4.13,2026-10-23T21:18:00.000,8.79,376.7,0.87,83.99,OK,B. Kaya
78.9,1144,3.68,2026-10-23T21:25:00.000,6.06,352.3,1.66,84.09,OK,D. Sahin
82.5,,4.03,2026-10-23T21:29:00.000,9.93,427.7,1.35,84.16,OK,D. Sahin
78.3,1116,3.43,2026-10-23T21:37:00.000,8.43,341.4,0.84,84.19,OK,E. Aydin
76.2,1008,3.21,2026-10-23T21:40:00.000,9.52,325.3,0.98,84.23,OK,A. Demir
77.7,1344,3.73,2026-10-23T21:47:00.000,7.04,357.6,1.28,84.35,OK,A. Demir
76.8,1583,3.62,2026-10-23T21:54:00.000,8.06,392.4,1.32,84.46,OK,C. Yildiz
80.4,982,3.44,2026-10-23T21:57:00.000,6.71,334.7,0.99,84.49,OK,E. Aydin
76.6,1028,3.62,2026-10-23T22:02:00.000,6.62,311.6,0.75,84.6,OK,B. Kaya
74.4,1096,3.01,2026-10-23T22:07:00.000,8.94,344,1.55,84.69,OK,B. Kaya
70.7,800,3.12,2026-10-23T22:15:00.000,5.58,311.3,1.7,84.8,OK,C. Yildiz
76.6,815,2.77,2026-10-23T22:20:00.000,4.65,308.4,1.79,84.84,OK,B. Kaya
72.7,911,3.43,2026-10-23T22:26:00.000,6.92,332.2,1.04,84.92,OK,E. Aydin
79.4,1097,3.5,2026-10-23T22:33:00.000,6.48,330.8,0.93,85.04,OK,A. Demir
72.6,914,3.48,2026-10-23T22:40:00.000,5.56,297.3,0.8,85.09,OK,B. Kaya
71.1,800,3.85,2026-10-23T22:44:00.000,5.89,286.6,1.08,85.18,OK,A. Demir
81,1061,3.72,2026-10-23T22:47:00.000,7.34,347.9,0.75,85.23,OK,D. Sahin
77.5,1030,,2026-10-23T22:54:00.000,6.32,314.6,1.39,85.29,OK,C. Yildiz
76.8,1317,3.4,2026-10-23T22:58:00.000,9.45,365.9,0.9,85.32,OK,B. Kaya
73.1,800,2.94,2026-10-23T23:02:00.000,6.24,312.9,1.18,85.4,OK,C. Yildiz
77.5,1532,3.52,2026-10-23T23:07:00.000,9.36,366.6,0.99,85.49,OK,B. Kaya
72.8,1272,3.78,2026-10-23T23:13:00.000,7.41,338.3,1.3,85.54,OK,E. Aydin
76,1204,3.61,2026-10-23T23:20:00.000,8.1,339.5,1.84,85.64,OK,E. Aydin
75.5,800,,2026-10-23T23:22:00.000,6.56,327.4,0.98,85.72,OK,D. Sahin
75.3,800,3.35,2026-10-23T23:29:00.000,6.16,281.2,1.33,85.74,OK,A. Demir
77.1,800,2.73,2026-10-23T23:33:00.000,6.14,307.5,1.43,85.77,OK,B. Kaya
74.1,953,3.68,2026-10-23T23:40:00.000,8.44,323.9,1.41,85.79,OK,D. Sahin
81.4,884,2.95,2026-10-23T23:47:00.000,7.68,298.1,0.69,85.85,OK,E. Aydin
75.9,925,3.63,2026-10-23T23:49:00.000,8.16,319.7,0.94,85.94,OK,B. Kaya
72.9,917,3.12,2026-10-23T23:57:00.000,6.29,335.5,1.22,86,OK,C. Yildiz
79,800,3.54,2026-10-24T00:05:00.000,6.56,319.5,1.48,86.11,OK,C. Yildiz
79.5,947,2.79,2026-10-24T00:07:00.000,7.05,311.1,0.9,86.14,OK,E. Aydin
77.1,5487,3.4,2026-10-24T00:14:00.000,8.72,340.4,0.9,86.23,OK,E. Aydin
77.8,852,3.39,2026-10-24T00:20:00.000,5.46,311.7,1.38,86.3,OK,E. Aydin
74.4,917,3.14,2026-10-24T00:28:00.000,6.9,315.2,0.74,86.4,OK,E. Aydin
80.4,909,3.34,2026-10-24T00:34:00.000,4.84,312.2,1.53,86.44,OK,E. Aydin
74.8,800,2.84,2026-10-24T00:36:00.000,6.3,313.3,1.56,86.48,OK,E. Aydin
76.6,948,3.52,2026-10-24T00:39:00.000,7.78,348.2,1.05,86.58,OK,E. Aydin
76.9,1338,3.34,2026-10-24T00:46:00.000,7.62,386.3,1.33,86.62,OK,C. Yildiz
76.8,1703,3.41,2026-10-24T00:51:00.000,8.2,374.4,1.33,86.71,OK,B. Kaya
77.4,1852,,2026-10-24T00:54:00.000,10.5,440.7,1.21,86.76,OK,E. Aydin
81,1062,3.28,2026-10-24T01:00:00.000,5.7,319.9,0.9,86.85,OK,C. Yildiz
76.8,1129,3.45,2026-10-24T01:06:00.000,8,344.9,0.78,86.89,OK,C. Yildiz
81.8,1268,3.68,2026-10-24T01:08:00.000,7.34,344.2,1,86.98,OK,B. Kaya
,800,3.18,2026-10-24T01:11:00.000,6.62,324.6,1.86,87.07,OK,A. Demir
73.5,,3.84,2026-10-24T01:16:00.000,8.28,327.6,1.66,87.16,OK,C. Yildiz
77.7,1493,3.63,2026-10-24T01:23:00.000,9.6,390.3,1.24,87.26,OK,E. Aydin
75.6,800,2.98,2026-10-24T01:27:00.000,7.86,290.2,1.01,87.3,OK,E. Aydin
81.3,1749,3.49,2026-10-24T01:35:00.000,9.96,406.7,1.08,87.42,OK,A. Demir
73.2,1122,4.27,2026-10-24T01:38:00.000,8.44,368.3,1.24,87.49,OK,D. Sahin
80.8,1344,3.71,2026-10-24T01:42:00.000,7.96,356.1,0.97,87.54,OK,E. Aydin
76.3,1281,3.24,2026-10-24T01:47:00.000,9.12,335.4,1.67,87.56,OK,C. Yildiz
74.1,1470,,2026-10-24T01:50:00.000,9.51,359.6,1.44,87.63,OK,E. Aydin
81.8,1835,4.76,2026-10-24T01:54:00.000,9.39,416.9,1.28,87.65,OK,D. Sahin
79,1834,4.22,2026-10-24T02:00:00.000,10.24,453.4,1.85,87.74,OK,D. Sahin
78.7,1057,3.58,2026-10-24T02:04:00.000,7.11,345.5,1.58,87.84,OK,A. Demir
77.6,1477,3.28,2026-10-24T02:11:00.000,9.87,366.7,1.54,87.95,OK,C. Yildiz
77.7,1181,4.1,2026-10-24T02:14:00.000,8.92,332.8,1.19,88.04,OK,B. Kaya
75.1,1598,4.08,2026-10-24T02:19:00.000,8.22,393,1.05,88.07,OK,B. Kaya
74.6,1379,3.43,2026-10-24T02:27:00.000,9.46,341.8,0.89,88.17,OK,D. Sahin
75,1564,3.3,2026-10-24T02:29:00.000,8.83,364.5,1.07,88.22,OK,B. Kaya
84.6,1878,3.14,2026-10-24T02:33:00.000,10.77,427.2,1.09,88.31,OK,E. Aydin
83.2,1273,2.71,2026-10-24T02:35:00.000,8.23,370,1.36,88.36,OK,B. Kaya
76.6,1542,3.17,2026-10-24T02:37:00.000,7.89,371.8,1.2,88.41,OK,C. Yildiz
76.9,1427,4.13,2026-10-24T02:43:00.000,9.04,373.7,2.06,88.47,OK,C. Yildiz
80.1,1467,3.5,2026-10-24T02:49:00.000,7.27,362.1,1.17,88.56,OK,D. Sahin
76.7,837,3.18,2026-10-24T02:55:00.000,7.19,319.1,1.06,88.59,OK,B. Kaya
75,800,3.75,2026-10-24T03:03:00.000,5.9,288.8,0.98,88.64,OK,C. Yildiz
80.2,,3.62,2026-10-24T03:09:00.000,9.19,386.5,1.53,88.73,OK,D. Sahin
78.9,1603,3.7,2026-10-24T03:12:00.000,7.38,365.5,1.59,88.8,OK,D. Sahin
83.2,1963,,2026-10-24T03:17:00.000,9.45,420.7,1.24,88.86,OK,C. Yildiz
79.6,1554,3.3,2026-10-24T03:25:00.000,9.3,379.3,1.36,88.89,OK,C. Yildiz
78.5,2616,4.56,2026-10-24T03:33:00.000,11.52,459.6,1.91,88.94,OK,D. Sahin
82.9,1841,3.9,2026-10-24T03:36:00.000,11.28,434.7,2.06,89.04,OK,E. Aydin
78.2,1411,,2026-10-24T03:42:00.000,9.74,369.8,1.18,89.06,OK,C. Yildiz
82.9,1938,3.56,2026-10-24T03:45:00.000,9.76,432.7,1.38,89.11,OK,B. Kaya
79.2,1366,3.71,2026-10-24T03:53:00.000,9,364.8,1.86,89.2,OK,A. Demir
78.6,1703,3.64,2026-10-24T04:00:00.000,8.13,429.4,1.01,89.31,OK,C. Yildiz
75.9,1181,3.33,2026-10-24T04:04:00.000,7.42,341.6,1.27,89.34,OK,B. Kaya
76.4,1341,3.92,2026-10-24T04:07:00.000,7.24,365.4,1.13,89.43,OK,E. Aydin
82.2,2264,4.07,2026-10-24T04:14:00.000,11.63,462.7,1.45,89.5,OK,C. Yildiz
81.4,2294,4.37,2026-10-24T04:22:00.000,12.59,420.2,2.13,89.58,OK,E. Aydin
78.9,2013,3.41,2026-10-24T04:30:00.000,10.73,426.4,1.57,89.6,OK,E. Aydin
76.6,1699,3.51,2026-10-24T04:38:00.000,9.9,383.5,1.13,89.64,OK,D. Sahin
79.7,2169,3.99,2026-10-24T04:43:00.000,11.06,427.8,2,89.74,OK,D. Sahin
79.8,2159,4.2,2026-10-24T04:47:00.000,10.59,473.3,1.29,89.78,OK,A. Demir
80.9,2087,3.82,2026-10-24T04:54:00.000,9.9,431.6,1.72,89.88,OK,C. Yildiz
74.6,904,3.74,2026-10-24T04:58:00.000,7.18,306.4,0.77,89.92,OK,D. Sahin
84.2,1832,4,2026-10-24T05:00:00.000,9,428.3,1.61,89.99,OK,C. Yildiz
83.9,2042,3.66,2026-10-24T05:04:00.000,10.28,450.6,1.69,90.11,OK,E. Aydin
80.5,2270,4.35,2026-10-24T05:08:00.000,11.88,452,1.28,90.21,OK,B. Kaya
79.6,2615,3.86,2026-10-24T05:12:00.000,12.14,456.7,1.67,90.3,OK,D. Sahin
82.4,2504,4.05,2026-10-24T05:15:00.000,13.37,477.1,1.45,90.33,OK,D. Sahin
78.1,1933,3.51,2026-10-24T05:18:00.000,10.75,425.6,1.34,90.44,OK,D. Sahin
86.1,2639,3.77,2026-10-24T05:22:00.000,11.76,486,1.45,90.49,OK,C. Yildiz
84.1,2756,3.87,2026-10-24T05:29:00.000,13.84,485.1,1.77,90.52,OK,D. Sahin
81.8,2384,3.4,2026-10-24T05:36:00.000,11.25,459.7,1.55,90.58,OK,C. Yildiz
83.2,2557,4.54,2026-10-24T05:39:00.000,12.08,492.8,1.98,90.63,OK,B. Kaya
85.6,2417,4.06,2026-10-24T05:43:00.000,10.87,485.7,1.32,90.74,OK,C. Yildiz
79.4,2277,3.22,2026-10-24T05:48:00.000,13.28,464.2,1.91,90.82,OK,C. Yildiz
84.5,2665,4.08,2026-10-24T05:52:00.000,11.87,503.7,1.96,90.89,OK,E. Aydin
85.6,2605,3.85,2026-10-24T05:54:00.000,12.79,480.3,1.89,90.92,OK,B. Kaya
82.4,2437,4.39,2026-10-24T05:59:00.000,11.62,470.9,1.62,91.02,OK,E. Aydin
85.5,2528,4.12,2026-10-24T06:02:00.000,13.29,477,1.4,91.05,OK,A. Demir
85.4,2978,4.31,2026-10-24T06:04:00.000,16.53,537.8,1.69,91.14,OK,D. Sahin
80.8,2563,3.97,2026-10-24T06:10:00.000,12.7,475.1,2.14,91.21,OK,E. Aydin
80.8,2751,4.24,2026-10-24T06:15:00.000,12.14,505.6,1.53,91.29,OK,B. Kaya
78.8,3280,4.03,2026-10-24T06:23:00.000,16.19,532.1,1.75,91.38,OK,A. Demir
81.2,2018,3.76,2026-10-24T06:30:00.000,10.52,434,1.65,91.5,OK,C. Yildiz
81,2527,3.78,2026-10-24T06:34:00.000,12.62,494.7,1.77,91.59,OK,C. Yildiz
85.3,3107,4.4,2026-10-24T06:39:00.000,15.04,544.9,1.82,91.7,OK,C. Yildiz
89,2856,4.37,2026-10-24T06:44:00.000,13.24,500,2.27,91.8,OK,E. Aydin
88.1,2491,4.16,2026-10-24T06:52:00.000,12.46,469.2,1.61,91.88,OK,D. Sahin
91.8,2971,4.91,2026-10-24T07:00:00.000,12.7,510.7,1.96,91.97,OK,C. Yildiz
82.6,,4.71,2026-10-24T07:04:00.000,16.08,585.3,1.77,92.03,OK,B. Kaya
87.1,3100,4.47,2026-10-24T07:12:00.000,15.82,510.6,2.03,92.09,OK,D. Sahin
87.1,2828,4.44,2026-10-24T07:20:00.000,13.34,518.8,1.55,92.13,OK,E. Aydin
84.1,3213,4.16,2026-10-24T07:27:00.000,14.91,543.9,2.24,92.22,OK,B. Kaya
88.2,3589,4.58,2026-10-24T07:34:00.000,18.57,567.1,2.75,92.25,WARNING,E. Aydin
80.9,2451,4.66,2026-10-24T07:41:00.000,13.66,464.6,2.05,92.36,OK,A. Demir
86.1,3300,4.57,2026-10-24T07:48:00.000,13.2,553.7,1.79,92.38,OK,B. Kaya
85.4,3175,4.04,2026-10-24T07:54:00.000,14.16,533.9,1.91,92.46,OK,C. Yildiz
84.9,3551,5.28,2026-10-24T08:01:00.000,13.87,594.4,2.13,92.57,OK,B. Kaya
86,3757,5.48,2026-10-24T08:07:00.000,16.98,581,2.59,92.6,OK,D. Sahin
87.2,2898,5.19,2026-10-24T08:13:00.000,13.4,506.8,1.5,92.67,OK,C. Yildiz
80.3,2916,4.44,2026-10-24T08:20:00.000,14.3,498.6,1.54,92.71,OK,A. Demir
90.1,3123,3.97,2026-10-24T08:24:00.000,13.62,531.2,1.67,92.76,OK,B. Kaya
84.2,3006,3.78,2026-10-24T08:31:00.000,15.17,518.6,1.66,92.86,OK,B. Kaya
89.7,2856,4.12,2026-10-24T08:34:00.000,13.84,511.3,2.42,92.93,OK,E. Aydin
78.6,2884,5.07,2026-10-24T08:40:00.000,14.2,493.7,2.29,93.05,OK,D. Sahin
87.7,2825,4.68,2026-10-24T08:44:00.000,13.68,503.5,1.71,93.14,OK,D. Sahin
88,2807,4.14,2026-10-24T08:50:00.000,13.79,518.8,2.09,93.21,OK,E. Aydin
87.2,3068,4.49,2026-10-24T08:52:00.000,13.93,532.4,1.88,93.28,OK,C. Yildiz
86.5,3440,4.26,2026-10-24T08:55:00.000,14.54,550.4,2.04,93.31,OK,B. Kaya
86.7,2816,5.01,2026-10-24T08:59:00.000,14.4,515.4,2.08,93.41,OK,E. Aydin
89.4,3044,4.92,2026-10-24T09:01:00.000,14.58,516,2.02,93.46,OK,C. Yildiz
81.8,2757,4.89,2026-10-24T09:05:00.000,12.74,492.7,2.58,93.56,OK,D. Sahin
87.3,3572,4.95,2026-10-24T09:08:00.000,15.68,562,1.89,93.66,OK,B. Kaya
81.6,2971,4.7,2026-10-24T09:13:00.000,14.98,527.6,1.63,93.76,OK,C. Yildiz
85.7,3318,4.39,2026-10-24T09:17:00.000,13.57,539.3,1.88,93.87,OK,D. Sahin
87.4,3168,5.11,2026-10-24T09:23:00.000,15.16,551.6,1.94,93.93,OK,C. Yildiz
88.8,3462,4.98,2026-10-24T09:25:00.000,15.29,571.6,2.19,94.01,OK,E. Aydin
91.7,3268,4.81,2026-10-24T09:29:00.000,14.27,566.5,1.66,94.05,OK,B. Kaya
82.2,2859,4.44,2026-10-24T09:37:00.000,13.3,514.6,2.48,94.13,OK,D. Sahin
88.9,3616,4.88,2026-10-24T09:43:00.000,16.46,591.7,1.85,94.24,OK,C. Yildiz
84.4,3408,4.88,2026-10-24T09:45:00.000,17.67,545.9,2.43,94.32,OK,E. Aydin
87.5,3632,4.73,2026-10-24T09:52:00.000,15.75,578.2,2.35,94.42,OK,D. Sahin
82.1,2849,4.48,2026-10-24T10:00:00.000,13.25,508.2,1.61,94.5,OK,E. Aydin
85.5,3482,4.85,2026-10-24T10:04:00.000,16.12,558.8,2.11,94.58,WARNING,A. Demir
87.7,3070,4.05,2026-10-24T10:07:00.000,14.49,525.4,1.9,94.67,OK,C. Yildiz
89.4,3759,4.9,2026-10-24T10:14:00.000,15.78,596.8,2.32,94.74,OK,D. Sahin
85.3,3639,4.87,2026-10-24T10:16:00.000,16.52,561.6,2.31,94.83,OK,A. Demir
90.9,4121,4.7,2026-10-24T10:22:00.000,18.43,631.1,2.22,94.92,OK,B. Kaya
93.9,3709,4.65,2026-10-24T10:24:00.000,15.21,570.8,2.22,94.99,OK,C. Yildiz
84.9,3308,4.62,2026-10-24T10:31:00.000,14.37,551.3,1.87,95.08,WARNING,D. Sahin
89.7,3416,4.31,2026-10-24T10:37:00.000,13.21,545.9,1.89,95.11,OK,A. Demir
93.3,3702,5.14,2026-10-24T10:43:00.000,16.27,585.5,2,95.15,OK,E. Aydin
84.9,3221,4.46,2026-10-24T10:48:00.000,15.42,534.5,1.91,95.21,OK,C. Yildiz
88.6,3313,4.96,2026-10-24T10:52:00.000,15.53,549.7,2.69,95.28,OK,A. Demir
88.1,3528,4.5,2026-10-24T10:59:00.000,15.35,605.1,2.18,95.38,OK,C. Yildiz
87.6,3336,4.99,2026-10-24T11:07:00.000,14.48,535,2.17,95.46,OK,E. Aydin
88.3,,4.53,2026-10-24T11:13:00.000,14.67,524.2,1.79,95.53,OK,C. Yildiz
84.4,3563,4.68,2026-10-24T11:19:00.000,15.67,563.6,2.15,95.56,OK,A. Demir
85.8,3544,4.29,2026-10-24T11:26:00.000,14.14,572.8,1.91,95.62,OK,A. Demir
88.1,3787,5.31,2026-10-24T11:34:00.000,15.88,596.9,1.85,95.7,OK,C. Yildiz
87.6,3540,4.95,2026-10-24T11:36:00.000,15.75,554.9,1.88,95.76,OK,B. Kaya
88.6,3330,3.67,2026-10-24T11:44:00.000,15.71,563.2,2.03,95.85,OK,D. Sahin
90.9,4104,4.54,2026-10-24T11:46:00.000,18.52,617.3,2.34,95.89,OK,D. Sahin
87.5,3343,4.58,2026-10-24T11:50:00.000,15.32,536.6,1.94,95.96,OK,C. Yildiz
90.6,3188,5.03,2026-10-24T11:56:00.000,14.61,529.9,1.79,96.01,OK,A. Demir
83.2,3689,4.02,2026-10-24T12:04:00.000,16.4,567.9,2.32,96.12,OK,D. Sahin
81.8,3444,4.65,2026-10-24T12:09:00.000,16.5,558.3,2.84,96.14,OK,D. Sahin
88.1,3305,5.22,2026-10-24T12:11:00.000,14.64,553.2,1.91,96.17,OK,E. Aydin
84.8,3228,5.17,2026-10-24T12:19:00.000,12.98,523.5,1.93,96.21,OK,B. Kaya
89.7,3490,4.43,2026-10-24T12:24:00.000,16.36,582.8,2.33,96.31,OK,E. Aydin
87.4,3408,4.67,2026-10-24T12:27:00.000,15.1,564.4,1.99,96.43,OK,E. Aydin
85.8,3008,4.5,2026-10-24T12:32:00.000,12.53,515.3,1.61,96.47,OK,C. Yildiz
86.8,3238,4.66,2026-10-24T12:36:00.000,14.97,565.9,2.16,96.55,OK,B. Kaya
84.3,3601,4.6,2026-10-24T12:43:00.000,15.94,535.6,2.11,96.67,OK,C. Yildiz
84.4,3240,4.73,2026-10-24T12:45:00.000,15.76,540.7,2.7,96.77,OK,C. Yildiz
87.4,3466,4.61,2026-10-24T12:50:00.000,17.17,556.4,2.35,96.83,OK,A. Demir
85.1,3100,4.9,2026-10-24T12:54:00.000,12.42,517.5,2.1,96.91,OK,D. Sahin
80.6,2938,3.9,2026-10-24T12:57:00.000,14.86,520.4,2.05,96.97,OK,D. Sahin
91.1,3269,4.57,2026-10-24T13:02:00.000,14.17,545.1,1.8,97.06,OK,D. Sahin
89.5,2911,4.27,2026-10-24T13:10:00.000,12.61,516.1,1.61,97.14,OK,E. Aydin
81.6,3020,4.4,2026-10-24T13:12:00.000,13.11,524.6,2.09,97.17,OK,C. Yildiz
85,3148,4.7,2026-10-24T13:14:00.000,14.17,519.9,1.73,97.25,OK,E. Aydin
88.9,3794,4.85,2026-10-24T13:17:00.000,16.76,591,2.1,97.27,OK,E. Aydin
89.1,3178,4.8,2026-10-24T13:21:00.000,14.57,552.2,1.91,97.36,OK,C. Yildiz
84.4,3389,4.83,2026-10-24T13:23:00.000,15.16,598.4,2.26,97.43,OK,C. Yildiz
88.1,3103,4.35,2026-10-24T13:25:00.000,16.7,552.3,2.16,97.46,OK,C. Yildiz
86.5,3513,4.52,2026-10-24T13:32:00.000,13.24,572.3,1.87,97.57,WARNING,D. Sahin
81.8,2931,3.39,2026-10-24T13:37:00.000,13.75,508.1,2,97.63,OK,B. Kaya
90.2,3314,4.61,2026-10-24T13:44:00.000,13.95,558.3,1.94,97.72,OK,C. Yildiz
84.4,2813,4.49,2026-10-24T13:52:00.000,12.98,482.8,1.79,97.75,OK,E. Aydin
86.1,2831,4.68,2026-10-24T13:57:00.000,11.59,500.2,1.84,97.87,OK,D. Sahin
83.4,2451,4.03,2026-10-24T14:00:00.000,12.8,473.2,1.52,97.93,OK,C. Yildiz
85.5,2499,4.71,2026-10-24T14:04:00.000,11.85,495.3,1.37,97.97,OK,A. Demir
82,2842,4.24,2026-10-24T14:09:00.000,14.6,489,2.08,98.02,OK,C. Yildiz
91.4,2748,4.58,2026-10-24T14:13:00.000,15.34,504.9,1.7,98.08,OK,C. Yildiz
82.4,2556,4.12,2026-10-24T14:17:00.000,12.69,477.1,1.49,98.17,OK,B. Kaya
80.9,2253,4.26,2026-10-24T14:22:00.000,12.4,441.3,1.34,98.27,OK,B. Kaya
81.9,2593,3.95,2026-10-24T14:25:00.000,13.66,460,1.45,98.29,OK,D. Sahin
79.9,2164,4.32,2026-10-24T14:27:00.000,10.04,437.6,1.31,98.36,OK,B. Kaya
81.4,2583,3.99,2026-10-24T14:29:00.000,13.31,486.2,1.49,98.46,OK,B. Kaya
85.5,2552,4.08,2026-10-24T14:34:00.000,13.69,487.6,2.21,98.5,OK,D. Sahin
82.6,2069,3.98,2026-10-24T14:37:00.000,9.72,425.1,1.27,98.62,OK,D. Sahin
80.7,2064,4.18,2026-10-24T14:40:00.000,11.16,437.7,1.63,98.66,OK,D. Sahin
84.8,2523,4.44,2026-10-24T14:46:00.000,11.74,472.6,1.69,98.7,OK,A. Demir
83,2093,3.74,2026-10-24T14:52:00.000,10.79,439.9,1.16,98.8,OK,D. Sahin
82.1,2323,4.12,2026-10-24T14:57:00.000,10.74,462.7,1.59,98.89,OK,E. Aydin
83.8,3453,4.35,2026-10-24T15:01:00.000,15.13,541.2,1.88,98.98,OK,A. Demir
83.9,2961,4.61,2026-10-24T15:09:00.000,13.41,532.9,1.82,99.07,OK,D. Sahin
84.5,1952,4.35,2026-10-24T15:16:00.000,9.5,418.9,1.39,99.17,OK,A. Demir
79.3,1903,4.16,2026-10-24T15:22:00.000,9.85,421.8,1.48,99.24,OK,E. Aydin
75,2237,,2026-10-24T15:27:00.000,10.77,454.5,1.89,99.3,OK,A. Demir
80.2,2241,4.44,2026-10-24T15:33:00.000,13.84,445.8,1.63,99.32,OK,D. Sahin
89.3,2277,4.11,2026-10-24T15:39:00.000,12.09,446.6,1.56,99.4,OK,E. Aydin
78.5,2543,4.6,2026-10-24T15:44:00.000,12.93,499.5,2.13,99.49,OK,C. Yildiz
80.6,2248,,2026-10-24T15:51:00.000,12.8,430,1.47,99.54,OK,E. Aydin
83.1,2070,4.42,2026-10-24T15:55:00.000,10.17,426,1.24,99.59,OK,A. Demir
79.9,1562,3.77,2026-10-24T15:59:00.000,9.15,358.9,1.64,99.65,OK,C. Yildiz
84,2331,,2026-10-24T16:04:00.000,11.06,470.3,1.96,99.74,OK,C. Yildiz
76.5,2094,4.71,2026-10-24T16:07:00.000,13.1,425.7,2.67,99.84,OK,B. Kaya
77.6,2440,3.96,2026-10-24T16:11:00.000,12.72,445.8,1.6,99.88,OK,A. Demir
74.8,2375,4.41,2026-10-24T16:13:00.000,11.12,457.7,2.02,99.99,OK,C. Yildiz
77.4,1646,4.03,2026-10-24T16:19:00.000,8.4,382.1,2.09,100.11,OK,C. Yildiz
81.6,1495,3.73,2026-10-24T16:23:00.000,8.83,343.8,1.19,100.14,OK,E. Aydin
79.7,2424,4.06,2026-10-24T16:31:00.000,13.01,464.1,1.97,100.26,OK,B. Kaya
79.1,2333,4.56,2026-10-24T16:36:00.000,12.3,467.4,2.25,100.3,OK,E. Aydin
81.2,1731,3.98,2026-10-24T16:38:00.000,9.75,400.1,1.87,100.38,OK,D. Sahin
78.8,1629,3.73,2026-10-24T16:43:00.000,10.24,362.2,1.09,100.47,OK,E. Aydin
80.9,1564,3.66,2026-10-24T16:45:00.000,8.07,371.7,1.28,100.55,OK,D. Sahin
82.7,1831,4.14,2026-10-24T16:51:00.000,8.89,420.7,1.08,100.63,OK,A. Demir
76,841,3.86,2026-10-24T16:56:00.000,6.38,301.4,0.94,100.69,OK,D. Sahin
78.7,1764,3.39,2026-10-24T16:59:00.000,9.49,403,1.5,100.78,OK,B. Kaya
79.7,2219,4.18,2026-10-24T17:03:00.000,10.26,451.8,1.64,100.81,OK,D. Sahin
80.9,1662,3.67,2026-10-24T17:10:00.000,10.05,404,1.03,100.89,OK,D. Sahin
83,1997,4.02,2026-10-24T17:18:00.000,11.99,433.2,1.38,100.95,OK,A. Demir
80.2,1095,3.03,2026-10-24T17:21:00.000,8.17,345,1.27,101.06,OK,A. Demir
81,1824,4.43,2026-10-24T17:25:00.000,9.3,406.6,1.16,101.12,OK,A. Demir
76.1,1356,3.58,2026-10-24T17:29:00.000,7.59,332.1,1.49,101.17,OK,C. Yildiz
79.8,1352,3.17,2026-10-24T17:31:00.000,7.79,388.1,0.87,101.21,OK,A. Demir
86.2,2002,4.1,2026-10-24T17:35:00.000,11.23,417.9,1.29,101.23,OK,C. Yildiz
84.2,1474,3.87,2026-10-24T17:39:00.000,9.16,381.7,1.21,101.3,OK,E. Aydin
81.6,1843,4.04,2026-10-24T17:43:00.000,11.02,407.3,1.54,101.36,OK,A. Demir
79.3,1644,3.49,2026-10-24T17:49:00.000,8.92,393.2,1.09,101.42,OK,B. Kaya
72,1425,3.77,2026-10-24T17:57:00.000,9.01,364.9,1.14,101.47,OK,A. Demir
74.4,1237,3.22,2026-10-24T18:03:00.000,8.14,360.4,1.31,101.51,OK,E. Aydin
75.7,1199,3.24,2026-10-24T18:11:00.000,8.03,346.9,1.33,101.58,OK,C. Yildiz
76.7,983,3.76,2026-10-24T18:19:00.000,7.94,328.3,0.8,101.68,OK,D. Sahin
76.2,1763,3.41,2026-10-24T18:23:00.000,8.35,424.1,1.96,101.74,OK,A. Demir
76.3,1388,3.54,2026-10-24T18:31:00.000,9.35,355.5,1.37,101.77,OK,A. Demir
72.7,1522,3.99,2026-10-24T18:33:00.000,9.43,372.4,1.08,101.82,OK,A. Demir
79,1308,3.36,2026-10-24T18:41:00.000,7.14,362.2,1.27,101.92,OK,C. Yildiz
72.3,800,3.47,2026-10-24T18:45:00.000,6.44,315.6,1.21,101.97,OK,A. Demir
79.3,954,3.7,2026-10-24T18:50:00.000,5.34,330.6,1.24,102.08,OK,C. Yildiz
83.9,2171,4.01,2026-10-24T18:56:00.000,10.29,451.1,1.92,102.15,OK,E. Aydin
76.9,870,2.95,2026-10-24T18:59:00.000,7.52,316,0.98,102.18,OK,C. Yildiz
74.7,909,3.43,2026-10-24T19:05:00.000,5.17,309.9,1.14,102.21,OK,E. Aydin
74.3,891,3.5,2026-10-24T19:12:00.000,7.49,328.2,0.84,102.3,OK,A. Demir
72.7,1295,3.25,2026-10-24T19:14:00.000,7.72,368.5,1.44,102.38,OK,E. Aydin
80.1,849,3.6,2026-10-24T19:17:00.000,5.14,314.9,0.68,102.44,OK,D. Sahin
75.4,1641,4.09,2026-10-24T19:25:00.000,7.77,400.9,2.23,102.46,OK,B. Kaya
72.2,1258,3.44,2026-10-24T19:29:00.000,8.25,344.1,0.85,102.55,OK,D. Sahin
75.4,1076,3.51,2026-10-24T19:35:00.000,7.9,339.5,1.61,102.6,OK,A. Demir
76.7,800,3.43,2026-10-24T19:43:00.000,5.02,317.1,2,102.62,OK,C. Yildiz
76.4,800,3.24,2026-10-24T19:46:00.000,6.82,316.4,0.85,102.7,OK,C. Yildiz
77.3,1283,2.9,2026-10-24T19:52:00.000,7.49,350.6,0.85,102.77,OK,A. Demir
76.8,1164,3.55,2026-10-24T20:00:00.000,7.97,355.8,1.29,102.88,OK,A. Demir
79.6,1902,3.96,2026-10-24T20:08:00.000,8.73,417.1,1.61,102.98,OK,B. Kaya
77.5,1375,3.26,2026-10-24T20:11:00.000,8.91,378.9,1.4,103.08,OK,C. Yildiz
78.5,800,2.79,2026-10-24T20:14:00.000,5.24,321.4,0.84,103.16,OK,C. Yildiz
75.9,800,4.05,2026-10-24T20:16:00.000,4.52,291.8,1.2,103.26,OK,E. Aydin
78.7,842,3.47,2026-10-24T20:20:00.000,6.95,331.5,0.82,103.29,OK,C. Yildiz
79.5,881,3.57,2026-10-24T20:27:00.000,7.42,313.6,0.83,103.34,WARNING,C. Yildiz
78.8,877,3.11,2026-10-24T20:31:00.000,6.85,325.8,0.8,103.39,OK,E. Aydin
78.5,1568,3.06,2026-10-24T20:35:00.000,7.16,376.5,1.16,103.44,OK,B. Kaya
76.1,800,3,2026-10-24T20:43:00.000,6.1,307.4,0.91,103.52,OK,C. Yildiz
74,994,2.79,2026-10-24T20:45:00.000,6.93,327,1.52,103.6,OK,D. Sahin
78.3,819,3.22,2026-10-24T20:47:00.000,5.77,331.1,1.22,103.67,OK,E. Aydin
79.6,1127,2.91,2026-10-24T20:54:00.000,9.03,364.3,1.28,103.78,OK,B. Kaya
73.5,910,3.52,2026-10-24T20:56:00.000,6.27,332.5,1.12,103.85,OK,B. Kaya
78.2,800,3.38,2026-10-24T21:03:00.000,7.79,303.2,1.41,103.93,OK,B. Kaya
78,800,3.11,2026-10-24T21:11:00.000,7.3,290.8,1.33,104.03,OK,B. Kaya
78.6,813,3.34,2026-10-24T21:17:00.000,6.91,306.3,1.07,104.13,OK,C. Yildiz
78.3,868,3.72,2026-10-24T21:24:00.000,7.89,327.6,1.13,104.16,OK,E. Aydin
79.5,1064,2.95,2026-10-24T21:30:00.000,6.85,307,1.12,104.24,OK,B. Kaya
71,800,3.89,2026-10-24T21:33:00.000,6.01,312.7,0.89,104.3,OK,D. Sahin
82.8,800,3.24,2026-10-24T21:35:00.000,6.04,312.2,0.86,104.41,OK,B. Kaya
82.6,1301,3.68,2026-10-24T21:38:00.000,8,373.9,1.46,104.44,OK,C. Yildiz
70.4,1246,,2026-10-24T21:41:00.000,7.87,327.8,1.12,104.49,OK,B. Kaya
,800,3.39,2026-10-24T21:45:00.000,6.54,305.7,0.84,104.53,OK,A. Demir
74.8,800,3.29,2026-10-24T21:52:00.000,6.06,296.3,1.01,104.65,OK,A. Demir
79.5,911,3.11,2026-10-24T21:57:00.000,5.4,315.9,1.67,104.76,OK,C. Yildiz
78.3,1443,3.6,2026-10-24T22:02:00.000,7.13,349.5,1.3,104.84,OK,D. Sahin
75.9,830,3.2,2026-10-24T22:07:00.000,6.51,306.1,0.98,104.87,OK,C. Yildiz
79.4,895,3.4,2026-10-24T22:12:00.000,5.98,330.8,1.59,104.96,OK,C. Yildiz
72.3,976,3.51,2026-10-24T22:18:00.000,5.89,321.7,0.72,105.03,OK,C. Yildiz
80.6,1587,3.88,2026-10-24T22:22:00.000,8.74,364.8,0.98,105.08,OK,A. Demir
75.8,1204,3.86,2026-10-24T22:30:00.000,8.31,348.4,4.04,105.14,OK,C. Yildiz
77.8,1066,3.97,2026-10-24T22:36:00.000,6.92,356.4,0.82,105.25,OK,E. Aydin
78.8,1074,3.96,2026-10-24T22:39:00.000,7.21,346.1,1.06,105.28,OK,D. Sahin
76.1,1181,3.31,2026-10-24T22:42:00.000,6.71,335.4,1.37,105.34,OK,A. Demir
78,,3.75,2026-10-24T22:44:00.000,7.31,330,1.43,105.46,OK,A. Demir
81.7,1864,4.19,2026-10-24T22:47:00.000,10.2,401,1.23,105.51,OK,C. Yildiz
76.3,1252,3.51,2026-10-24T22:54:00.000,6.21,348.8,0.94,105.62,OK,C. Yildiz
78.8,1124,3.64,2026-10-24T23:00:00.000,5.79,361.4,1.4,105.65,OK,D. Sahin
75.1,800,3.82,2026-10-24T23:03:00.000,7.06,296.5,1.26,105.67,OK,A. Demir
76.3,1109,2.74,2026-10-24T23:10:00.000,7.91,316.8,1.21,105.71,OK,A. Demir
76,1453,3.94,2026-10-24T23:12:00.000,10.11,319.5,0.98,105.8,OK,D. Sahin
79.3,1570,3.83,2026-10-24T23:14:00.000,8.77,406,1.2,105.83,OK,E. Aydin
73.6,1402,3.64,2026-10-24T23:21:00.000,10.76,345.3,1.03,105.91,OK,B. Kaya
74.1,1259,3.6,2026-10-24T23:26:00.000,7.88,340.9,0.85,106,OK,D. Sahin
74.1,1650,3.46,2026-10-24T23:31:00.000,10.31,400.9,0.98,106.09,OK,E. Aydin
78.6,1116,3.47,2026-10-24T23:34:00.000,6.29,331.9,2.45,106.13,OK,B. Kaya
74.3,970,3.6,2026-10-24T23:37:00.000,6.24,327.6,0.99,106.16,OK,A. Demir
76,1225,4.07,2026-10-24T23:45:00.000,6.86,348,1.68,106.22,OK,B. Kaya
74.8,1491,3.65,2026-10-24T23:51:00.000,9.37,351.6,1.42,106.33,OK,A. Demir
79.5,2072,3.62,2026-10-24T23:58:00.000,10.98,430.2,1.54,106.36,OK,E. Aydin
73.8,1373,4,2026-10-25T00:00:00.000,7.83,367.4,1.61,106.43,OK,A. Demir
73.8,1485,3.58,2026-10-25T00:08:00.000,8.15,356.3,1.05,106.55,OK,E. Aydin
83.6,1844,3.55,2026-10-25T00:10:00.000,10.43,392.2,1.24,106.66,OK,C. Yildiz
79.3,1878,3.81,2026-10-25T00:13:00.000,9.61,377.3,1.15,106.7,OK,C. Yildiz
83,2251,3.41,2026-10-25T00:17:00.000,11.28,456.7,1.49,106.75,OK,E. Aydin
83,1909,3.81,2026-10-25T00:20:00.000,10.52,424.1,1.65,106.8,OK,A. Demir
77,1511,3.88,2026-10-25T00:28:00.000,9.95,377.3,1.44,106.83,OK,A. Demir
72.6,1266,3.69,2026-10-25T00:32:00.000,7.65,336.7,1.66,106.88,OK,E. Aydin
76.1,1550,3.86,2026-10-25T00:40:00.000,7.96,384.8,0.94,106.99,OK,A. Demir
79.4,1644,3.25,2026-10-25T00:46:00.000,8.62,388.8,2.13,107.09,OK,A. Demir
79.6,1876,4.09,2026-10-25T00:53:00.000,10.66,410.6,1.47,107.13,OK,D. Sahin
80.6,2051,3.91,2026-10-25T01:01:00.000,11.12,416.2,1.91,107.18,OK,E. Aydin
80.9,2185,3.95,2026-10-25T01:03:00.000,11.66,437.8,1.46,107.24,OK,A. Demir
78.6,2175,4.35,2026-10-25T01:09:00.000,11.68,460.1,4.65,107.3,OK,E. Aydin
81.4,2271,3.94,2026-10-25T01:14:00.000,11.11,434.9,1.51,107.37,OK,C. Yildiz
79.2,2270,3.72,2026-10-25T01:18:00.000,11.52,448.2,1.34,107.46,OK,A. Demir
82.1,1946,3.54,2026-10-25T01:21:00.000,11.65,408.8,2.01,107.57,OK,C. Yildiz
80.9,1810,3.89,2026-10-25T01:23:00.000,10.75,395,1.55,107.65,OK,E. Aydin
81.4,2274,4.48,2026-10-25T01:27:00.000,11.9,444.3,2.21,107.75,OK,D. Sahin
80.9,1614,3.21,2026-10-25T01:33:00.000,9.25,410.8,1.81,107.8,OK,C. Yildiz
84.6,2380,,2026-10-25T01:39:00.000,11.58,479.1,2.12,107.88,OK,B. Kaya
80.7,1947,3.75,2026-10-25T01:42:00.000,10.9,451.7,1.49,107.96,OK,C. Yildiz
78.9,2838,4.09,2026-10-25T01:47:00.000,13.77,484.2,1.88,107.98,OK,A. Demir
86.5,2248,4.41,2026-10-25T01:55:00.000,11.27,448.7,1.69,108.05,OK,B. Kaya
80.1,2429,3.8,2026-10-25T01:57:00.000,10.64,492.8,1.29,108.15,OK,D. Sahin
84.2,2524,3.54,2026-10-25T02:05:00.000,12.1,458.9,1.68,108.18,OK,D. Sahin
82.2,1993,3.71,2026-10-25T02:12:00.000,9.93,420.8,1.18,108.24,OK,E. Aydin
80.9,2035,3.8,2026-10-25T02:17:00.000,9.68,444.9,1.45,108.3,OK,A. Demir
83.4,2326,3.82,2026-10-25T02:25:00.000,10.32,454.3,1.48,108.41,OK,B. Kaya
82.1,1831,3.5,2026-10-25T02:29:00.000,9.49,411.7,1.28,108.46,WARNING,C. Yildiz
84.3,2788,4.5,2026-10-25T02:33:00.000,12.86,519.8,1.56,108.53,OK,E. Aydin
86.2,3060,4.73,2026-10-25T02:40:00.000,15.93,507.2,2.16,108.57,OK,A. Demir
78.8,2877,4.21,2026-10-25T02:43:00.000,13.63,494.5,1.86,108.68,OK,D. Sahin
80.3,1938,3.59,2026-10-25T02:45:00.000,9.28,446.5,1.44,108.78,OK,D. Sahin
85.9,2766,3.95,2026-10-25T02:52:00.000,12.82,497.8,1.47,108.83,OK,D. Sahin
84.4,3253,4.96,2026-10-25T03:00:00.000,15.28,532.6,1.86,108.87,OK,C. Yildiz
84,2785,4.25,2026-10-25T03:05:00.000,11.73,492.8,1.7,108.98,OK,A. Demir
85.7,2993,4.37,2026-10-25T03:09:00.000,14.21,527.4,1.57,109.09,OK,E. Aydin
83.3,3502,5.29,2026-10-25T03:14:00.000,14.98,561.1,2.12,109.13,OK,E. Aydin
85.9,3038,4.78,2026-10-25T03:20:00.000,14.28,537.8,2.16,109.19,OK,D. Sahin
83.9,2857,4.12,2026-10-25T03:26:00.000,11.96,493.9,1.57,109.3,OK,E. Aydin
83,2851,4.4,2026-10-25T03:28:00.000,13.58,514.4,1.51,109.35,OK,C. Yildiz
81.1,2778,4.57,2026-10-25T03:35:00.000,14.16,492.4,1.77,109.41,OK,B. Kaya
85.6,3704,4.79,2026-10-25T03:38:00.000,15.96,597.4,1.83,109.44,OK,E. Aydin
87.1,2803,3.85,2026-10-25T03:44:00.000,14.42,521.3,1.58,109.55,OK,E. Aydin
90.2,3205,4.54,2026-10-25T03:48:00.000,15.61,550.3,1.92,109.61,OK,E. Aydin
87.1,2869,3.67,2026-10-25T03:56:00.000,14.33,517.8,1.83,109.71,OK,A. Demir
87.2,2758,4.53,2026-10-25T04:04:00.000,11.43,514.2,1.49,109.76,OK,C. Yildiz
80.9,2359,3.69,2026-10-25T04:07:00.000,10.55,450.4,2.29,109.87,OK,C. Yildiz
82.4,2878,4.48,2026-10-25T04:13:00.000,13.54,509,2.15,109.98,OK,D. Sahin
88.3,3578,,2026-10-25T04:18:00.000,14.86,564.9,1.95,110.06,OK,E. Aydin
86.5,3491,4.75,2026-10-25T04:22:00.000,14.95,567.1,1.96,110.15,OK,D. Sahin
79.7,2965,4.19,2026-10-25T04:24:00.000,13.56,518,1.71,110.25,OK,C. Yildiz
84.6,3030,4.48,2026-10-25T04:28:00.000,16.6,535.5,1.75,110.3,OK,D. Sahin
81.5,2572,4.52,2026-10-25T04:31:00.000,12.6,493,1.76,110.34,OK,C. Yildiz
85.3,2841,4.29,2026-10-25T04:37:00.000,13.19,510.6,2.17,110.46,OK,C. Yildiz
85.2,2790,4.38,2026-10-25T04:39:00.000,14.07,535.8,1.7,110.51,OK,D. Sahin
86,3542,4.12,2026-10-25T04:41:00.000,16.9,577.4,2.45,110.54,OK,D. Sahin
86.8,3376,5.3,2026-10-25T04:49:00.000,13.95,548.6,2.24,110.6,OK,D. Sahin
84.3,3225,5.08,2026-10-25T04:52:00.000,14.74,534.3,2.27,110.71,OK,E. Aydin
92.8,3659,5.22,2026-10-25T04:56:00.000,16.83,572.4,1.79,110.83,OK,B. Kaya
81.4,2810,3.86,2026-10-25T04:58:00.000,13,500.5,1.99,110.94,OK,D. Sahin
85.4,3169,4.17,2026-10-25T05:00:00.000,15.03,519.2,1.81,111.03,OK,B. Kaya
84,2785,4.23,2026-10-25T05:04:00.000,12.47,485.8,1.6,111.06,OK,B. Kaya
83.9,3238,4.81,2026-10-25T05:10:00.000,13.94,551.6,2.88,111.17,OK,B. Kaya
86.3,3680,5.22,2026-10-25T05:17:00.000,15.61,613,2.24,111.24,OK,B. Kaya
86.2,3029,3.57,2026-10-25T05:25:00.000,13.94,511.7,2.3,111.28,OK,E. Aydin
85.6,2704,4.07,2026-10-25T05:31:00.000,12.27,493.1,1.44,111.34,OK,B. Kaya
87.9,3230,4.13,2026-10-25T05:34:00.000,15.57,529.7,1.95,111.36,OK,E. Aydin
82.5,3118,4.33,2026-10-25T05:42:00.000,14.01,538.2,2.07,111.4,OK,C. Yildiz
83.8,2937,4.82,2026-10-25T05:44:00.000,14.27,503.8,1.57,111.44,OK,C. Yildiz
84.7,3455,5.1,2026-10-25T05:46:00.000,16.23,521.6,2.41,111.51,OK,A. Demir
88.8,3088,4.3,2026-10-25T05:48:00.000,13.24,527.4,1.9,111.61,OK,C. Yildiz
84.6,2950,4.85,2026-10-25T05:52:00.000,14.26,492.7,1.76,111.69,OK,C. Yildiz
91,3622,4.67,2026-10-25T05:58:00.000,14.22,585.2,2.53,111.73,OK,B. Kaya
94.1,3383,4.45,2026-10-25T06:01:00.000,15.48,571.5,1.91,111.81,OK,A. Demir
89.3,3964,5.21,2026-10-25T06:06:00.000,15.96,623.2,2.21,111.88,OK,A. Demir
87.1,3873,4.65,2026-10-25T06:14:00.000,16.22,616,2.38,111.93,OK,B. Kaya
85.2,3457,5.32,2026-10-25T06:16:00.000,14.96,565.1,1.96,111.96,OK,D. Sahin
87.2,3597,4.55,2026-10-25T06:21:00.000,14.83,569.7,2.13,112.07,WARNING,B. Kaya
85.8,3088,4.96,2026-10-25T06:28:00.000,13.37,519.4,1.59,112.13,OK,B. Kaya
90.9,3566,5.26,2026-10-25T06:31:00.000,15.77,552.5,2.23,112.22,OK,C. Yildiz
88.2,3445,3.84,2026-10-25T06:33:00.000,14.94,559.4,2.58,112.28,OK,D. Sahin
87.6,3341,5.09,2026-10-25T06:36:00.000,16.6,554.3,2.07,112.39,OK,E. Aydin
89.8,3384,4.69,2026-10-25T06:38:00.000,15.44,583.7,2.23,112.49,OK,A. Demir
82.6,2182,3.91,2026-10-25T06:43:00.000,10.39,456.3,1.24,112.57,OK,C. Yildiz
85.5,3673,4.45,2026-10-25T06:50:00.000,17.65,577.6,2.15,112.62,OK,A. Demir
89.6,3915,4.9,2026-10-25T06:56:00.000,16.7,631.7,2.19,112.66,OK,D. Sahin
85.6,2755,4.03,2026-10-25T07:02:00.000,13.6,495.4,1.69,112.74,OK,E. Aydin
87.9,3222,4.24,2026-10-25T07:06:00.000,15.91,544.4,1.83,112.77,OK,D. Sahin
90.1,3910,5.55,2026-10-25T07:12:00.000,17.27,614.5,2.27,112.87,OK,C. Yildiz
83.4,2888,4.57,2026-10-25T07:18:00.000,12.81,511.8,1.96,112.95,OK,C. Yildiz
87.4,3581,4.54,2026-10-25T07:26:00.000,17.04,581.3,1.79,113.02,OK,A. Demir
88,3515,4.86,2026-10-25T07:28:00.000,16.34,580.2,1.77,113.09,OK,B. Kaya
88.9,2555,3.97,2026-10-25T07:36:00.000,12.79,471.3,1.72,113.11,OK,C. Yildiz
83.7,2685,4.64,2026-10-25T07:42:00.000,11.86,484.6,2.23,113.14,OK,A. Demir
85.2,3980,5.21,2026-10-25T07:47:00.000,16.71,615.1,2.04,113.18,OK,E. Aydin
85,3501,4.77,2026-10-25T07:50:00.000,15.53,562.7,2.98,113.27,OK,E. Aydin
88,3671,4.88,2026-10-25T07:56:00.000,15.87,589.3,2.64,113.32,OK,E. Aydin
91,3252,4.03,2026-10-25T08:04:00.000,15.59,571.5,2.45,113.39,OK,C. Yildiz
85.6,3476,4.67,2026-10-25T08:08:00.000,13.62,556.3,1.93,113.45,OK,C. Yildiz
89.9,3066,4.93,2026-10-25T08:14:00.000,14.47,559.2,2.41,113.47,OK,B. Kaya
83.2,3144,4.23,2026-10-25T08:16:00.000,15.79,529.2,1.8,113.58,OK,D. Sahin
87.6,2865,4.68,2026-10-25T08:19:00.000,14.63,512.7,1.72,113.63,OK,A. Demir
87.8,3165,,2026-10-25T08:21:00.000,13.59,541.2,1.61,113.66,OK,E. Aydin
86.3,3609,4.62,2026-10-25T08:25:00.000,16.12,586.1,2.79,113.71,OK,D. Sahin
83.6,3446,5.65,2026-10-25T08:27:00.000,15.97,553.2,2.16,113.75,OK,A. Demir
83.5,3625,4.99,2026-10-25T08:34:00.000,16.15,560.8,2.17,113.77,OK,D. Sahin
85.2,3862,5.07,2026-10-25T08:41:00.000,16.73,589.2,1.93,113.86,OK,B. Kaya
88.6,3120,4.89,2026-10-25T08:46:00.000,13.34,544.9,1.6,113.89,OK,C. Yildiz
85.5,3655,4.18,2026-10-25T08:48:00.000,15.51,586,1.86,113.92,OK,C. Yildiz
83,3050,5.34,2026-10-25T08:55:00.000,15.37,533.1,1.64,114.01,OK,A. Demir
89.8,2899,4.44,2026-10-25T09:03:00.000,11.9,514.4,1.92,114.07,OK,E. Aydin
83.6,3057,4.13,2026-10-25T09:06:00.000,13.02,551.9,2.32,114.17,OK,B. Kaya
86,2840,4.99,2026-10-25T09:12:00.000,14.26,513.7,1.64,114.2,OK,A. Demir
83.2,3536,5.01,2026-10-25T09:14:00.000,15.4,576.7,1.95,114.27,WARNING,C. Yildiz
93.9,3695,4.98,2026-10-25T09:19:00.000,17.15,580.7,2.33,114.38,OK,B. Kaya
90,3526,5.17,2026-10-25T09:24:00.000,15.06,554.7,2.38,114.48,OK,B. Kaya
82.9,2919,3.86,2026-10-25T09:26:00.000,14.07,514.4,1.66,114.53,OK,E. Aydin
87.2,3138,4.43,2026-10-25T09:30:00.000,15.13,535.3,1.89,114.59,OK,A. Demir
85.8,2773,4.62,2026-10-25T09:36:00.000,12.78,516,1.98,114.69,OK,A. Demir
85.1,3015,4.44,2026-10-25T09:41:00.000,13.46,506.1,1.98,114.72,OK,B. Kaya
80.2,2609,4.3,2026-10-25T09:46:00.000,13.4,478.6,1.44,114.78,OK,C. Yildiz
82,2479,4.36,2026-10-25T09:53:00.000,12.72,463.6,1.53,114.8,OK,D. Sahin
79.1,2474,3.52,2026-10-25T09:55:00.000,12.6,472.8,1.97,114.88,OK,E. Aydin
85.1,2877,3.98,2026-10-25T10:00:00.000,11.82,488.6,2.18,114.96,OK,B. Kaya
87.6,3375,5.08,2026-10-25T10:04:00.000,13.43,564.4,2.7,115,OK,C. Yildiz
82.4,2881,4.2,2026-10-25T10:11:00.000,14.56,505,2.54,115.1,OK,C. Yildiz
85,2811,3.79,2026-10-25T10:19:00.000,13.11,513.5,1.81,115.22,OK,A. Demir
85.1,2860,4.41,2026-10-25T10:22:00.000,14.2,491,2.33,115.29,OK,E. Aydin
83.8,2223,3.93,2026-10-25T10:29:00.000,10.5,456.2,1.24,115.38,OK,E. Aydin
79.9,2359,4.61,2026-10-25T10:37:00.000,12.45,448.3,2.07,115.41,OK,B. Kaya
81.3,2736,4.44,2026-10-25T10:44:00.000,12.96,505.1,1.51,115.49,OK,B. Kaya
86.1,,4.63,2026-10-25T10:52:00.000,14.55,596.4,2.5,115.61,OK,D. Sahin
79.7,2206,3.95,2026-10-25T10:57:00.000,10.3,458.8,1.3,115.69,OK,B. Kaya
83.5,2880,4.36,2026-10-25T11:01:00.000,13.12,500.4,1.91,115.72,OK,D. Sahin
83,2779,4.19,2026-10-25T11:04:00.000,12.92,487.1,1.9,115.75,OK,C. Yildiz
82.6,2331,4.58,2026-10-25T11:07:00.000,10.92,473.9,1.27,115.81,OK,E. Aydin
81.7,2617,4.37,2026-10-25T11:14:00.000,14.01,476.2,1.83,115.89,OK,C. Yildiz
82.5,2655,4.38,2026-10-25T11:21:00.000,12.59,479.2,2.52,115.97,OK,B. Kaya
80.6,2287,3.86,2026-10-25T11:24:00.000,11.61,434.1,1.53,116.03,OK,B. Kaya
85.4,2813,4.18,2026-10-25T11:32:00.000,11.27,482.9,1.89,116.12,OK,D. Sahin
82.3,2078,4.12,2026-10-25T11:38:00.000,10.66,456.4,1.2,116.15,OK,A. Demir
84.4,2667,4.09,2026-10-25T11:41:00.000,12.32,491.2,1.51,116.18,OK,D. Sahin
76.8,1850,3.56,2026-10-25T11:45:00.000,11.16,406,1.58,116.21,OK,A. Demir
82.8,2003,4.45,2026-10-25T11:52:00.000,10.96,429.9,1.39,116.25,OK,B. Kaya
83.2,2317,3.87,2026-10-25T11:57:00.000,11.14,444.2,1.6,116.29,OK,B. Kaya
84.2,2337,4.25,2026-10-25T11:59:00.000,12.03,454.1,1.97,116.36,OK,B. Kaya
86.2,2416,4.07,2026-10-25T12:01:00.000,11.95,497,1.92,116.41,OK,D. Sahin
83.9,2004,3.86,2026-10-25T12:08:00.000,10.87,429,1.81,116.45,OK,B. Kaya
77.5,1714,4.17,2026-10-25T12:11:00.000,9.13,365.1,1.61,116.53,OK,D. Sahin
80.7,1958,4.58,2026-10-25T12:17:00.000,9.95,393.2,1.22,116.64,OK,B. Kaya
79.5,1836,4.21,2026-10-25T12:20:00.000,10.19,397.8,2.22,116.67,OK,B. Kaya
82.6,2184,3.73,2026-10-25T12:26:00.000,11.38,451.2,1.9,116.7,OK,B. Kaya
75.7,2405,4.27,2026-10-25T12:28:00.000,12.4,469.8,2.02,116.73,OK,B. Kaya
77.3,2119,4.29,2026-10-25T12:36:00.000,11.66,438.9,1.51,116.83,OK,D. Sahin
81.7,2035,4.14,2026-10-25T12:42:00.000,9.11,431.1,1.43,116.9,OK,D. Sahin
81.3,2122,4.03,2026-10-25T12:46:00.000,10.96,444.6,1.35,116.99,OK,D. Sahin
81.7,,3.88,2026-10-25T12:50:00.000,9.32,392.3,1.29,117.03,OK,A. Demir
77.6,2226,,2026-10-25T12:55:00.000,11.61,421.8,1.21,117.15,OK,D. Sahin
79.2,1652,3.69,2026-10-25T13:03:00.000,9.22,409.9,1.61,117.23,OK,B. Kaya
72.5,1879,3.96,2026-10-25T13:10:00.000,10.58,385.7,1.31,117.35,OK,E. Aydin
85,,3.83,2026-10-25T13:16:00.000,10.56,463.1,1.34,117.42,OK,E. Aydin
80.2,1398,3.34,2026-10-25T13:23:00.000,7.99,391.6,1.19,117.45,OK,D. Sahin
78,1239,3.87,2026-10-25T13:29:00.000,7.9,343.8,1.3,117.51,OK,D. Sahin
80.7,1346,3.35,2026-10-25T13:31:00.000,7.51,345.2,1.32,117.56,WARNING,D. Sahin
77,1778,3.91,2026-10-25T13:39:00.000,10.19,396.4,1.18,117.6,OK,D. Sahin
82,1593,3.14,2026-10-25T13:46:00.000,7.97,380.2,1.24,117.64,OK,E. Aydin
78.4,1722,3.36,2026-10-25T13:49:00.000,10.72,375,1.75,117.71,OK,A. Demir
72.4,1419,2.85,2026-10-25T13:55:00.000,9.5,367.6,1.33,117.81,OK,C. Yildiz
78.4,1948,3.47,2026-10-25T13:59:00.000,9.43,397.3,1.32,117.9,OK,B. Kaya
74.6,1232,3.07,2026-10-25T14:01:00.000,9.22,357.4,0.96,117.95,OK,C. Yildiz
79.1,1338,3.45,2026-10-25T14:06:00.000,8.55,345.8,1.28,118.05,OK,E. Aydin
76.6,1239,3.91,2026-10-25T14:11:00.000,8.16,358.3,1.34,118.16,OK,C. Yildiz
82.6,1604,3.56,2026-10-25T14:18:00.000,8.61,412.4,1.18,118.21,OK,D. Sahin
76.1,1720,3.28,2026-10-25T14:23:00.000,9.25,392.8,1.55,118.33,OK,E. Aydin
75,1941,3.63,2026-10-25T14:29:00.000,11.51,402.8,1.42,118.41,OK,C. Yildiz
75.8,1391,3.91,2026-10-25T14:36:00.000,8.77,379.9,1.04,118.49,OK,D. Sahin
80.3,1446,3.66,2026-10-25T14:40:00.000,8.36,361.8,1.17,118.59,OK,A. Demir
76,1623,3.8,2026-10-25T14:44:00.000,9.09,355.7,1.38,118.7,OK,C. Yildiz
77.9,800,3.43,2026-10-25T14:50:00.000,6.5,321.7,0.94,118.8,OK,D. Sahin
75.7,1394,,2026-10-25T14:56:00.000,9.41,395.7,1.36,118.9,OK,E. Aydin
73.6,1220,3.35,2026-10-25T14:58:00.000,7.93,356.8,0.9,118.93,OK,E. Aydin
75.5,,3.04,2026-10-25T15:00:00.000,4.38,312.8,0.92,119.01,OK,B. Kaya
72.3,1401,4.07,2026-10-25T15:08:00.000,10.93,373.9,2.23,119.11,OK,C. Yildiz
81,1363,3.64,2026-10-25T15:16:00.000,7.65,365.5,1.34,119.16,OK,B. Kaya
74.9,808,3.42,2026-10-25T15:21:00.000,6.6,291,0.69,119.25,OK,B. Kaya
74.6,1492,3.42,2026-10-25T15:26:00.000,9.75,341.3,1.57,119.29,OK,D. Sahin
76.5,1391,3.33,2026-10-25T15:31:00.000,8.03,381.2,1.68,119.38,OK,A. Demir
79.5,1055,3.47,2026-10-25T15:33:00.000,6.22,349.9,0.78,119.5,OK,C. Yildiz
73.8,882,3.55,2026-10-25T15:36:00.000,6.31,332.1,1.39,119.54,OK,E. Aydin
77.1,1218,4,2026-10-25T15:39:00.000,7.73,350,1.67,119.56,OK,C. Yildiz
84.2,1040,3.49,2026-10-25T15:42:00.000,7.32,319.3,0.96,119.65,OK,C. Yildiz
76.4,800,3.55,2026-10-25T15:48:00.000,6.88,298.8,1.15,119.72,OK,E. Aydin
75.9,1136,3.37,2026-10-25T15:54:00.000,8.08,333.8,1.12,119.76,OK,B. Kaya
79.1,1156,3.85,2026-10-25T16:00:00.000,8.76,324.9,0.79,119.82,OK,A. Demir
73.7,1142,3.06,2026-10-25T16:03:00.000,6.9,345.6,1.22,119.94,OK,A. Demir
73.5,807,3.07,2026-10-25T16:09:00.000,6.86,299.2,0.89,119.99,OK,E. Aydin
76.2,800,3.22,2026-10-25T16:15:00.000,6.18,310.7,0.82,120.1,OK,C. Yildiz
75.2,1471,3.56,2026-10-25T16:21:00.000,7.83,380.5,1.62,120.22,OK,A. Demir
74.9,830,3.32,2026-10-25T16:24:00.000,4.57,304.5,1.01,120.31,OK,B. Kaya
75,1320,3.31,2026-10-25T16:32:00.000,8.62,353.8,0.98,120.34,OK,C. Yildiz
75.8,800,3.66,2026-10-25T16:37:00.000,5.5,303.4,0.65,120.38,OK,B. Kaya
70.9,800,3.43,2026-10-25T16:42:00.000,6.18,310.3,0.82,120.42,OK,B. Kaya
76.5,1622,4.26,2026-10-25T16:47:00.000,10.1,396.6,1.94,120.51,OK,B. Kaya
71.2,800,3.91,2026-10-25T16:55:00.000,7.98,322.3,1.18,120.63,OK,D. Sahin
75,843,3.42,2026-10-25T16:58:00.000,6.87,327.7,0.69,120.66,OK,A. Demir
75.7,800,3.03,2026-10-25T17:01:00.000,5.08,311.8,1.81,120.77,OK,C. Yildiz
80.3,800,3.19,2026-10-25T17:08:00.000,5.82,300,0.68,120.89,OK,D. Sahin
76.9,800,3.92,2026-10-25T17:14:00.000,6.64,317.8,1.35,120.94,OK,E. Aydin
77,1239,3.44,2026-10-25T17:16:00.000,8.8,351.2,1.13,121.01,OK,A. Demir
80.1,1279,4.12,2026-10-25T17:24:00.000,7.37,366.3,0.89,121.03,OK,D. Sahin
78.6,800,3.39,2026-10-25T17:28:00.000,6.31,329.6,1.33,121.09,OK,C. Yildiz
74.4,800,3.35,2026-10-25T17:30:00.000,6.88,319.2,0.76,121.2,OK,A. Demir
73.4,993,3.45,2026-10-25T17:36:00.000,7.16,330.3,0.99,121.28,OK,E. Aydin
77.8,827,3.35,2026-10-25T17:42:00.000,9.02,314.5,1.15,121.4,OK,C. Yildiz
79.9,1526,4.1,2026-10-25T17:49:00.000,8.84,375.2,1.93,121.44,OK,A. Demir
78.9,800,2.85,2026-10-25T17:53:00.000,5.27,304.5,1.61,121.47,OK,C. Yildiz
77.1,800,3.42,2026-10-25T18:00:00.000,6.14,319.3,1.11,121.58,OK,C. Yildiz
80.5,1435,3.95,2026-10-25T18:02:00.000,8.21,392.4,1.3,121.65,OK,A. Demir
80.5,1223,3.64,2026-10-25T18:09:00.000,7.3,308.5,1.59,121.69,OK,D. Sahin
73.9,800,3.04,2026-10-25T18:12:00.000,7.36,301.9,4.11,121.75,OK,B. Kaya
72.3,819,3,2026-10-25T18:15:00.000,5.48,301.9,1.02,121.77,OK,A. Demir
75.6,873,2.99,2026-10-25T18:17:00.000,6.23,309.2,1.15,121.88,OK,D. Sahin
82.7,1204,3.06,2026-10-25T18:22:00.000,8.89,366.8,0.92,121.99,OK,C. Yildiz
79,1131,2.62,2026-10-25T18:28:00.000,8.63,346.2,0.98,122.09,OK,D. Sahin
73.2,1128,4.12,2026-10-25T18:30:00.000,7.18,341.8,1.17,122.15,OK,E. Aydin
84.3,2150,4.6,2026-10-25T18:35:00.000,10.67,458.8,1.28,122.21,OK,E. Aydin
70.8,1262,3.88,2026-10-25T18:43:00.000,9.88,355.7,1.12,122.24,OK,E. Aydin
73.5,800,3.03,2026-10-25T18:50:00.000,6.47,273.8,0.86,122.34,OK,A. Demir
77.5,1561,3.99,2026-10-25T18:54:00.000,9.03,386,1.33,122.37,OK,E. Aydin
76.8,1907,3.96,2026-10-25T18:56:00.000,10.62,399.2,1.14,122.41,OK,A. Demir
77.1,800,2.75,2026-10-25T18:59:00.000,5.78,317.4,1.29,122.47,OK,D. Sahin
76.4,800,3.09,2026-10-25T19:05:00.000,6.37,292.1,1.17,122.55,OK,B. Kaya
79.7,1183,2.95,2026-10-25T19:08:00.000,8.37,340.7,1.31,122.62,OK,D. Sahin
77.9,1868,4.64,2026-10-25T19:15:00.000,10.12,406.8,1.2,122.72,OK,B. Kaya
78.9,824,3.31,2026-10-25T19:22:00.000,5.07,309.9,0.66,122.77,OK,D. Sahin
78.1,1069,2.88,2026-10-25T19:26:00.000,6.89,290.3,1,122.84,OK,A. Demir
76.1,904,3.24,2026-10-25T19:32:00.000,8.14,326.2,1.15,122.89,OK,D. Sahin
80,1099,2.76,2026-10-25T19:39:00.000,7.86,342.6,1.57,122.92,OK,A. Demir
78.2,986,3.45,2026-10-25T19:46:00.000,6.74,340.6,0.88,122.99,OK,D. Sahin
75.8,800,2.67,2026-10-25T19:50:00.000,5.68,293.3,0.87,123.07,OK,C. Yildiz
78.3,1530,3.86,2026-10-25T19:55:00.000,8.43,382.4,1.55,123.18,OK,C. Yildiz
82.6,1856,3.74,2026-10-25T20:03:00.000,10.27,418.3,1.13,123.23,OK,A. Demir
79.2,1332,3.38,2026-10-25T20:05:00.000,7.57,381.7,1.15,123.3,OK,C. Yildiz
70.9,861,3.21,2026-10-25T20:12:00.000,7.01,321,0.68,123.37,OK,E. Aydin
79.2,1118,2.83,2026-10-25T20:18:00.000,7.74,364.6,0.9,123.44,OK,B. Kaya
78.8,1396,3.89,2026-10-25T20:24:00.000,7.91,382.9,1.93,123.52,OK,D. Sahin
78.2,1969,3.95,2026-10-25T20:30:00.000,9.94,415.8,2.15,123.62,OK,E. Aydin
78.1,1191,3.12,2026-10-25T20:34:00.000,8.41,328.2,1.04,123.71,OK,D. Sahin
80.1,1340,3.6,2026-10-25T20:42:00.000,6.93,353.4,0.87,123.74,OK,A. Demir
80.2,1929,3.86,2026-10-25T20:45:00.000,9.95,443.2,1.17,123.78,OK,D. Sahin
79.3,1675,3.09,2026-10-25T20:51:00.000,8.51,399.3,1.32,123.82,OK,B. Kaya
79.4,1659,3.44,2026-10-25T20:53:00.000,10.05,415.6,1.18,123.88,OK,E. Aydin
77.3,1496,3.63,2026-10-25T20:58:00.000,9.33,377.3,1.15,123.91,OK,B. Kaya
81.1,2044,4.46,2026-10-25T21:00:00.000,9.56,433.8,1.22,124.03,OK,E. Aydin
77.1,1053,3.33,2026-10-25T21:07:00.000,6.93,337.3,1.62,124.13,OK,B. Kaya
78.1,1917,4.08,2026-10-25T21:14:00.000,11.76,404.6,1.46,124.2,OK,A. Demir
85.2,2138,4.16,2026-10-25T21:17:00.000,11.06,435.1,1.37,124.27,OK,A. Demir
79.1,1268,2.98,2026-10-25T21:21:00.000,7.41,358.6,1.53,124.36,OK,E. Aydin
82.2,2344,4.62,2026-10-25T21:23:00.000,11.52,470.8,1.64,124.4,OK,A. Demir
77.1,1767,3.79,2026-10-25T21:30:00.000,11,420.7,1.44,124.47,OK,A. Demir
78.2,1728,3.65,2026-10-25T21:35:00.000,10.5,392.9,1.26,124.55,OK,B. Kaya
77.7,1887,4.39,2026-10-25T21:42:00.000,9.72,414.4,2.1,124.61,OK,C. Yildiz
79.7,1576,3.16,2026-10-25T21:49:00.000,8.94,385,1.88,124.71,OK,C. Yildiz
76,1748,3.76,2026-10-25T21:52:00.000,10.47,434.7,1.45,124.79,OK,C. Yildiz
73.5,1839,4.55,2026-10-25T21:54:00.000,10.75,378.2,1.21,124.82,OK,B. Kaya
75.7,1843,4.31,2026-10-25T21:57:00.000,10.63,385.5,1.55,124.89,OK,E. Aydin
78.7,1589,3.91,2026-10-25T21:59:00.000,8.79,392.5,1.45,124.93,OK,E. Aydin
83,2462,4.5,2026-10-25T22:06:00.000,12.13,461,2.49,124.98,OK,A. Demir
86.7,1723,3.78,2026-10-25T22:10:00.000,9.26,387.6,1.68,125.06,OK,B. Kaya
82.8,2352,3.45,2026-10-25T22:12:00.000,11.17,455.9,2.46,125.18,OK,E. Aydin
79,2127,4.11,2026-10-25T22:17:00.000,11.24,435.5,1.28,125.22,OK,E. Aydin
82.5,2574,4.14,2026-10-25T22:21:00.000,11.86,502.9,2.25,125.28,OK,C. Yildiz
84.8,2726,4.09,2026-10-25T22:25:00.000,13.21,483,2.25,125.34,OK,E. Aydin
86.5,2656,4.24,2026-10-25T22:32:00.000,11.9,494.7,2.33,125.36,OK,D. Sahin
80.1,2326,3.32,2026-10-25T22:34:00.000,13.53,434.8,1.49,125.41,OK,D. Sahin
82.7,2188,4.13,2026-10-25T22:37:00.000,10.02,440.4,2.05,125.5,OK,B. Kaya
85.1,2322,4.25,2026-10-25T22:43:00.000,11.72,459.9,2.32,125.52,OK,E. Aydin
92.1,3314,4.99,2026-10-25T22:49:00.000,15.17,553.4,1.76,125.63,OK,C. Yildiz
87.3,2096,4.16,2026-10-25T22:55:00.000,10,435.6,1.37,125.66,OK,E. Aydin
80.9,2586,3.67,2026-10-25T22:58:00.000,13.1,473.2,2.33,125.7,OK,A. Demir
82.8,2146,4.45,2026-10-25T23:00:00.000,10.48,443.8,1.83,125.74,OK,C. Yildiz
84.2,2435,4.88,2026-10-25T23:02:00.000,13.36,481.4,1.8,125.78,OK,E. Aydin
84.3,2641,3.56,2026-10-25T23:10:00.000,13.06,474.5,1.81,125.87,OK,E. Aydin
85.2,2818,4.41,2026-10-25T23:16:00.000,13.87,503.5,1.64,125.98,OK,D. Sahin
85.5,2387,4.2,2026-10-25T23:18:00.000,12,474.8,1.63,126.09,OK,A. Demir
85.2,3078,4.89,2026-10-25T23:25:00.000,14.77,519.7,2.55,126.13,OK,B. Kaya
82.5,2677,3.93,2026-10-25T23:33:00.000,13.67,499.5,1.7,126.19,OK,B. Kaya
82.8,,4.44,2026-10-25T23:40:00.000,12.81,487.2,1.55,126.31,OK,D. Sahin
84.1,2891,4.56,2026-10-25T23:46:00.000,12.79,497.4,2.1,126.4,OK,A. Demir
82.7,2603,3.79,2026-10-25T23:51:00.000,12.62,496.4,1.63,126.5,OK,A. Demir
79.9,2053,4.1,2026-10-25T23:59:00.000,10.12,409.2,1.65,126.53,OK,B. Kaya
80.9,2566,4.81,2026-10-26T00:01:00.000,12.25,483.3,1.91,126.65,OK,A. Demir
87.1,3309,4.86,2026-10-26T00:08:00.000,14.93,563.5,2.29,126.72,OK,B. Kaya
84.7,3310,4.21,2026-10-26T00:11:00.000,14.79,543.2,2.01,126.8,OK,E. Aydin
82.2,2616,4.27,2026-10-26T00:14:00.000,13.83,487.5,1.67,126.86,OK,D. Sahin
79.2,2590,3.53,2026-10-26T00:20:00.000,11.65,482.6,1.62,126.94,OK,E. Aydin
74.8,1375,3.46,2026-10-26T00:24:00.000,7.3,358,1.48,126.98,OK,B. Kaya
83.2,2843,4.45,2026-10-26T00:30:00.000,12.6,491.6,1.56,127.09,OK,A. Demir
82.9,2837,4.33,2026-10-26T00:33:00.000,12.32,500.8,1.75,127.18,OK,C. Yildiz
86.1,3358,4.03,2026-10-26T00:38:00.000,15.33,556.4,2.18,127.21,OK,B. Kaya
82.7,3170,4.64,2026-10-26T00:44:00.000,13.98,527.2,1.9,127.3,OK,B. Kaya
82.6,2764,5.03,2026-10-26T00:47:00.000,14.25,487.4,2.53,127.34,OK,D. Sahin
82.2,2808,4.34,2026-10-26T00:54:00.000,13.51,491.3,1.67,127.44,OK,A. Demir
91,3171,3.74,2026-10-26T01:01:00.000,14.97,529.3,1.74,127.54,OK,B. Kaya
84.9,3122,4.44,2026-10-26T01:07:00.000,13.97,514.7,1.79,127.61,OK,A. Demir
81.7,2798,4.42,2026-10-26T01:11:00.000,13.2,487.6,1.57,127.68,OK,E. Aydin
93,3871,5.38,2026-10-26T01:15:00.000,18.25,632.3,2.14,127.76,OK,D. Sahin
86,2842,4.61,2026-10-26T01:23:00.000,15.11,530.2,1.96,127.79,OK,D. Sahin
91.9,3707,4.39,2026-10-26T01:26:00.000,15.92,582.5,2.55,127.86,OK,A. Demir
87.4,2964,3.73,2026-10-26T01:32:00.000,15.02,503.5,1.58,127.95,OK,B. Kaya
83,3038,4.71,2026-10-26T01:40:00.000,13.78,529.9,1.9,128.04,OK,C. Yildiz
89.3,3778,4.81,2026-10-26T01:45:00.000,17.29,593.8,2.09,128.15,OK,C. Yildiz
85.3,3188,4.49,2026-10-26T01:53:00.000,15.2,517.5,1.68,128.25,OK,A. Demir
87.8,3559,4.85,2026-10-26T01:59:00.000,16.76,593.2,2.21,128.34,OK,A. Demir
87.3,3670,4.93,2026-10-26T02:03:00.000,14.2,581.7,6.43,128.46,OK,B. Kaya
82,2970,4.42,2026-10-26T02:06:00.000,12.46,532.8,1.63,128.57,OK,A. Demir
86.6,3715,4.57,2026-10-26T02:09:00.000,16.04,579.4,3,128.68,WARNING,C. Yildiz
86.6,3585,4.95,2026-10-26T02:13:00.000,14.66,558.8,1.99,128.74,OK,E. Aydin
90.3,3111,4.95,2026-10-26T02:18:00.000,13.46,558,1.81,128.78,OK,B. Kaya
89.7,3368,4.54,2026-10-26T02:24:00.000,15,572.3,2.25,128.81,OK,D. Sahin
87.3,3117,3.63,2026-10-26T02:32:00.000,15.74,554.2,1.68,128.86,OK,E. Aydin
87.6,3021,3.95,2026-10-26T02:35:00.000,14.2,530,1.71,128.95,OK,E. Aydin
86.8,3712,5.53,2026-10-26T02:42:00.000,15.96,584.1,2.86,129,OK,A. Demir
88.8,3272,5.12,2026-10-26T02:44:00.000,15.49,539.7,1.96,129.03,OK,B. Kaya
86,3521,4.79,2026-10-26T02:52:00.000,15.48,557.8,2.01,129.14,OK,D. Sahin
94,5443,5.09,2026-10-26T02:58:00.000,16.55,585.1,1.92,129.18,OK,B. Kaya
86.1,3547,4.71,2026-10-26T03:05:00.000,15.95,559.9,2.04,129.22,OK,A. Demir
83.7,3377,4.94,2026-10-26T03:11:00.000,14.97,548.2,2.22,129.26,OK,B. Kaya
88.8,4127,5.02,2026-10-26T03:17:00.000,16.99,626.1,2.66,129.35,OK,A. Demir
83.3,3655,4.85,2026-10-26T03:23:00.000,14.96,576.5,1.93,129.46,OK,C. Yildiz
91,3872,4.46,2026-10-26T03:28:00.000,16.82,646.1,2.67,129.49,OK,E. Aydin
84.9,2695,4.29,2026-10-26T03:36:00.000,12.38,484.5,2.03,129.51,OK,D. Sahin
88.8,3510,4.54,2026-10-26T03:40:00.000,18.9,582.6,1.92,129.58,OK,C. Yildiz
89.4,3674,5.39,2026-10-26T03:46:00.000,15.15,593.8,2.37,129.65,OK,B. Kaya
85.9,3752,4.17,2026-10-26T03:49:00.000,16.85,586.3,1.84,129.71,OK,E. Aydin
86.6,3277,4.65,2026-10-26T03:52:00.000,15.82,566.4,2.23,129.77,OK,A. Demir
88.2,3322,4.65,2026-10-26T03:58:00.000,14.73,563.3,1.86,129.83,OK,A. Demir
86.5,3984,4.71,2026-10-26T04:03:00.000,16.61,609.3,2.22,129.86,OK,E. Aydin
92.5,3676,4.94,2026-10-26T04:10:00.000,15.61,599.1,1.79,129.95,OK,B. Kaya
91.5,3697,4.7,2026-10-26T04:15:00.000,14.96,601.2,2.1,129.98,OK,B. Kaya
89.6,3221,5.23,2026-10-26T04:23:00.000,15.2,547.8,1.74,130.02,OK,D. Sahin
91.9,2994,4.53,2026-10-26T04:29:00.000,13.59,542.6,1.79,130.06,OK,A. Demir
89.1,3112,4.28,2026-10-26T04:37:00.000,14.2,554,2.26,130.11,OK,C. Yildiz
83.8,2786,4.2,2026-10-26T04:41:00.000,12.94,504.8,1.54,130.21,OK,A. Demir
84.5,2807,4.55,2026-10-26T04:43:00.000,14.34,499.4,1.84,130.3,OK,D. Sahin
90.8,4282,5.2,2026-10-26T04:47:00.000,19.49,648.5,3.24,0.1,WARNING,E. Aydin
89.7,3690,4.58,2026-10-26T04:55:00.000,17.06,621.6,2.78,0.17,OK,E. Aydin
86.2,3033,4.96,2026-10-26T04:57:00.000,14.03,533,2.48,0.2,OK,B. Kaya
85.6,3811,5.21,2026-10-26T05:05:00.000,17.35,610.9,2.4,0.23,OK,A. Demir
88.9,3658,4.98,2026-10-26T05:09:00.000,15.82,552,2.21,0.28,OK,A. Demir
91.1,3645,4.25,2026-10-26T05:15:00.000,15.08,585.6,1.84,0.39,OK,A. Demir
80.8,2891,3.98,2026-10-26T05:20:00.000,13.27,507.1,2.04,0.46,OK,C. Yildiz
81.7,3217,4.87,2026-10-26T05:28:00.000,14.86,533.6,2.42,0.51,OK,A. Demir
83.4,2766,4.11,2026-10-26T05:30:00.000,12.88,493.7,1.46,0.57,OK,B. Kaya
83.2,2847,4.01,2026-10-26T05:38:00.000,14.13,461.9,1.63,0.61,OK,A. Demir
89.1,3482,4.97,2026-10-26T05:44:00.000,14.97,555.6,2.67,0.65,OK,E. Aydin
92.9,3578,4.98,2026-10-26T05:46:00.000,17.27,569.1,1.97,0.72,OK,E. Aydin
90.2,3094,4.28,2026-10-26T05:51:00.000,14.55,526.8,2.45,0.83,OK,C. Yildiz
84,2570,4.43,2026-10-26T05:53:00.000,10.79,489.1,2.2,0.87,OK,A. Demir
91.4,3803,5.21,2026-10-26T05:59:00.000,18.21,603.4,2.88,0.93,OK,B. Kaya
89.9,3305,4.62,2026-10-26T06:06:00.000,15.62,553.4,1.68,1.01,OK,B. Kaya
87.7,2853,3.87,2026-10-26T06:12:00.000,13.4,517.1,1.95,1.04,OK,D. Sahin
89.1,4046,5.02,2026-10-26T06:15:00.000,18.07,638.6,2.67,1.13,OK,D. Sahin
83.7,3087,4.14,2026-10-26T06:23:00.000,12.82,512.8,1.96,1.17,OK,D. Sahin
92.3,3701,4.61,2026-10-26T06:30:00.000,15.39,582.9,2.38,1.23,OK,C. Yildiz
86.9,3154,4.33,2026-10-26T06:35:00.000,15.25,554.6,2.67,1.32,OK,C. Yildiz
83.7,3083,4.05,2026-10-26T06:37:00.000,14.21,531.4,2.86,1.42,OK,C. Yildiz
91.1,2734,3.74,2026-10-26T06:41:00.000,13.91,485.7,1.52,1.48,OK,A. Demir
86.8,2809,4.11,2026-10-26T06:43:00.000,11.94,497.6,2.17,1.5,OK,E. Aydin
83.1,2721,4.37,2026-10-26T06:46:00.000,14.26,485.7,1.65,1.57,OK,D. Sahin
81.3,3165,4.68,2026-10-26T06:51:00.000,13.95,550,1.61,1.59,OK,E. Aydin
85.6,3034,4.1,2026-10-26T06:53:00.000,13.13,561.8,2.02,1.65,OK,B. Kaya
87,2727,4.53,2026-10-26T06:57:00.000,12.3,498.3,2.06,1.75,OK,E. Aydin
80.3,3259,4.98,2026-10-26T07:00:00.000,15.1,539.9,2.1,1.79,OK,E. Aydin
84.5,2355,3.66,2026-10-26T07:04:00.000,13.46,481.7,2.04,1.84,OK,D. Sahin
82.2,2721,4.45,2026-10-26T07:07:00.000,12.59,484.8,2.03,1.92,OK,E. Aydin
84,2927,5.08,2026-10-26T07:14:00.000,13.68,557.8,1.51,2.03,OK,B. Kaya
85.3,2851,4.46,2026-10-26T07:21:00.000,12.01,502.2,1.78,2.12,OK,C. Yildiz
82.2,2257,3.96,2026-10-26T07:27:00.000,11.04,456.2,1.36,2.24,OK,C. Yildiz
86.7,2768,4.52,2026-10-26T07:35:00.000,14.19,523.6,1.74,2.35,OK,C. Yildiz
83.8,2681,4.29,2026-10-26T07:40:00.000,13.85,487.8,2.05,2.46,OK,D. Sahin
82.3,2994,3.72,2026-10-26T07:47:00.000,13.96,489.7,2,2.49,OK,E. Aydin
81.4,2213,,2026-10-26T07:49:00.000,10.68,431.8,2.11,2.61,OK,C. Yildiz
83.9,2789,4.74,2026-10-26T07:52:00.000,13.4,477.2,1.44,2.69,OK,D. Sahin
82.8,2084,4.46,2026-10-26T07:54:00.000,11.13,443.3,1.69,2.74,OK,E. Aydin
83.8,2632,5.11,2026-10-26T07:59:00.000,13.05,464,1.89,2.78,OK,A. Demir
83.4,2601,4.04,2026-10-26T08:02:00.000,12.63,457.1,1.54,2.84,OK,D. Sahin
81.1,2588,4.18,2026-10-26T08:05:00.000,12.83,487,1.45,2.89,OK,E. Aydin
84,3007,4.41,2026-10-26T08:11:00.000,14.65,525.3,1.66,2.98,OK,D. Sahin
86.1,2921,4.26,2026-10-26T08:13:00.000,13.69,525.9,1.56,3.09,OK,E. Aydin
76.4,1864,4.67,2026-10-26T08:19:00.000,9.57,387.3,1.55,3.15,OK,B. Kaya
78.8,2115,3.6,2026-10-26T08:26:00.000,10.96,428.7,1.78,3.18,OK,E. Aydin
78.4,2243,4.43,2026-10-26T08:29:00.000,12.48,452.9,1.34,3.28,OK,E. Aydin
77.6,1757,3.6,2026-10-26T08:32:00.000,10.23,387.6,1.03,3.36,OK,B. Kaya
86.5,1927,4.59,2026-10-26T08:38:00.000,9.03,425.3,1.11,3.43,OK,B. Kaya
87.7,2461,4.8,2026-10-26T08:40:00.000,11.82,500.9,1.47,3.48,OK,D. Sahin
82.2,2696,4.31,2026-10-26T08:48:00.000,12.02,476,2.1,3.59,OK,A. Demir
90.7,2695,4.6,2026-10-26T08:52:00.000,12.66,486.4,1.81,3.67,OK,A. Demir
82.7,1694,4.13,2026-10-26T08:58:00.000,8.77,395,1.4,3.75,OK,A. Demir
79,1991,3.83,2026-10-26T09:06:00.000,9.2,412.7,1.26,3.78,OK,B. Kaya
82.4,2083,3.86,2026-10-26T09:14:00.000,10.55,422.8,1.65,3.85,OK,B. Kaya
82.8,1973,4.29,2026-10-26T09:16:00.000,9.63,447,1.53,3.96,OK,E. Aydin
76.7,1714,3.71,2026-10-26T09:24:00.000,10.22,392.3,1.34,3.98,OK,C. Yildiz
84.6,1866,3.68,2026-10-26T09:32:00.000,8.49,434.6,1.75,4.06,OK,B. Kaya
79.8,1905,4.06,2026-10-26T09:34:00.000,9.95,411.1,2.29,4.08,OK,A. Demir
87.5,2496,3.78,2026-10-26T09:42:00.000,11.04,439.9,1.89,4.15,OK,B. Kaya
77.5,1404,3.74,2026-10-26T09:50:00.000,8.62,370.8,1.32,4.18,OK,D. Sahin
81.7,2416,,2026-10-26T09:56:00.000,11.47,440.9,2.19,4.23,OK,E. Aydin
81.8,2192,4.7,2026-10-26T10:01:00.000,12.44,460.9,1.71,4.32,WARNING,A. Demir
78.3,2113,4.39,2026-10-26T10:04:00.000,13.48,422.3,1.81,4.39,OK,E. Aydin
77.1,1336,4.27,2026-10-26T10:06:00.000,7.63,352.3,1.17,4.41,OK,A. Demir
76.1,1714,3.61,2026-10-26T10:13:00.000,9.8,379.4,1.43,4.51,OK,A. Demir
80,1717,3.61,2026-10-26T10:17:00.000,10.61,426.9,1.59,4.55,OK,B. Kaya
83.2,1717,3.83,2026-10-26T10:23:00.000,8.6,390.2,1.67,4.63,OK,D. Sahin
77.1,1556,4.37,2026-10-26T10:30:00.000,9.35,381.5,4.93,4.67,OK,B. Kaya
78.9,1863,4.11,2026-10-26T10:38:00.000,9.67,430.7,1.7,4.77,OK,D. Sahin
79.4,2091,4.01,2026-10-26T10:45:00.000,11.6,436.6,2.23,4.84,OK,A. Demir
82.2,1865,3.59,2026-10-26T10:50:00.000,9.91,431.4,1.31,4.9,OK,D. Sahin
81.8,1600,3.75,2026-10-26T10:58:00.000,10.48,363.2,1.96,4.92,OK,D. Sahin
78.4,1459,3.87,2026-10-26T11:02:00.000,8.72,375.3,1.52,5.02,OK,D. Sahin
79.7,1660,3.14,2026-10-26T11:06:00.000,8.43,413.1,1.36,5.07,OK,E. Aydin
79.6,1967,3.98,2026-10-26T11:13:00.000,11.34,391.7,1.58,5.14,OK,E. Aydin
74,1581,3.44,2026-10-26T11:15:00.000,8.54,379.7,1.63,5.19,OK,B. Kaya
79.3,1389,3.71,2026-10-26T11:19:00.000,7.18,337.9,1.29,5.26,OK,E. Aydin
86.3,2282,3.57,2026-10-26T11:27:00.000,11.84,399,1.37,5.3,OK,B. Kaya
78.5,1146,3.14,2026-10-26T11:30:00.000,7.43,370.3,0.9,5.38,OK,A. Demir
79.9,1154,2.94,2026-10-26T11:37:00.000,7.74,350.6,0.8,5.49,OK,A. Demir
74.5,1085,2.91,2026-10-26T11:40:00.000,7.99,336.5,1.04,5.54,OK,C. Yildiz
70.7,1167,3.34,2026-10-26T11:46:00.000,6.28,335.8,0.84,5.64,OK,D. Sahin
78.3,1132,4.13,2026-10-26T11:51:00.000,8.86,360.4,0.77,5.73,OK,D. Sahin
75.8,1930,3.68,2026-10-26T11:55:00.000,10.04,431.5,1.7,5.75,OK,A. Demir
78.3,828,2.63,2026-10-26T12:03:00.000,3.97,297.2,0.97,5.87,OK,A. Demir
76,1255,3.92,2026-10-26T12:09:00.000,8.9,349.4,1.2,5.93,OK,C. Yildiz
80.5,1881,3.53,2026-10-26T12:14:00.000,10.64,382.2,1.55,5.97,OK,D. Sahin
79.9,900,3.98,2026-10-26T12:16:00.000,5.48,320.8,1.82,6.08,OK,A. Demir
80.3,997,3.44,2026-10-26T12:21:00.000,6.78,355.9,0.72,6.13,OK,B. Kaya
83.1,800,2.65,2026-10-26T12:29:00.000,6.38,325.9,0.79,6.21,OK,A. Demir
77.7,1228,3.65,2026-10-26T12:37:00.000,8.76,337.1,1.5,6.29,OK,A. Demir
83.6,1406,3.83,2026-10-26T12:39:00.000,7.61,379.4,2.08,6.39,OK,A. Demir
76.3,1360,3.36,2026-10-26T12:42:00.000,8.58,359,1.38,6.45,OK,E. Aydin
76,1172,3.31,2026-10-26T12:46:00.000,8.2,350.2,0.88,6.52,OK,B. Kaya
72.2,963,3.14,2026-10-26T12:51:00.000,7.31,310.5,0.86,6.55,OK,A. Demir
80.4,1619,4.47,2026-10-26T12:56:00.000,9.86,379.1,1.18,6.61,OK,E. Aydin
78.6,1328,3.89,2026-10-26T13:04:00.000,7.63,394.9,1.9,6.66,OK,B. Kaya
78.1,,3.64,2026-10-26T13:06:00.000,6.83,367.1,0.9,6.72,OK,D. Sahin
76.6,1253,3.62,2026-10-26T13:08:00.000,6.11,356.7,1.18,6.8,OK,C. Yildiz
77.1,800,2.78,2026-10-26T13:13:00.000,5.39,327,0.99,6.84,OK,D. Sahin
78.7,1911,3.84,2026-10-26T13:18:00.000,10.76,423.2,1.12,6.95,OK,A. Demir
75.1,800,3.35,2026-10-26T13:21:00.000,4.92,305.3,0.86,7.04,OK,D. Sahin
78,1616,4.8,2026-10-26T13:23:00.000,9.35,374.4,1.14,7.15,OK,E. Aydin
78.5,864,3.1,2026-10-26T13:31:00.000,7.45,330,0.77,7.21,OK,E. Aydin
82.4,1465,,2026-10-26T13:34:00.000,10.44,395.8,1.42,7.28,OK,C. Yildiz
77,1299,3.39,2026-10-26T13:36:00.000,8.26,384.3,1.27,7.37,OK,D. Sahin
76.9,872,3.37,2026-10-26T13:40:00.000,7,340.4,0.85,7.42,OK,E. Aydin
76.9,1047,3.5,2026-10-26T13:42:00.000,8.43,345.2,1.29,7.52,OK,C. Yildiz
76.3,1393,3.09,2026-10-26T13:46:00.000,8.19,389,1.12,7.59,OK,E. Aydin
77.9,800,2.85,2026-10-26T13:54:00.000,3.3,329.2,0.85,7.63,OK,D. Sahin
76.7,942,3.78,2026-10-26T13:57:00.000,7.09,327.5,0.86,7.69,OK,E. Aydin
74.8,972,3.11,2026-10-26T14:00:00.000,7.68,318.5,0.71,7.78,OK,A. Demir
78.1,1766,3.57,2026-10-26T14:05:00.000,8.93,408,1.58,7.86,OK,E. Aydin
75,1469,3.69,2026-10-26T14:08:00.000,7.47,379.8,0.93,7.95,OK,D. Sahin
78.1,825,3.81,2026-10-26T14:16:00.000,5.57,318.5,1.47,8.04,OK,D. Sahin
77.3,881,3.13,2026-10-26T14:18:00.000,6.19,311.5,0.89,8.06,OK,E. Aydin
77.2,1053,3.58,2026-10-26T14:26:00.000,6.88,326.1,0.9,8.12,OK,C. Yildiz
82.6,1754,3.48,2026-10-26T14:33:00.000,8.8,388.5,1.44,8.22,OK,A. Demir
74,893,3.67,2026-10-26T14:41:00.000,6.03,290,1.04,8.29,OK,D. Sahin
77.2,1086,3.48,2026-10-26T14:48:00.000,6.69,304,1.27,8.36,OK,D. Sahin
77.3,800,2.62,2026-10-26T14:56:00.000,7.94,312.9,0.72,8.4,OK,A. Demir
74.4,1179,3.6,2026-10-26T14:59:00.000,7.23,317.1,0.83,8.44,OK,C. Yildiz
73.1,800,3.47,2026-10-26T15:04:00.000,6.1,317.7,1.76,8.51,WARNING,A. Demir
75.6,1215,2.91,2026-10-26T15:10:00.000,7.35,351.3,1.7,8.53,OK,D. Sahin
74.8,1476,3.93,2026-10-26T15:17:00.000,9.47,350.6,1.09,8.55,OK,C. Yildiz
78.3,884,3.53,2026-10-26T15:19:00.000,8.23,339.3,1.25,8.59,OK,E. Aydin
76.4,800,3.17,2026-10-26T15:26:00.000,6.25,305.2,1.59,8.65,OK,C. Yildiz
75.7,800,3.28,2026-10-26T15:34:00.000,5.78,293.6,1.29,8.77,OK,E. Aydin
75.8,891,3.09,2026-10-26T15:42:00.000,5.65,320.6,1.19,8.87,OK,A. Demir
75.8,966,2.64,2026-10-26T15:45:00.000,6.73,322.1,1.18,8.99,OK,A. Demir
77.6,1551,3.57,2026-10-26T15:48:00.000,9.28,380.5,1.93,9.05,OK,E. Aydin
76.6,800,3.57,2026-10-26T15:51:00.000,6.61,330.5,0.96,9.16,OK,D. Sahin
75.3,1189,3.33,2026-10-26T15:53:00.000,8.15,356.6,1.4,9.19,OK,E. Aydin
71.1,819,3.11,2026-10-26T15:58:00.000,5.43,310.2,0.8,9.31,OK,E. Aydin
74.6,862,3.15,2026-10-26T16:01:00.000,5.61,314,1.17,9.36,OK,D. Sahin
78.3,1071,3.56,2026-10-26T16:03:00.000,6.97,343.8,1.06,9.48,OK,D. Sahin
73,1168,3.59,2026-10-26T16:09:00.000,8.65,328,0.83,9.53,OK,C. Yildiz
76,1684,3.35,2026-10-26T16:13:00.000,8.86,414.3,1.03,9.55,OK,E. Aydin
89.3,1111,3.39,2026-10-26T16:18:00.000,7.49,323.3,0.93,9.61,OK,B. Kaya
76,800,3.19,2026-10-26T16:20:00.000,5.89,324.3,2.48,9.7,OK,D. Sahin
79.5,1094,3.36,2026-10-26T16:22:00.000,7.52,321.7,0.81,9.77,OK,B. Kaya
78.8,1511,3.69,2026-10-26T16:26:00.000,9.56,383.2,1.11,9.85,OK,D. Sahin
77.6,1769,4.2,2026-10-26T16:29:00.000,10.32,420.8,1.36,9.97,OK,A. Demir
77.8,1228,2.52,2026-10-26T16:34:00.000,7.29,377.8,1.12,10,OK,D. Sahin
82.1,1797,3.34,2026-10-26T16:42:00.000,10.48,414.1,1.12,10.05,OK,A. Demir
87,1436,2.65,2026-10-26T16:48:00.000,9.38,391.4,1.85,10.15,OK,E. Aydin
77.4,1163,3.22,2026-10-26T16:52:00.000,8.93,342.2,1.19,10.18,OK,B. Kaya
81,1583,3.15,2026-10-26T16:54:00.000,10.4,371.9,1.17,10.21,OK,B. Kaya
80.5,1997,4.09,2026-10-26T16:57:00.000,11.39,412.9,1.51,10.29,OK,B. Kaya
80.1,1389,3.25,2026-10-26T17:05:00.000,7.8,379.2,1.59,10.4,OK,B. Kaya
79.2,1592,4.04,2026-10-26T17:10:00.000,8,395.3,1.81,10.49,OK,D. Sahin
83.7,2578,4.49,2026-10-26T17:18:00.000,12.75,471.3,1.43,10.57,OK,A. Demir
81.1,1675,3.01,2026-10-26T17:21:00.000,8.52,385.8,2.06,10.61,OK,C. Yildiz
80.6,981,3.08,2026-10-26T17:24:00.000,6.54,338.3,0.97,10.72,OK,D. Sahin
82.4,1819,3.72,2026-10-26T17:27:00.000,9.59,402.7,2.02,10.78,OK,C. Yildiz
77.4,1635,3.97,2026-10-26T17:35:00.000,9.77,385.1,1.18,10.88,OK,C. Yildiz
78.6,1304,3.63,2026-10-26T17:39:00.000,8.8,362.8,0.9,10.92,OK,D. Sahin
77.3,1087,3.13,2026-10-26T17:44:00.000,6.79,346.7,1.26,10.96,OK,A. Demir
80.1,1472,3.76,2026-10-26T17:48:00.000,8.79,368.9,1.85,11.04,OK,B. Kaya
86.2,2193,3.45,2026-10-26T17:54:00.000,13.01,465.7,1.4,11.06,OK,C. Yildiz
77,1828,3.45,2026-10-26T17:59:00.000,9.45,406.7,1.7,11.15,OK,B. Kaya
79.8,1887,3.67,2026-10-26T18:06:00.000,9.36,416,1.34,11.24,OK,E. Aydin
79,2136,4.14,2026-10-26T18:13:00.000,11.67,440.5,1.19,11.27,OK,C. Yildiz
84.6,2439,3.77,2026-10-26T18:15:00.000,12.63,486.3,1.32,11.35,OK,C. Yildiz
78.9,2116,3.49,2026-10-26T18:18:00.000,10.29,438.3,1.92,11.44,OK,A. Demir
80.8,1725,3.62,2026-10-26T18:24:00.000,11.38,395.2,1.21,11.52,OK,E. Aydin
75.9,1926,4.09,2026-10-26T18:30:00.000,11.35,413,1.5,11.59,OK,D. Sahin
76.5,1879,4.18,2026-10-26T18:32:00.000,9.69,393.8,1.51,11.7,OK,C. Yildiz
79.8,2401,4.29,2026-10-26T18:40:00.000,11.96,461,1.61,11.72,OK,D. Sahin
79,2009,3.83,2026-10-26T18:44:00.000,10.43,415.9,1.32,11.79,OK,D. Sahin
83.7,1927,3.97,2026-10-26T18:52:00.000,10.04,412.9,2.15,11.83,OK,E. Aydin
79.3,1851,3.76,2026-10-26T18:56:00.000,10.3,408.5,1.77,11.91,OK,D. Sahin
76.9,1643,3.14,2026-10-26T19:00:00.000,10.23,405.7,1.33,11.97,OK,B. Kaya
80.7,2186,3.61,2026-10-26T19:02:00.000,12.13,431.3,1.77,12.02,OK,B. Kaya
84.1,2297,3.93,2026-10-26T19:09:00.000,11.63,454.5,2.1,12.09,OK,B. Kaya
83.6,2522,,2026-10-26T19:13:00.000,11.21,509.5,1.62,12.15,OK,A. Demir
83.7,2559,4.39,2026-10-26T19:16:00.000,10.85,479.8,1.76,12.24,OK,B. Kaya
87.8,2683,3.34,2026-10-26T19:20:00.000,13.62,489.7,1.56,12.35,OK,A. Demir
86.1,2090,4.16,2026-10-26T19:25:00.000,10.21,459.9,1.78,12.4,OK,C. Yildiz
81.6,1966,3.99,2026-10-26T19:27:00.000,11.3,430.1,1.24,12.47,OK,A. Demir
78.8,1917,4.09,2026-10-26T19:31:00.000,9.26,395.4,1.49,12.49,OK,A. Demir
83.1,2896,,2026-10-26T19:35:00.000,13.3,546.7,1.9,12.54,OK,D. Sahin
81.4,2373,4.28,2026-10-26T19:41:00.000,12.76,444.1,1.66,12.62,OK,A. Demir
78.6,2147,4.26,2026-10-26T19:44:00.000,10.47,415.8,1.34,12.73,OK,B. Kaya
87.7,2010,3.5,2026-10-26T19:50:00.000,10.57,437.1,1.77,12.78,OK,B. Kaya
81.4,2553,3.68,2026-10-26T19:53:00.000,13.11,490.8,1.56,12.88,OK,E. Aydin
87.2,2842,4.14,2026-10-26T20:01:00.000,14.51,520.4,1.72,12.94,OK,A. Demir
83.2,2802,4.39,2026-10-26T20:06:00.000,12.01,501.4,2.16,13.03,OK,E. Aydin
84.8,2551,3.89,2026-10-26T20:09:00.000,12.23,462.3,1.92,13.11,OK,E. Aydin
87.8,2252,3.84,2026-10-26T20:13:00.000,12.56,438.3,1.33,13.22,OK,A. Demir
86.4,2566,3.56,2026-10-26T20:17:00.000,12.1,485.8,1.83,13.26,OK,A. Demir
81.8,2926,3.77,2026-10-26T20:20:00.000,13.69,513.2,1.55,13.32,OK,B. Kaya
85.9,2559,4,2026-10-26T20:22:00.000,12.37,489.5,2.12,13.39,OK,E. Aydin
84.9,3035,4.97,2026-10-26T20:26:00.000,13.08,515.8,2.26,13.45,OK,E. Aydin
82.4,2516,4.31,2026-10-26T20:28:00.000,11.49,480.7,1.57,13.53,OK,A. Demir
87,3329,4.34,2026-10-26T20:32:00.000,15.45,560.7,2.67,13.61,OK,B. Kaya
85.1,2939,3.38,2026-10-26T20:34:00.000,12.56,477.3,2.28,13.66,OK,C. Yildiz
84.6,2855,4.45,2026-10-26T20:37:00.000,12.94,515.8,1.76,13.7,OK,B. Kaya
82.3,2334,3.78,2026-10-26T20:43:00.000,13.79,461.6,2.03,13.73,OK,A. Demir
91.7,3508,5.21,2026-10-26T20:47:00.000,15.18,573.1,2.41,13.85,OK,E. Aydin
87.7,3300,4.83,2026-10-26T20:54:00.000,13.78,538.8,2.12,13.88,OK,A. Demir
85.2,3102,4.51,2026-10-26T21:01:00.000,14.19,500.6,1.6,13.98,OK,A. Demir
86,2979,,2026-10-26T21:05:00.000,13.62,518.6,1.57,14.06,OK,A. Demir
78.9,2544,4.61,2026-10-26T21:08:00.000,12.22,462.7,1.78,14.13,OK,D. Sahin
83.1,2890,4.45,2026-10-26T21:14:00.000,14.72,493.6,2.45,14.19,OK,E. Aydin
87.1,2675,3.5,2026-10-26T21:21:00.000,12.56,477.8,2.61,14.28,OK,B. Kaya
81.5,2654,4.05,2026-10-26T21:25:00.000,11.68,474.8,2.02,14.34,OK,D. Sahin
80.5,2866,4.61,2026-10-26T21:30:00.000,12.41,516.9,1.68,14.44,OK,B. Kaya
84.7,3378,4.92,2026-10-26T21:35:00.000,15.65,537.4,1.97,14.47,OK,B. Kaya
85.5,3173,4.63,2026-10-26T21:38:00.000,14.25,541.6,1.76,14.51,OK,B. Kaya
85.7,3446,3.91,2026-10-26T21:42:00.000,17.25,559.4,2.55,14.62,OK,D. Sahin
90.1,3653,4.95,2026-10-26T21:44:00.000,16.22,592.5,2.46,14.69,OK,B. Kaya
85.3,3772,5.53,2026-10-26T21:51:00.000,16.44,582.4,2.05,14.79,OK,E. Aydin
,3166,4.52,2026-10-26T21:59:00.000,14.85,519.3,1.71,14.86,OK,D. Sahin
88.4,3480,4.56,2026-10-26T22:01:00.000,15.32,556.2,2.05,14.95,OK,C. Yildiz
88.3,3445,5.4,2026-10-26T22:05:00.000,17.22,582.8,2.41,15.01,OK,E. Aydin
84.5,3017,5.05,2026-10-26T22:07:00.000,15.44,514.3,1.96,15.1,OK,D. Sahin
91.6,3586,4.47,2026-10-26T22:11:00.000,16.79,568.7,2.13,15.19,OK,C. Yildiz
82.8,2930,4.57,2026-10-26T22:16:00.000,12.9,538.8,2.21,15.23,OK,D. Sahin
90.2,3604,4.83,2026-10-26T22:19:00.000,16.46,571,2.53,15.28,OK,B. Kaya
87.6,3357,4.46,2026-10-26T22:23:00.000,16.57,569.8,1.71,15.37,OK,E. Aydin
86.6,3307,5.47,2026-10-26T22:30:00.000,13.67,537.1,2.38,15.49,OK,E. Aydin
84.4,3132,4.12,2026-10-26T22:36:00.000,13.31,549.6,1.93,15.6,OK,C. Yildiz
84.1,3362,4.98,2026-10-26T22:40:00.000,14.75,569.8,2.16,15.64,OK,D. Sahin
84.8,3184,4.4,2026-10-26T22:42:00.000,14.29,532.4,1.72,15.69,OK,C. Yildiz
92.5,3947,5.03,2026-10-26T22:46:00.000,18.17,612.2,1.94,15.77,OK,A. Demir
88.6,3262,4.28,2026-10-26T22:54:00.000,14.18,551.8,1.83,15.79,OK,B. Kaya
88.2,2976,3.88,2026-10-26T23:00:00.000,13.57,494.2,1.67,15.81,OK,A. Demir
91.4,3707,4.99,2026-10-26T23:06:00.000,16.07,586.4,1.9,15.92,WARNING,A. Demir
88.8,3510,4.65,2026-10-26T23:14:00.000,15.39,562.5,2.08,15.97,OK,E. Aydin
84.3,3143,4.27,2026-10-26T23:18:00.000,14.88,538.4,2.17,16,OK,C. Yildiz
90.5,3749,5.15,2026-10-26T23:25:00.000,18.52,608.7,2.23,16.08,OK,D. Sahin
84.2,2864,4.63,2026-10-26T23:29:00.000,13.8,514.8,1.8,16.14,OK,A. Demir
88.6,3895,4.17,2026-10-26T23:33:00.000,16.94,613.6,3.42,16.17,WARNING,A. Demir
89.5,3327,4.83,2026-10-26T23:39:00.000,14.73,535.7,2.32,16.29,OK,B. Kaya
87.3,2665,4.84,2026-10-26T23:43:00.000,12.55,482.5,1.93,16.35,OK,A. Demir
82.1,3067,4.62,2026-10-26T23:49:00.000,16.4,515.3,1.72,16.4,OK,C. Yildiz
89.1,3019,3.94,2026-10-26T23:57:00.000,13.48,515.8,1.88,16.45,OK,B. Kaya
89.5,3701,4.7,2026-10-27T00:03:00.000,16.33,594.7,2.55,16.49,OK,A. Demir
91.4,3430,4.04,2026-10-27T00:07:00.000,15.05,573.9,1.84,16.6,OK,D. Sahin
94.2,3799,5.65,2026-10-27T00:14:00.000,16.51,604.2,1.97,16.69,OK,A. Demir
85.2,3294,4.69,2026-10-27T00:22:00.000,15.32,549.2,2.35,16.76,OK,C. Yildiz
91.4,3819,4.42,2026-10-27T00:26:00.000,16.56,619.3,2.07,16.79,OK,E. Aydin
88.4,3822,5.1,2026-10-27T00:30:00.000,17.29,603.3,2.49,16.9,OK,A. Demir
90.5,3656,5.22,2026-10-27T00:36:00.000,17.28,602.4,2.35,16.92,OK,A. Demir
83.7,2989,4.6,2026-10-27T00:44:00.000,13.83,502.7,1.65,16.99,OK,B. Kaya
88.2,3359,4.69,2026-10-27T00:52:00.000,15.47,559.2,2.15,17.02,OK,C. Yildiz
89.5,3538,4.86,2026-10-27T00:58:00.000,16.08,574,1.77,17.11,OK,E. Aydin
88.1,3531,4.91,2026-10-27T01:04:00.000,16.12,553.2,2.54,17.22,OK,C. Yildiz
89.4,3392,4.63,2026-10-27T01:09:00.000,16.33,563.4,2.24,17.26,OK,C. Yildiz
81.5,3437,5.2,2026-10-27T01:17:00.000,16.32,561.4,2.79,17.3,OK,E. Aydin
90.8,3657,4.69,2026-10-27T01:25:00.000,16.56,584.3,2.02,17.33,OK,C. Yildiz
85.4,2979,4.08,2026-10-27T01:31:00.000,13.39,517.9,1.86,17.35,OK,C. Yildiz
87.4,3360,4.99,2026-10-27T01:36:00.000,17.62,563.7,2,17.41,OK,C. Yildiz
89.2,3960,4.68,2026-10-27T01:42:00.000,16.13,606.8,2.04,17.51,OK,E. Aydin
82.2,2640,4.5,2026-10-27T01:44:00.000,13.7,479.7,2.06,17.58,OK,E. Aydin
89.3,3264,4.56,2026-10-27T01:49:00.000,14.24,553.6,2.04,17.62,OK,E. Aydin
89.1,3533,5.08,2026-10-27T01:57:00.000,15.33,562.7,1.76,17.72,OK,E. Aydin
88.8,3717,4.34,2026-10-27T02:04:00.000,17.26,553.5,2.04,17.79,OK,D. Sahin
88.6,3441,4.47,2026-10-27T02:06:00.000,15.07,573,2.12,17.88,OK,B. Kaya
87.4,3444,5.15,2026-10-27T02:13:00.000,16.4,550,1.85,17.96,OK,E. Aydin
81,2803,3.86,2026-10-27T02:20:00.000,13.18,502.1,1.56,18.07,OK,E. Aydin
80.6,2987,4.76,2026-10-27T02:28:00.000,13.27,534,1.68,18.17,OK,D. Sahin
82.4,3378,4.6,2026-10-27T02:36:00.000,14.82,534.6,1.89,18.28,OK,C. Yildiz
88.9,3250,4.16,2026-10-27T02:38:00.000,16.52,547.8,2.04,18.35,OK,A. Demir
81.5,2630,4.65,2026-10-27T02:45:00.000,12.61,500.2,1.54,18.42,OK,B. Kaya
87.7,3407,4.73,2026-10-27T02:48:00.000,14.97,549.3,1.98,18.51,OK,C. Yildiz
85.8,3456,5.02,2026-10-27T02:54:00.000,16.02,574.1,2.13,18.63,OK,D. Sahin
85.4,3057,4.7,2026-10-27T02:59:00.000,14.62,523.4,1.6,18.66,OK,B. Kaya
80.6,2377,3.92,2026-10-27T03:07:00.000,13.44,453.4,1.66,18.7,OK,D. Sahin
82,2702,3.8,2026-10-27T03:12:00.000,13.03,494.3,2.59,18.75,OK,B. Kaya
92,3860,4.91,2026-10-27T03:19:00.000,16.15,619.4,2.34,18.86,OK,B. Kaya
86.1,2909,4.66,2026-10-27T03:21:00.000,12.13,521.8,1.59,18.94,OK,E. Aydin
85.9,2626,3.7,2026-10-27T03:27:00.000,12.88,518.7,1.95,18.97,OK,A. Demir
86.2,2259,4.46,2026-10-27T03:29:00.000,11.9,454.8,1.53,19.01,OK,E. Aydin
85.4,2938,4.78,2026-10-27T03:31:00.000,14.14,524.3,2.4,19.11,OK,D. Sahin
83.9,3189,5.46,2026-10-27T03:34:00.000,15.72,530,2.16,19.15,OK,B. Kaya
85.4,2800,4.55,2026-10-27T03:38:00.000,12.05,491.9,2.14,19.21,OK,A. Demir
86.4,3080,4.51,2026-10-27T03:45:00.000,13.59,513.8,1.92,19.26,OK,A. Demir
85.5,3184,5.23,2026-10-27T03:53:00.000,14.1,558.4,2.07,19.36,OK,D. Sahin
86,2425,4.3,2026-10-27T03:55:00.000,11.77,474.4,1.82,19.44,OK,D. Sahin
83.7,2790,4.47,2026-10-27T03:57:00.000,12.29,501.9,2.12,19.47,OK,E. Aydin
83.9,2753,4.12,2026-10-27T04:01:00.000,13.01,505,1.43,19.59,OK,C. Yildiz
90.8,3524,4.8,2026-10-27T04:05:00.000,15.04,563.1,1.88,19.62,OK,D. Sahin
84.5,2336,3.95,2026-10-27T04:07:00.000,12.27,444.4,1.58,19.65,OK,A. Demir
84.3,2808,4.75,2026-10-27T04:12:00.000,14.87,500.3,1.62,19.71,OK,A. Demir
76.9,1782,3.32,2026-10-27T04:14:00.000,9.8,406.8,1.22,19.8,OK,C. Yildiz
84,2999,4.6,2026-10-27T04:16:00.000,13.62,523.4,1.65,19.86,OK,B. Kaya
84.5,2904,4.35,2026-10-27T04:21:00.000,13.83,501.5,1.62,19.9,OK,A. Demir
82.9,2393,4.66,2026-10-27T04:28:00.000,11.7,463.8,1.41,19.99,OK,D. Sahin
82.7,1727,3.85,2026-10-27T04:30:00.000,11.11,403.5,1.42,20.02,OK,D. Sahin
77.1,1795,3.9,2026-10-27T04:32:00.000,10.24,408.1,1.4,20.07,OK,E. Aydin
81.7,3133,4.44,2026-10-27T04:34:00.000,12.93,541.2,1.73,20.17,OK,B. Kaya
81.9,2618,4.12,2026-10-27T04:41:00.000,13.09,491.2,1.42,20.28,OK,E. Aydin
81.9,2719,4.1,2026-10-27T04:47:00.000,12.72,469.7,1.72,20.34,OK,A. Demir
76.5,1510,3.52,2026-10-27T04:52:00.000,9.6,376.6,1.09,20.42,OK,A. Demir
83.4,2328,3.73,2026-10-27T04:58:00.000,12.25,417.2,1.29,20.45,OK,C. Yildiz
84.4,2336,3.69,2026-10-27T05:02:00.000,12.55,465,1.78,20.51,OK,D. Sahin
81.9,1851,3.39,2026-10-27T05:04:00.000,9.43,434.6,2.08,20.55,OK,D. Sahin
87.1,2399,,2026-10-27T05:11:00.000,11.34,471.2,1.98,20.61,OK,B. Kaya
85.1,2573,4.24,2026-10-27T05:16:00.000,11.61,472.3,1.79,20.67,OK,A. Demir
81.2,2011,3.43,2026-10-27T05:18:00.000,11.59,452.9,1.28,20.77,OK,D. Sahin
80.3,1526,3.67,2026-10-27T05:24:00.000,7.08,380.1,1.55,20.85,OK,D. Sahin
83.8,2349,3.65,2026-10-27T05:27:00.000,11.51,468.6,1.84,20.92,OK,D. Sahin
82.7,1903,,2026-10-27T05:35:00.000,10.13,411.7,1.53,21.02,OK,D. Sahin
81.9,1955,3.94,2026-10-27T05:41:00.000,9.39,408,1.16,21.12,OK,C. Yildiz
81.1,2084,4.35,2026-10-27T05:47:00.000,11.12,418.9,1.74,21.19,OK,A. Demir
78.6,2046,2.99,2026-10-27T05:54:00.000,9.27,418.2,1.49,21.3,OK,A. Demir
82.8,2094,3.77,2026-10-27T06:00:00.000,10.41,431.7,1.2,21.35,OK,D. Sahin
80.7,2363,3.61,2026-10-27T06:07:00.000,10.78,432.5,1.47,21.4,OK,A. Demir
77.5,2092,4.04,2026-10-27T06:15:00.000,12.03,447.9,1.67,21.48,OK,B. Kaya
79.1,1904,3.41,2026-10-27T06:18:00.000,9.4,392.8,1.41,21.56,OK,E. Aydin
80.4,1518,3.68,2026-10-27T06:26:00.000,6.8,360.7,1.88,21.64,OK,E. Aydin
80.7,1777,3.56,2026-10-27T06:28:00.000,11.53,416.5,1.19,21.74,OK,D. Sahin
82,2021,4.45,2026-10-27T06:31:00.000,9.88,426.6,1.4,21.81,OK,B. Kaya
76,1481,3.3,2026-10-27T06:33:00.000,8.17,355.2,1.8,21.9,OK,B. Kaya
78.7,1686,3.34,2026-10-27T06:41:00.000,7.97,383,1.66,21.95,OK,A. Demir
82.1,2261,4.3,2026-10-27T06:48:00.000,10.59,472.2,1.74,21.99,OK,C. Yildiz
79.1,1326,4.03,2026-10-27T06:53:00.000,7.54,378,1.04,22.01,OK,E. Aydin
76.8,1533,3.9,2026-10-27T06:55:00.000,9.62,371.8,1.24,22.03,OK,B. Kaya
84.4,2136,3.82,2026-10-27T07:02:00.000,9.75,420.3,1.48,22.07,OK,A. Demir
76.8,1593,4.27,2026-10-27T07:04:00.000,9.59,404.4,1.17,22.12,OK,C. Yildiz
82.7,1824,3.86,2026-10-27T07:12:00.000,9.31,416,1.48,22.23,OK,D. Sahin
75.4,1350,3.55,2026-10-27T07:17:00.000,7.96,354.6,0.91,22.32,OK,E. Aydin
78.1,1232,4.12,2026-10-27T07:20:00.000,7.84,361.2,1.58,22.43,OK,E. Aydin
84.2,1804,3.95,2026-10-27T07:28:00.000,9.99,436.5,2.03,22.53,OK,A. Demir
80.3,1168,3.67,2026-10-27T07:33:00.000,8.4,360.4,1,22.55,OK,B. Kaya
82.3,1684,3.95,2026-10-27T07:39:00.000,9.25,405.2,2.46,22.63,OK,C. Yildiz
76,1052,3.7,2026-10-27T07:41:00.000,7.73,344.1,0.9,22.67,OK,C. Yildiz
75.2,800,3.75,2026-10-27T07:45:00.000,4.93,315.6,0.91,22.73,OK,A. Demir
76.5,1696,3.41,2026-10-27T07:51:00.000,7.58,396.8,1.01,22.76,OK,D. Sahin
79.5,1169,3.04,2026-10-27T07:53:00.000,7.05,309,1.22,22.82,OK,E. Aydin
80.3,1585,3.89,2026-10-27T08:00:00.000,8.71,367.8,1.96,22.88,OK,A. Demir
75.5,984,3.23,2026-10-27T08:02:00.000,5.58,318.1,0.91,22.91,OK,A. Demir
77.3,1663,3.62,2026-10-27T08:10:00.000,9.58,378.3,1.05,22.96,OK,A. Demir
77.3,1296,3.56,2026-10-27T08:12:00.000,7.97,370.2,1.39,23.02,OK,D. Sahin
73.4,1056,3.62,2026-10-27T08:15:00.000,5.86,299.1,1.28,23.05,OK,C. Yildiz
73.8,1128,3.66,2026-10-27T08:23:00.000,8.25,350.4,0.89,23.11,OK,B. Kaya
81.9,1391,3.48,2026-10-27T08:28:00.000,7.62,370.9,1.73,23.15,OK,E. Aydin
79.5,1502,3.75,2026-10-27T08:34:00.000,9.15,380.6,1.51,23.18,OK,E. Aydin
79.8,829,2.89,2026-10-27T08:39:00.000,7.67,305.9,0.95,23.27,OK,A. Demir
77.5,1321,3.61,2026-10-27T08:42:00.000,7.88,372.8,1.85,23.39,OK,D. Sahin
79.6,800,3.36,2026-10-27T08:47:00.000,7.26,337,0.99,23.43,OK,C. Yildiz
73.4,816,2.87,2026-10-27T08:49:00.000,7.34,324.5,1.91,23.51,OK,B. Kaya
78.3,1438,3.94,2026-10-27T08:57:00.000,8.54,371,0.9,23.61,OK,B. Kaya
73.2,800,3.33,2026-10-27T09:02:00.000,7.98,296.2,0.84,23.7,OK,C. Yildiz
80.6,938,2.92,2026-10-27T09:08:00.000,7.55,306.8,0.74,23.75,OK,A. Demir
81.6,1405,3.63,2026-10-27T09:10:00.000,10.6,382,1.14,23.79,OK,D. Sahin
75.9,800,3.64,2026-10-27T09:15:00.000,6.29,322.1,1.67,23.86,OK,C. Yildiz
78.4,1295,3.2,2026-10-27T09:20:00.000,8.1,341.1,1.9,23.92,OK,A. Demir
83.1,1630,3.99,2026-10-27T09:26:00.000,8.96,391.8,1.17,24.02,OK,E. Aydin
72.8,800,3.15,2026-10-27T09:31:00.000,6.68,316.7,1.35,24.05,OK,E. Aydin
72.2,1150,3,2026-10-27T09:38:00.000,8.18,339.3,1,24.09,OK,A. Demir
75.1,1195,3.21,2026-10-27T09:43:00.000,6.86,351.5,1.3,24.16,OK,C. Yildiz
74.3,1257,3.82,2026-10-27T09:48:00.000,7.91,320,1.37,24.2,OK,A. Demir
76.6,1018,2.78,2026-10-27T09:51:00.000,7.16,317.5,1.24,24.23,OK,D. Sahin
80.5,1152,3.24,2026-10-27T09:57:00.000,7.09,370.3,0.96,24.32,OK,D. Sahin
73.2,800,3.4,2026-10-27T09:59:00.000,4.8,314.1,0.8,24.37,OK,D. Sahin
78.7,1363,3.5,2026-10-27T10:07:00.000,9.36,356.5,1.23,24.48,OK,E. Aydin
74.3,800,3.69,2026-10-27T10:09:00.000,7.07,322.6,0.74,24.58,OK,B. Kaya
78.7,876,3.27,2026-10-27T10:11:00.000,7.42,321.5,0.68,24.68,OK,A. Demir
75.3,1284,3.82,2026-10-27T10:18:00.000,6.11,348.5,1.15,24.77,OK,A. Demir
73.7,800,2.88,2026-10-27T10:25:00.000,6.98,311,0.78,24.79,OK,B. Kaya
78.5,938,3.04,2026-10-27T10:29:00.000,7.31,329.2,0.76,24.89,OK,A. Demir
79.5,943,3.63,2026-10-27T10:35:00.000,7.02,328.5,0.94,24.93,OK,A. Demir
81.6,1337,3.07,2026-10-27T10:38:00.000,9.74,362.8,1.38,25.02,OK,D. Sahin
71.5,800,3.69,2026-10-27T10:41:00.000,7.04,306.4,0.77,25.1,OK,D. Sahin
81.2,1473,3.57,2026-10-27T10:49:00.000,9.76,353.1,1.11,25.21,WARNING,A. Demir
75.3,837,3.06,2026-10-27T10:51:00.000,5.42,319.6,0.67,25.32,OK,B. Kaya
78,932,3.51,2026-10-27T10:54:00.000,6.6,304.4,1.24,25.38,OK,A. Demir
73.8,800,2.88,2026-10-27T10:56:00.000,5.89,295.4,1.53,25.41,OK,B. Kaya
77.5,1267,3.15,2026-10-27T11:02:00.000,9.66,364.5,1.08,25.45,OK,C. Yildiz
74.6,800,3.64,2026-10-27T11:10:00.000,5.98,299.9,1.14,25.49,OK,A. Demir
79,874,3.72,2026-10-27T11:18:00.000,5.44,344.6,0.69,25.52,OK,A. Demir
83.5,1072,2.83,2026-10-27T11:23:00.000,7.09,361.4,1.6,25.6,OK,B. Kaya
75.4,800,3.4,2026-10-27T11:25:00.000,6,312.5,0.94,25.68,OK,B. Kaya
79.6,1280,3.18,2026-10-27T11:27:00.000,8.37,358.9,1.29,25.7,OK,D. Sahin
74.2,1079,3.67,2026-10-27T11:30:00.000,6.76,361,0.95,25.78,OK,E. Aydin
76.3,1045,3.34,2026-10-27T11:37:00.000,7.34,348.9,0.95,25.88,OK,C. Yildiz
82.3,1627,3.8,2026-10-27T11:45:00.000,9.63,367.9,1.94,25.95,OK,B. Kaya
77.3,908,2.66,2026-10-27T11:51:00.000,6.6,317.4,0.75,25.97,OK,A. Demir
77.4,800,3.34,2026-10-27T11:56:00.000,5.96,306.1,1.42,26.06,OK,D. Sahin
70.6,820,3.49,2026-10-27T12:01:00.000,5.84,298,1.13,26.13,OK,A. Demir
82.3,1777,3.23,2026-10-27T12:04:00.000,11.14,411.7,1.5,26.24,OK,A. Demir
78.8,875,3.73,2026-10-27T12:12:00.000,5.65,329.6,0.73,26.27,OK,A. Demir
72.1,800,2.8,2026-10-27T12:18:00.000,5.83,294.9,1.16,26.31,OK,E. Aydin
72.3,1329,3.42,2026-10-27T12:22:00.000,9.42,356.2,1.25,26.41,OK,A. Demir
76,1363,3.39,2026-10-27T12:27:00.000,7.87,369.9,2.12,26.45,OK,A. Demir
82.8,2038,3.22,2026-10-27T12:33:00.000,10.85,409.6,1.83,26.51,OK,D. Sahin
76,1390,4.01,2026-10-27T12:37:00.000,9.12,395.7,1.02,26.59,OK,C. Yildiz
75.6,800,4.14,2026-10-27T12:40:00.000,6.79,309.4,1.14,26.63,OK,E. Aydin
75.3,950,3.34,2026-10-27T12:48:00.000,5.76,332.1,1.35,26.71,OK,D. Sahin
76.9,800,3.18,2026-10-27T12:53:00.000,6.21,311.7,1.04,26.8,OK,B. Kaya
75.7,1263,3.34,2026-10-27T13:01:00.000,7.35,349.9,1.14,26.84,OK,B. Kaya
80.7,1566,3.46,2026-10-27T13:05:00.000,9.36,362.8,0.99,26.9,OK,C. Yildiz
78.6,1812,3.64,2026-10-27T13:07:00.000,7.8,382.2,1.1,26.98,OK,C. Yildiz
79.3,1585,3.71,2026-10-27T13:11:00.000,8.94,395.1,1.26,27.03,OK,E. Aydin
79.8,1898,4.42,2026-10-27T13:18:00.000,10.28,385.4,1.26,27.05,OK,C. Yildiz
78.5,1617,3.38,2026-10-27T13:20:00.000,9.81,390.8,1.11,27.11,OK,C. Yildiz
78.2,908,4.19,2026-10-27T13:22:00.000,4.54,315,0.9,27.18,OK,C. Yildiz
72.9,1107,3.34,2026-10-27T13:28:00.000,6.74,343.2,1.49,27.28,OK,A. Demir
76.1,1338,3.15,2026-10-27T13:34:00.000,8.45,336.3,1.51,27.35,OK,C. Yildiz
72.4,1430,3.93,2026-10-27T13:38:00.000,8.92,354.2,1,27.45,OK,E. Aydin
80.3,1614,3.73,2026-10-27T13:40:00.000,8.39,372.2,1.35,27.57,OK,C. Yildiz
78.7,1842,3.61,2026-10-27T13:48:00.000,9,397.9,1.22,27.67,OK,E. Aydin
78.2,1406,3.93,2026-10-27T13:55:00.000,9.1,369.5,1.33,27.72,OK,D. Sahin
79.1,1714,3.18,2026-10-27T13:57:00.000,10.45,399.4,1.32,27.74,OK,C. Yildiz
79.9,1661,3.75,2026-10-27T14:00:00.000,9.47,385,1.3,27.84,OK,B. Kaya
79.5,1972,4.05,2026-10-27T14:04:00.000,11.31,420.5,1.33,27.88,OK,B. Kaya
83.1,1692,3.61,2026-10-27T14:11:00.000,8.34,384.6,1.61,27.94,OK,E. Aydin
78.9,1277,3.16,2026-10-27T14:13:00.000,8.6,354.1,1.52,27.97,OK,B. Kaya
81,1915,4.2,2026-10-27T14:18:00.000,10.81,397.6,1.27,28.02,OK,B. Kaya
82.3,2110,3.63,2026-10-27T14:24:00.000,11.8,425.6,1.89,28.08,OK,C. Yildiz
79,2155,3.68,2026-10-27T14:26:00.000,11.21,435.1,1.58,28.17,OK,B. Kaya
87.1,2482,3.91,2026-10-27T14:34:00.000,11.5,437.6,1.57,28.24,OK,A. Demir
77.5,1481,3.58,2026-10-27T14:42:00.000,8.74,397.5,1.38,28.33,OK,A. Demir
77.8,1913,3.68,2026-10-27T14:46:00.000,10.82,415.4,1.4,28.41,OK,C. Yildiz
76.4,1694,3.84,2026-10-27T14:48:00.000,9.34,415.9,1.44,28.48,OK,A. Demir
80,1412,3.06,2026-10-27T14:51:00.000,8.49,394.6,0.99,28.56,OK,A. Demir
72.1,1311,3.82,2026-10-27T14:59:00.000,8.56,371.4,1.99,28.59,OK,D. Sahin
77.4,2262,4.09,2026-10-27T15:04:00.000,12.03,462.9,1.33,28.69,OK,A. Demir
85.4,2191,3.71,2026-10-27T15:11:00.000,11.06,461.8,1.39,28.73,OK,C. Yildiz
78.3,1803,3.96,2026-10-27T15:13:00.000,11.66,413.6,1.26,28.83,OK,A. Demir
79.3,1895,3.4,2026-10-27T15:21:00.000,10.78,422.6,2.04,28.9,OK,B. Kaya
82,2019,3.37,2026-10-27T15:24:00.000,10.62,422.2,1.18,28.94,OK,A. Demir
79.7,2455,3.9,2026-10-27T15:28:00.000,11.59,467.2,1.71,29.02,OK,A. Demir
83.1,1979,3.45,2026-10-27T15:32:00.000,10.02,431.1,1.15,29.13,OK,C. Yildiz
79.9,1908,4.1,2026-10-27T15:39:00.000,9.93,395.9,1.59,29.19,OK,B. Kaya
84.6,2379,4.24,2026-10-27T15:47:00.000,13.21,468.7,1.56,29.24,OK,E. Aydin
81,2473,4.31,2026-10-27T15:51:00.000,10.82,463.4,1.31,29.34,OK,E. Aydin
78.1,1493,4,2026-10-27T15:59:00.000,8.56,356.1,0.94,29.45,OK,B. Kaya
82.9,2281,4.97,2026-10-27T16:02:00.000,11.19,460,1.29,29.53,OK,B. Kaya
83.5,2421,4.5,2026-10-27T16:09:00.000,12.43,469.6,1.34,29.64,WARNING,A. Demir
81,2396,3.99,2026-10-27T16:17:00.000,11.49,470.7,1.7,29.73,OK,C. Yildiz
85.7,2876,4.74,2026-10-27T16:21:00.000,13.61,497.9,1.55,29.82,OK,C. Yildiz
86.1,2042,3.75,2026-10-27T16:23:00.000,10.05,436.3,2.01,29.87,OK,B. Kaya
82.2,2288,4.16,2026-10-27T16:28:00.000,12.33,434.9,1.59,29.9,OK,A. Demir
86.8,2537,4.44,2026-10-27T16:32:00.000,12.82,479.1,1.43,29.95,OK,A. Demir
89,,3.98,2026-10-27T16:35:00.000,14.4,513.3,1.89,29.99,OK,C. Yildiz
80.8,2039,3.88,2026-10-27T16:41:00.000,11.28,441.2,2.68,30.09,OK,D. Sahin
85.1,3087,4.45,2026-10-27T16:45:00.000,15.66,530.6,2.19,30.17,OK,B. Kaya
79,2551,4.95,2026-10-27T16:53:00.000,13.25,476.3,1.48,30.25,OK,A. Demir
82.5,2604,4.22,2026-10-27T17:00:00.000,11.16,504.7,1.74,30.29,OK,D. Sahin
87.7,2658,4.07,2026-10-27T17:05:00.000,12.54,505,1.45,30.38,OK,A. Demir
84.3,2677,3.62,2026-10-27T17:07:00.000,12.98,487.9,1.6,30.49,OK,C. Yildiz
81.9,3140,4.39,2026-10-27T17:14:00.000,14.16,505.7,1.96,30.56,OK,D. Sahin
88.7,2976,4.3,2026-10-27T17:21:00.000,14.01,513,2.07,30.59,OK,C. Yildiz
83.5,2290,3.92,2026-10-27T17:25:00.000,12.17,457.2,2.28,30.66,OK,A. Demir
90.8,3171,4.74,2026-10-27T17:27:00.000,15.44,531.7,2.03,30.69,OK,C. Yildiz
86.3,3038,4.74,2026-10-27T17:34:00.000,15.45,546.3,1.83,30.79,OK,B. Kaya
84,3011,4.39,2026-10-27T17:40:00.000,15.51,536,1.95,30.86,OK,D. Sahin
89.4,3238,5.45,2026-10-27T17:45:00.000,16.4,526.4,1.86,30.89,OK,D. Sahin
82.4,2613,4.67,2026-10-27T17:48:00.000,12.45,475.7,2.61,30.96,OK,D. Sahin
88,3401,5.02,2026-10-27T17:53:00.000,16.21,570.6,1.84,31.02,OK,B. Kaya
86.5,3167,5.01,2026-10-27T17:55:00.000,15.58,553.3,2.06,31.1,OK,D. Sahin
85.3,3027,,2026-10-27T17:57:00.000,14.08,538.7,1.91,31.18,OK,C. Yildiz
81.7,2681,4.65,2026-10-27T18:01:00.000,12.74,502.1,1.43,31.22,OK,C. Yildiz
90.9,3291,4.43,2026-10-27T18:04:00.000,15.51,564.1,1.64,31.31,OK,D. Sahin
80.9,2810,4.47,2026-10-27T18:08:00.000,13.27,504.3,1.74,31.37,OK,B. Kaya
86.3,3027,3.93,2026-10-27T18:14:00.000,14.59,577.8,1.7,31.43,OK,E. Aydin
81.8,2696,3.91,2026-10-27T18:21:00.000,11.96,489,1.93,31.46,OK,E. Aydin
84.6,2536,4.05,2026-10-27T18:23:00.000,12.53,487.4,1.64,31.49,OK,A. Demir
88,3395,5.17,2026-10-27T18:29:00.000,16.21,542.8,2.07,31.54,OK,E. Aydin
84.3,3440,4.76,2026-10-27T18:34:00.000,16.04,537.8,1.7,31.63,OK,D. Sahin
85.7,,4.68,2026-10-27T18:39:00.000,16.52,575.5,1.98,31.68,OK,C. Yildiz
88.8,3554,4.24,2026-10-27T18:41:00.000,16.93,583.8,2.1,31.74,OK,E. Aydin
82.2,2837,4.5,2026-10-27T18:44:00.000,12.89,505.3,1.48,31.77,OK,C. Yildiz
84.3,3551,5.05,2026-10-27T18:52:00.000,15.66,578.9,2.6,31.8,OK,C. Yildiz
90.8,3766,4.96,2026-10-27T18:56:00.000,16.52,579.6,2.5,31.84,OK,E. Aydin
84.3,2676,4.27,2026-10-27T19:04:00.000,11.36,460,1.55,31.95,OK,B. Kaya
83.8,2690,4.08,2026-10-27T19:06:00.000,11.9,527.4,1.83,32.01,OK,A. Demir
84.9,2707,4.65,2026-10-27T19:08:00.000,11.3,505.6,1.81,32.1,OK,E. Aydin
82.6,2900,3.91,2026-10-27T19:11:00.000,12.65,493,2.41,32.16,OK,E. Aydin
83.9,2739,3.84,2026-10-27T19:15:00.000,12.86,527.9,1.55,32.26,OK,D. Sahin
86.2,3155,4.54,2026-10-27T19:22:00.000,14.82,537.2,1.61,32.34,OK,A. Demir
90.3,3834,5.11,2026-10-27T19:25:00.000,16.54,595.9,2.08,32.39,OK,E. Aydin
85.8,3536,4.74,2026-10-27T19:30:00.000,14.97,600.2,2.21,32.51,OK,D. Sahin
89.4,3519,4.8,2026-10-27T19:36:00.000,14.71,573.3,2.02,32.56,OK,E. Aydin
82.5,3706,4.71,2026-10-27T19:42:00.000,16.53,566.3,1.94,32.64,OK,A. Demir
81.6,2751,4.32,2026-10-27T19:47:00.000,14.48,510.8,1.66,32.66,OK,B. Kaya
89.7,2884,4.48,2026-10-27T19:53:00.000,13.78,505.6,2.03,32.76,OK,A. Demir
91.2,3783,4.59,2026-10-27T19:59:00.000,17.44,592.1,2.12,32.82,OK,A. Demir
88,3137,4.53,2026-10-27T20:04:00.000,12.39,525.4,1.87,32.93,OK,C. Yildiz
88,3555,4.74,2026-10-27T20:09:00.000,17.39,574.9,1.79,33.03,OK,B. Kaya
88.1,3211,4,2026-10-27T20:17:00.000,15.75,533.7,1.97,33.08,OK,A. Demir
85.6,2914,4.85,2026-10-27T20:20:00.000,14.3,510.6,1.5,33.15,OK,E. Aydin
87.5,3473,4.29,2026-10-27T20:24:00.000,15.69,565.4,1.79,33.25,OK,C. Yildiz
86.8,3942,4.94,2026-10-27T20:31:00.000,17.69,608.3,2.28,33.37,OK,B. Kaya
89.3,3906,5.82,2026-10-27T20:37:00.000,16.67,615.8,2.4,33.49,OK,E. Aydin
88.1,3661,5.45,2026-10-27T20:41:00.000,15.62,584.2,1.95,33.59,OK,B. Kaya
89.1,3523,4.76,2026-10-27T20:44:00.000,16.49,586.9,2.2,33.68,OK,D. Sahin
86.8,3145,4.35,2026-10-27T20:52:00.000,13.72,513.1,2.27,33.8,OK,B. Kaya
84.7,3145,4.69,2026-10-27T20:56:00.000,14.38,539.7,1.92,33.83,OK,D. Sahin
91.4,3284,4.38,2026-10-27T20:59:00.000,15.81,548.8,2.1,33.87,OK,D. Sahin
89,3759,5.78,2026-10-27T21:06:00.000,15.23,605.7,2.16,33.98,OK,C. Yildiz
86.7,3274,4.71,2026-10-27T21:10:00.000,14.02,549.7,1.96,34.04,OK,D. Sahin
82.4,3131,4.25,2026-10-27T21:17:00.000,15.66,552.5,1.65,34.14,OK,A. Demir
89.1,3432,4.87,2026-10-27T21:23:00.000,15.71,587,2.06,34.2,OK,E. Aydin
87.8,3077,3.92,2026-10-27T21:25:00.000,14.96,508.4,2.15,34.24,OK,A. Demir
85.8,3329,4.7,2026-10-27T21:33:00.000,16.7,547.4,1.87,34.31,OK,A. Demir
89.6,3245,4.94,2026-10-27T21:40:00.000,15.5,551.5,2.03,34.41,OK,D. Sahin
87.7,3349,4.42,2026-10-27T21:46:00.000,17.15,570.8,1.89,34.47,OK,E. Aydin
90.5,3656,4.5,2026-10-27T21:53:00.000,15.1,587.1,2.43,34.53,OK,B. Kaya
88.1,3524,4.42,2026-10-27T22:00:00.000,15.36,580.9,3.04,34.62,WARNING,C. Yildiz
84.9,2831,4.13,2026-10-27T22:02:00.000,14.2,501.6,1.72,34.72,OK,E. Aydin
86.6,3448,,2026-10-27T22:06:00.000,15.85,570.5,1.84,34.84,OK,E. Aydin
79,3631,5.38,2026-10-27T22:13:00.000,15.77,560,2.39,34.88,OK,B. Kaya
92.9,3637,4.52,2026-10-27T22:18:00.000,15.27,560.1,1.89,34.95,OK,C. Yildiz
83.5,2560,3.75,2026-10-27T22:22:00.000,13.41,476.9,1.89,34.98,OK,B. Kaya
86.5,3561,5.38,2026-10-27T22:29:00.000,15.05,571.3,1.98,35.04,OK,A. Demir
85.8,3102,4.53,2026-10-27T22:34:00.000,13.76,518.5,1.64,35.07,OK,A. Demir
83.2,2798,4.6,2026-10-27T22:42:00.000,13.5,525.1,1.91,35.17,OK,C. Yildiz
80.8,3341,4.75,2026-10-27T22:48:00.000,15.55,521.8,1.91,35.26,OK,A. Demir
86.6,3394,4.97,2026-10-27T22:50:00.000,14.62,570.1,2.1,35.3,OK,D. Sahin
88.4,2832,4.65,2026-10-27T22:53:00.000,13.19,528.2,1.74,35.35,OK,B. Kaya
88.9,3697,4.82,2026-10-27T22:56:00.000,15.43,570.7,2.3,35.46,OK,E. Aydin
78.6,2825,4.66,2026-10-27T23:00:00.000,13.97,484.7,1.69,35.5,OK,B. Kaya
80.9,2925,4.72,2026-10-27T23:07:00.000,12.65,500.4,1.67,35.52,OK,A. Demir
85.4,3355,5.47,2026-10-27T23:13:00.000,16.95,555.3,1.99,35.62,OK,E. Aydin
80.4,3045,3.75,2026-10-27T23:16:00.000,14.01,522.3,1.67,35.71,OK,B. Kaya
87.7,3096,4.88,2026-10-27T23:24:00.000,13.13,525.7,1.74,35.74,OK,E. Aydin
80,2572,4.04,2026-10-27T23:27:00.000,13.13,466.4,1.46,35.81,OK,D. Sahin
86.3,2851,3.92,2026-10-27T23:31:00.000,12.14,505.4,1.9,35.93,OK,E. Aydin
87.4,2473,3.67,2026-10-27T23:35:00.000,12.94,445.1,1.47,35.96,OK,B. Kaya
86.3,2955,4.85,2026-10-27T23:43:00.000,12.99,518.3,1.95,36.05,OK,C. Yildiz
85.8,3299,5.4,2026-10-27T23:46:00.000,15.95,545.4,1.75,36.17,OK,B. Kaya
87.2,3603,4.72,2026-10-27T23:50:00.000,17.07,571.5,2.15,36.2,OK,D. Sahin
84.4,2679,4.64,2026-10-27T23:58:00.000,11.58,496.3,1.39,36.27,OK,A. Demir
83.1,2901,5.26,2026-10-28T00:03:00.000,12.66,504.8,1.56,36.34,OK,D. Sahin
83,2844,4.2,2026-10-28T00:07:00.000,12.78,517,2.5,36.45,OK,A. Demir
85.9,3007,4.2,2026-10-28T00:13:00.000,14.16,505.8,1.88,36.55,OK,E. Aydin
82.9,3031,4.73,2026-10-28T00:20:00.000,13.95,509.4,1.58,36.62,OK,B. Kaya
82.4,2330,4.22,2026-10-28T00:26:00.000,11.32,444.8,1.28,36.65,OK,A. Demir
84.4,3479,4.41,2026-10-28T00:29:00.000,13.71,558.6,1.87,0.09,OK,B. Kaya
80,2317,4.54,2026-10-28T00:37:00.000,11.41,433.6,1.83,0.14,OK,A. Demir
83.1,2326,3.57,2026-10-28T00:43:00.000,12.38,448.9,1.41,0.23,OK,A. Demir
87.4,2792,4.25,2026-10-28T00:45:00.000,14.9,491.9,1.9,0.25,OK,A. Demir
86.4,2466,3.75,2026-10-28T00:53:00.000,10.76,467.4,1.35,0.34,OK,B. Kaya
81.8,2728,4.04,2026-10-28T01:00:00.000,14.13,477.2,1.48,0.36,OK,B. Kaya
82.8,2575,3.61,2026-10-28T01:04:00.000,12.14,460.6,1.75,0.44,OK,A. Demir
82.4,3599,4.91,2026-10-28T01:12:00.000,17.07,580.3,2.14,0.48,OK,B. Kaya
88.6,2894,4.16,2026-10-28T01:14:00.000,11.94,492.5,2.47,0.52,OK,A. Demir
89.4,3024,4.44,2026-10-28T01:19:00.000,13.49,504.7,1.89,0.55,OK,A. Demir
81.8,2591,4.27,2026-10-28T01:21:00.000,13.15,470.1,1.82,0.64,OK,A. Demir
85.4,2809,4.25,2026-10-28T01:29:00.000,14.14,475.7,1.46,0.68,OK,A. Demir
81.9,2676,4.3,2026-10-28T01:37:00.000,12.29,490.5,1.74,0.76,OK,D. Sahin
84.6,2552,3.43,2026-10-28T01:45:00.000,12.16,492.5,1.67,0.88,OK,A. Demir
84,2615,4.24,2026-10-28T01:50:00.000,12.23,489.7,1.54,0.98,OK,D. Sahin
82.3,1971,4.37,2026-10-28T01:53:00.000,11.14,425.6,1.74,1.06,OK,A. Demir
84.2,2338,4.27,2026-10-28T01:56:00.000,10.94,455.8,1.6,1.17,OK,D. Sahin
82.2,2386,3.37,2026-10-28T02:02:00.000,12.14,461.7,1.78,1.24,OK,E. Aydin
76.6,1702,4.38,2026-10-28T02:08:00.000,8.63,403.7,1.36,1.31,OK,C. Yildiz
88.6,2739,3.24,2026-10-28T02:11:00.000,13.41,504.7,1.75,1.41,OK,B. Kaya
80.2,2023,4.45,2026-10-28T02:14:00.000,9.59,418.1,1.41,1.51,OK,D. Sahin
80.7,2096,3.76,2026-10-28T02:16:00.000,11.43,429.4,1.69,1.55,OK,E. Aydin
80,2327,3.48,2026-10-28T02:18:00.000,13.17,436.3,1.72,1.67,OK,C. Yildiz
82,2183,3.75,2026-10-28T02:22:00.000,12.26,454.5,1.53,1.77,OK,A. Demir
79.6,2296,4.32,2026-10-28T02:30:00.000,10.41,455.2,2.23,1.84,OK,B. Kaya
83,2431,4.09,2026-10-28T02:34:00.000,10.73,435.3,1.37,1.94,OK,E. Aydin
82.5,2429,4.05,2026-10-28T02:41:00.000,12.93,468.2,2.32,1.99,OK,E. Aydin
80.5,1276,3.62,2026-10-28T02:45:00.000,7.61,339.8,1.85,2.05,OK,D. Sahin
77.7,1909,3.77,2026-10-28T02:51:00.000,11.34,411.4,1.19,2.1,OK,D. Sahin
84.1,1712,3.39,2026-10-28T02:55:00.000,9.66,437.6,1.33,2.12,OK,A. Demir
76.5,1834,3.36,2026-10-28T03:00:00.000,10.08,392.5,1.16,2.22,OK,A. Demir
77.9,1418,3.13,2026-10-28T03:07:00.000,8.64,358.6,1.88,2.28,OK,D. Sahin
81.1,1791,4.06,2026-10-28T03:12:00.000,10.92,381.9,1.99,2.34,OK,D. Sahin
82.1,2507,4.09,2026-10-28T03:15:00.000,11.93,474.9,1.55,2.43,OK,A. Demir
80.5,1819,4.09,2026-10-28T03:19:00.000,10.21,411.2,1.49,2.51,OK,B. Kaya
84.1,2019,3.78,2026-10-28T03:26:00.000,10.57,410.8,1.97,2.55,OK,E. Aydin
82.5,1905,3.61,2026-10-28T03:34:00.000,9.84,403,1.44,2.63,OK,B. Kaya
76.5,1574,4.61,2026-10-28T03:38:00.000,9.41,389.1,1.01,2.73,OK,D. Sahin
76.3,833,2.86,2026-10-28T03:42:00.000,6.23,317.7,1.07,2.78,OK,B. Kaya
78.6,2044,,2026-10-28T03:49:00.000,11.31,425.6,1.2,2.88,OK,D. Sahin
81.2,914,3.77,2026-10-28T03:52:00.000,8.56,317.2,0.8,2.96,OK,C. Yildiz
79.2,1531,3.6,2026-10-28T03:58:00.000,9.36,369.6,1.24,2.98,OK,D. Sahin
76.1,1253,3.52,2026-10-28T04:00:00.000,8.58,344,1.13,3.07,OK,D. Sahin
77.8,1191,3.21,2026-10-28T04:05:00.000,7.83,332.6,0.94,3.11,OK,D. Sahin
78.1,1211,3.72,2026-10-28T04:10:00.000,9.14,348.5,1.32,3.16,OK,E. Aydin
77.6,996,2.48,2026-10-28T04:16:00.000,5.6,321.9,1,3.19,OK,C. Yildiz
81.4,1703,3.6,2026-10-28T04:21:00.000,9.57,398.7,1.78,3.21,OK,E. Aydin
80.6,1053,3.24,2026-10-28T04:28:00.000,8.46,311.1,1.17,3.24,OK,A. Demir
78.3,1376,4.05,2026-10-28T04:34:00.000,7.62,372.4,1.48,3.32,OK,C. Yildiz
80.2,1530,2.98,2026-10-28T04:39:00.000,9.8,381.6,1.42,3.41,OK,C. Yildiz
80.8,1308,2.94,2026-10-28T04:45:00.000,7.75,380.7,1.02,3.52,OK,B. Kaya
72,875,3.14,2026-10-28T04:52:00.000,6.04,336.9,0.68,3.59,OK,E. Aydin
73,1087,3.21,2026-10-28T04:58:00.000,7.41,336.3,1.44,3.63,OK,A. Demir
73.8,1537,4.22,2026-10-28T05:04:00.000,9.26,382.4,1.43,3.66,OK,D. Sahin
80.9,1392,3.39,2026-10-28T05:12:00.000,8.66,376,0.99,3.75,OK,C. Yildiz
81.9,1729,4.05,2026-10-28T05:17:00.000,9.42,411.7,1.12,3.79,OK,B. Kaya
78.1,1320,3.21,2026-10-28T05:19:00.000,6.49,390,1.36,3.84,OK,B. Kaya
74.9,1157,3.29,2026-10-28T05:24:00.000,8.04,356.3,1.07,3.93,OK,E. Aydin
80.5,1891,3.93,2026-10-28T05:32:00.000,10.42,427.2,1.2,3.96,OK,E. Aydin
78,2007,4.17,2026-10-28T05:39:00.000,9.84,427.3,1.18,4.07,OK,A. Demir
74.9,1484,3.48,2026-10-28T05:45:00.000,6.23,363.1,0.99,4.1,OK,E. Aydin
77.8,1084,3.76,2026-10-28T05:51:00.000,7.38,340.7,1.36,4.16,OK,A. Demir
74.5,1066,2.93,2026-10-28T05:58:00.000,6.87,343.1,1.15,4.23,OK,D. Sahin
79.9,1848,3.22,2026-10-28T06:05:00.000,9.21,390.5,1.69,4.27,OK,D. Sahin
73.8,1021,3.43,2026-10-28T06:12:00.000,4.4,316.5,1.25,4.37,OK,A. Demir
79.4,1530,4.09,2026-10-28T06:18:00.000,7.36,370,1,4.42,OK,C. Yildiz
77.2,1279,3.47,2026-10-28T06:22:00.000,7.79,356.5,1.22,4.52,OK,A. Demir
,1157,2.93,2026-10-28T06:29:00.000,7.34,345.8,1.11,4.62,OK,A. Demir
73.3,800,3.51,2026-10-28T06:33:00.000,4.7,318.4,1.45,4.67,OK,E. Aydin
78.6,1186,3.26,2026-10-28T06:36:00.000,7.76,356.9,0.8,4.77,OK,C. Yildiz
78.2,1072,3.24,2026-10-28T06:40:00.000,6.46,324,0.78,4.79,OK,E. Aydin
77,1261,3.07,2026-10-28T06:47:00.000,7.54,341.4,1.08,4.85,OK,A. Demir
70,1115,3.92,2026-10-28T06:53:00.000,7.61,326.8,0.94,4.9,OK,C. Yildiz
73.9,1119,3.79,2026-10-28T06:58:00.000,6.21,323.9,1.59,5,OK,B. Kaya
78,988,3.03,2026-10-28T07:00:00.000,6.97,336.9,1.01,5.02,OK,C. Yildiz
80.2,1142,3.47,2026-10-28T07:03:00.000,8.31,356.1,1.01,5.1,OK,C. Yildiz
71.8,800,3.4,2026-10-28T07:11:00.000,6.37,301.7,1.1,5.18,OK,C. Yildiz
76.5,800,3.36,2026-10-28T07:15:00.000,3.99,311.3,0.79,5.28,OK,A. Demir
73.2,800,3.53,2026-10-28T07:19:00.000,6.34,292.3,0.95,5.33,OK,D. Sahin
78.2,1134,3.33,2026-10-28T07:24:00.000,6.77,379.6,0.82,5.38,OK,C. Yildiz
79.5,1025,2.81,2026-10-28T07:26:00.000,4.98,352.8,1.07,5.42,OK,C. Yildiz
79.3,998,2.77,2026-10-28T07:29:00.000,6.87,345.1,0.73,5.45,OK,C. Yildiz
73.8,800,3.59,2026-10-28T07:34:00.000,7.19,312.2,1.42,5.54,OK,E. Aydin
77.7,887,2.72,2026-10-28T07:39:00.000,7.29,322.1,1.18,5.62,OK,C. Yildiz
84.1,1508,4.03,2026-10-28T07:46:00.000,8.64,377,1.52,5.73,WARNING,E. Aydin
71.2,800,3.19,2026-10-28T07:49:00.000,7.42,289.2,1.1,5.82,OK,D. Sahin
72.2,940,3.13,2026-10-28T07:57:00.000,7.2,287.4,0.75,5.92,OK,C. Yildiz
77.5,1155,3.16,2026-10-28T08:04:00.000,8.02,354.7,1.24,6.03,WARNING,C. Yildiz
80,1056,3.05,2026-10-28T08:06:00.000,5.35,339.3,1.04,6.14,OK,A. Demir
80.2,1227,3.77,2026-10-28T08:10:00.000,6.25,356.8,1.02,6.18,OK,A. Demir
78.9,1000,3.62,2026-10-28T08:13:00.000,6.57,344.7,1.08,6.2,OK,E. Aydin
74.5,942,3.13,2026-10-28T08:18:00.000,4.82,325.6,0.73,6.32,OK,E. Aydin
81.7,800,2.93,2026-10-28T08:23:00.000,6.54,315.3,0.88,6.36,OK,B. Kaya
82.8,1771,3.87,2026-10-28T08:25:00.000,8.97,415.7,1.18,6.39,OK,A. Demir
81,1123,3.35,2026-10-28T08:30:00.000,7.52,353.5,1.64,6.45,OK,A. Demir
75.9,1029,3.17,2026-10-28T08:35:00.000,7.05,314.5,0.8,6.52,OK,B. Kaya
75.1,800,2.95,2026-10-28T08:42:00.000,6.17,325.2,1.14,6.54,OK,B. Kaya
77.9,1445,3.75,2026-10-28T08:48:00.000,6.9,371.1,1.27,6.58,OK,D. Sahin
76.8,1053,3.71,2026-10-28T08:54:00.000,8.55,341.3,0.87,6.66,OK,E. Aydin
79.3,,3.43,2026-10-28T08:58:00.000,7.74,409.3,1.28,6.72,OK,D. Sahin
73.4,800,3.53,2026-10-28T09:00:00.000,5.08,294.5,0.67,6.83,OK,B. Kaya
80.3,1183,3.36,2026-10-28T09:07:00.000,9.48,339.1,0.93,6.87,OK,E. Aydin
83.6,1357,3.45,2026-10-28T09:10:00.000,6.75,357.4,1.32,6.93,OK,A. Demir
80.2,1128,3.21,2026-10-28T09:13:00.000,7.91,357.3,1,6.96,OK,E. Aydin
78.1,800,3.11,2026-10-28T09:21:00.000,4.9,332.5,0.69,7.03,OK,B. Kaya
73.5,961,2.9,2026-10-28T09:26:00.000,5.51,304.8,1.05,7.1,OK,A. Demir
76.2,800,2.93,2026-10-28T09:29:00.000,6.86,319.2,1.32,7.15,OK,C. Yildiz
81.6,1367,3.65,2026-10-28T09:31:00.000,7.58,363.6,1.49,7.19,OK,B. Kaya
73,1056,3.02,2026-10-28T09:39:00.000,6.98,339.6,1.41,7.25,OK,B. Kaya
81,800,3.07,2026-10-28T09:45:00.000,6.67,316.3,0.9,7.36,OK,D. Sahin
79.2,984,3.59,2026-10-28T09:51:00.000,8.26,315.3,1.21,7.42,OK,C. Yildiz
77,,2.93,2026-10-28T09:54:00.000,7.23,376.3,1.02,7.44,OK,C. Yildiz
75.8,884,2.95,2026-10-28T09:56:00.000,7.99,301.4,0.84,7.5,OK,C. Yildiz
80.5,1535,3.97,2026-10-28T10:01:00.000,8.18,373.6,1.23,7.55,OK,B. Kaya
77.5,1062,3.32,2026-10-28T10:09:00.000,6.02,313,1.2,7.64,OK,E. Aydin
78.6,1351,3.14,2026-10-28T10:12:00.000,7.44,400.1,0.88,7.72,OK,D. Sahin
74.8,1700,3.25,2026-10-28T10:16:00.000,9.69,408.3,2.09,7.84,OK,C. Yildiz
72.6,1317,3.51,2026-10-28T10:24:00.000,8.44,358.7,1.1,7.93,OK,E. Aydin
78.8,1162,3.33,2026-10-28T10:29:00.000,6.67,334.2,1.38,7.95,OK,C. Yildiz
81.2,1792,3.74,2026-10-28T10:31:00.000,10.02,424.5,1.65,8.06,OK,E. Aydin
81.2,1096,3.33,2026-10-28T10:37:00.000,7.05,325.5,1.12,8.17,OK,B. Kaya
85.4,1510,3.69,2026-10-28T10:40:00.000,9.34,376.1,1.5,8.28,OK,A. Demir
92.6,2111,3.98,2026-10-28T10:47:00.000,9.72,411.3,1.94,8.35,OK,D. Sahin
75.9,1481,3.69,2026-10-28T10:53:00.000,9.23,374.9,1.33,8.45,OK,C. Yildiz
77.7,1444,3.11,2026-10-28T11:01:00.000,8.66,382.5,1.26,8.47,OK,E. Aydin
77.3,1594,3.6,2026-10-28T11:04:00.000,10.6,369.2,1.31,8.55,OK,A. Demir
80.3,1176,3.05,2026-10-28T11:12:00.000,7.04,347.1,0.88,8.6,OK,C. Yildiz
73.5,1767,4.61,2026-10-28T11:18:00.000,10.23,432.4,2.32,8.68,OK,D. Sahin
79.3,1622,3.72,2026-10-28T11:24:00.000,9.2,398.4,1.21,8.74,OK,A. Demir
84.1,1924,3.43,2026-10-28T11:27:00.000,8.2,421.6,1.65,8.85,OK,A. Demir
78.6,1976,3.55,2026-10-28T11:30:00.000,10.31,397.1,1.25,8.9,WARNING,D. Sahin
76.6,1411,3,2026-10-28T11:37:00.000,9,384.7,1.39,8.97,OK,D. Sahin
80.6,2052,3.7,2026-10-28T11:40:00.000,11.39,454.2,1.49,9.05,OK,C. Yildiz
83.1,2140,3.9,2026-10-28T11:42:00.000,9.85,455.1,1.36,9.15,OK,B. Kaya
81.5,1795,3.6,2026-10-28T11:46:00.000,9.35,387.4,1.15,9.21,OK,D. Sahin
90.7,1692,,2026-10-28T11:53:00.000,9.61,390.3,1.37,9.26,OK,D. Sahin
85.9,2912,4.31,2026-10-28T11:58:00.000,14.19,531.9,1.61,9.29,OK,B. Kaya
75.8,1834,3.81,2026-10-28T12:05:00.000,10.21,422.9,1.55,9.34,OK,C. Yildiz
84.7,2234,4.23,2026-10-28T12:13:00.000,9.56,447.5,2.67,9.37,OK,E. Aydin
86.7,2363,3.61,2026-10-28T12:16:00.000,11.08,468.7,1.7,9.41,OK,A. Demir
82.4,1884,3.95,2026-10-28T12:24:00.000,10.32,377.1,1.4,9.48,WARNING,E. Aydin
77.3,1702,3.97,2026-10-28T12:31:00.000,10.01,412.4,1.14,9.51,OK,C. Yildiz
93.5,3061,3.91,2026-10-28T12:35:00.000,14.81,536.6,2.06,9.61,OK,B. Kaya
73.7,1819,3.95,2026-10-28T12:40:00.000,10.41,393.9,1.25,9.65,OK,E. Aydin
85.1,2079,3.86,2026-10-28T12:46:00.000,9.81,443.1,2.04,9.72,OK,E. Aydin
82,2005,4.71,2026-10-28T12:54:00.000,11.55,427,1.3,9.81,OK,A. Demir
83.1,2299,3.99,2026-10-28T13:01:00.000,12.24,437.5,2.4,9.84,OK,C. Yildiz
81.8,2442,4.48,2026-10-28T13:03:00.000,13.11,475.8,1.35,9.87,OK,E. Aydin
87.2,2668,4.41,2026-10-28T13:07:00.000,12.83,484.5,1.56,9.96,OK,E. Aydin
80,2459,3.94,2026-10-28T13:12:00.000,11.78,455.4,1.53,10.07,OK,A. Demir
82.3,2600,3.72,2026-10-28T13:18:00.000,11.39,494.4,1.76,10.18,OK,E. Aydin
80.2,2170,4.41,2026-10-28T13:21:00.000,11.27,459.6,1.51,10.26,OK,C. Yildiz
82.2,2346,4.24,2026-10-28T13:27:00.000,12.42,440.5,1.52,10.33,OK,E. Aydin
82.3,2428,4.56,2026-10-28T13:30:00.000,12.31,475.4,1.99,10.43,OK,B. Kaya
83,2512,4.16,2026-10-28T13:32:00.000,10.8,459.6,1.85,10.53,OK,A. Demir
80.7,2096,4.07,2026-10-28T13:37:00.000,10.65,450.7,1.56,10.62,OK,A. Demir
84.1,2720,4.3,2026-10-28T13:40:00.000,13.45,536.1,6.48,10.72,OK,B. Kaya
81.5,2755,4.63,2026-10-28T13:47:00.000,12.2,485.5,1.51,10.82,OK,E. Aydin
85.1,2993,4.53,2026-10-28T13:50:00.000,13.75,524.3,1.59,10.92,OK,D. Sahin
84.3,2719,5.08,2026-10-28T13:58:00.000,11.79,499.1,1.7,10.97,OK,E. Aydin
90.1,2922,4.89,2026-10-28T14:06:00.000,13.21,514.6,2.18,11.05,OK,B. Kaya
87.1,2873,4.14,2026-10-28T14:12:00.000,14.73,528,2.08,11.15,OK,C. Yildiz
86,3304,4.2,2026-10-28T14:16:00.000,14.47,544.3,2.35,11.2,OK,D. Sahin
80.6,2320,4.38,2026-10-28T14:19:00.000,12.84,471.1,2.56,11.32,OK,D. Sahin
84.9,2529,3.71,2026-10-28T14:25:00.000,13.41,450.1,1.9,11.42,OK,E. Aydin
89.8,2940,4.48,2026-10-28T14:27:00.000,13.48,533.2,2.48,11.53,OK,E. Aydin
84.6,2808,5.03,2026-10-28T14:34:00.000,14.55,495.9,1.63,11.63,OK,D. Sahin
86.1,2534,4.09,2026-10-28T14:36:00.000,12.98,469.1,4.75,11.67,OK,C. Yildiz
83.3,2741,3.85,2026-10-28T14:43:00.000,12.92,474.7,2.09,11.72,OK,E. Aydin
87.6,2823,4.45,2026-10-28T14:50:00.000,14.79,520,2.04,11.75,OK,A. Demir
78.7,2772,4.61,2026-10-28T14:57:00.000,13.35,487.9,1.58,11.8,OK,B. Kaya
88.3,2977,3.88,2026-10-28T15:03:00.000,13.65,548.1,2.06,11.88,OK,B. Kaya
85.5,2966,4.7,2026-10-28T15:11:00.000,12.48,520.7,2.14,11.92,WARNING,C. Yildiz
86,3189,4.73,2026-10-28T15:13:00.000,14.18,545.5,2.03,12.02,OK,D. Sahin
82.8,3485,5.05,2026-10-28T15:16:00.000,17.35,561.9,2.36,12.08,OK,E. Aydin
88.2,3294,4.31,2026-10-28T15:23:00.000,15.53,537.2,2.2,12.14,OK,B. Kaya
85.6,3155,4.14,2026-10-28T15:30:00.000,14.35,533.2,2.77,12.18,OK,B. Kaya
82.9,3082,4.65,2026-10-28T15:38:00.000,13.38,527.4,2.58,12.22,OK,D. Sahin
84.2,3173,5.02,2026-10-28T15:44:00.000,14.84,525.1,1.82,12.32,OK,E. Aydin
84.9,2854,4.47,2026-10-28T15:48:00.000,13.8,506.2,2.11,12.42,OK,B. Kaya
92.2,2960,5.42,2026-10-28T15:55:00.000,13.72,561.2,2.86,12.51,OK,E. Aydin
86.2,3075,4.82,2026-10-28T16:02:00.000,14.98,515.1,1.75,12.55,OK,B. Kaya
84.1,3355,5.08,2026-10-28T16:09:00.000,14.7,564.7,1.94,12.6,OK,E. Aydin
85.6,3184,3.94,2026-10-28T16:17:00.000,15.56,535.6,2.11,12.68,OK,E. Aydin
85.7,3274,4.5,2026-10-28T16:23:00.000,15.99,557.5,2.39,12.77,OK,E. Aydin
85.3,2543,4.15,2026-10-28T16:27:00.000,13.26,467.4,2.2,12.89,OK,B. Kaya
86.2,3111,5.36,2026-10-28T16:30:00.000,13.67,545.8,2.05,12.97,OK,E. Aydin
87.7,3479,5.07,2026-10-28T16:33:00.000,16.67,588.5,1.94,13.01,OK,C. Yildiz
88.1,3005,4.37,2026-10-28T16:37:00.000,15.73,535,2.06,13.12,OK,B. Kaya
86.8,3445,4.37,2026-10-28T16:44:00.000,17.32,567.6,1.83,13.15,OK,D. Sahin
94.1,3833,4.85,2026-10-28T16:46:00.000,16.81,628,2.61,13.24,OK,C. Yildiz
85.1,3092,5.02,2026-10-28T16:51:00.000,14.63,514.7,2.37,13.28,OK,E. Aydin
87.6,3611,4.41,2026-10-28T16:59:00.000,16.3,563.1,1.94,13.3,OK,E. Aydin
91.4,3788,4.77,2026-10-28T17:01:00.000,17.23,591.4,2.35,13.34,OK,E. Aydin
92.9,3910,4.95,2026-10-28T17:04:00.000,17.82,616.7,2.08,13.37,OK,A. Demir
86.9,3196,4.05,2026-10-28T17:06:00.000,13.6,513.5,1.99,13.47,OK,A. Demir
85,3141,4.72,2026-10-28T17:09:00.000,15.01,522.7,2.13,13.5,OK,D. Sahin
83.5,3148,4.7,2026-10-28T17:14:00.000,14.96,540.7,1.85,13.58,OK,D. Sahin
89.7,3421,5.09,2026-10-28T17:17:00.000,13.57,576.1,1.7,13.67,OK,E. Aydin
91.3,4412,5.77,2026-10-28T17:20:00.000,19.33,648.9,2.45,13.7,OK,D. Sahin
83,3072,4.54,2026-10-28T17:23:00.000,15.27,538.2,1.92,13.73,OK,E. Aydin
84.6,3717,5.42,2026-10-28T17:30:00.000,16.17,572.4,3.21,13.78,WARNING,B. Kaya
89.4,3398,4.3,2026-10-28T17:32:00.000,13.45,532.6,2.83,13.85,OK,E. Aydin
92.7,4150,5.03,2026-10-28T17:40:00.000,20.23,619.6,2.11,13.92,OK,A. Demir
91.8,3680,4.51,2026-10-28T17:46:00.000,15.93,596.3,1.82,13.97,OK,D. Sahin
90.9,3662,4.63,2026-10-28T17:48:00.000,15.69,572.6,2.44,14,OK,C. Yildiz
85.8,3014,4.94,2026-10-28T17:51:00.000,12.58,530.6,2.03,14.06,OK,A. Demir
91.1,3137,4.59,2026-10-28T17:59:00.000,13.89,534,2.11,14.14,OK,A. Demir
87.4,3162,4.86,2026-10-28T18:07:00.000,18.37,555.1,2.09,14.19,OK,A. Demir
85.5,3330,5.14,2026-10-28T18:14:00.000,15,553.9,2.23,14.27,OK,B. Kaya
87.1,3767,5.61,2026-10-28T18:22:00.000,17,606,2.09,14.38,OK,A. Demir
87.4,3147,4.12,2026-10-28T18:24:00.000,13.98,523.8,2.36,14.5,OK,A. Demir
87.3,3266,4.99,2026-10-28T18:28:00.000,14.82,571.2,2.05,14.62,WARNING,A. Demir
86.4,3684,4.79,2026-10-28T18:33:00.000,16.35,595.3,2.17,14.65,OK,A. Demir
79.2,2931,4.45,2026-10-28T18:38:00.000,14.66,495.8,2.16,14.68,OK,C. Yildiz
82.2,2555,4.8,2026-10-28T18:45:00.000,13.16,461.9,1.86,14.78,OK,B. Kaya
86.5,3134,4.65,2026-10-28T18:53:00.000,14.38,543.8,1.89,14.9,OK,C. Yildiz
86,2995,4.39,2026-10-28T18:56:00.000,13.46,526.8,2.18,14.99,OK,C. Yildiz
86.6,3529,4.87,2026-10-28T19:04:00.000,16.9,534.1,1.79,15.09,OK,D. Sahin
87.6,3400,4.67,2026-10-28T19:08:00.000,14.85,555,1.93,15.12,OK,D. Sahin
84,3049,4.57,2026-10-28T19:15:00.000,14.94,510.4,1.9,15.23,OK,C. Yildiz
92.8,3747,5.61,2026-10-28T19:23:00.000,17.8,606.1,1.9,15.3,OK,A. Demir
80.6,3049,4.79,2026-10-28T19:29:00.000,15.47,516.9,1.56,15.38,OK,C. Yildiz
81.5,,4.47,2026-10-28T19:36:00.000,15.5,538.1,2.07,15.41,OK,D. Sahin
81.8,3113,5.11,2026-10-28T19:38:00.000,13.87,526.7,1.75,15.52,OK,D. Sahin
91.7,3163,4.32,2026-10-28T19:45:00.000,13.16,545.5,2.5,15.61,OK,A. Demir
85.3,2630,4.3,2026-10-28T19:47:00.000,11.89,492.5,1.6,15.69,OK,C. Yildiz
88.4,3403,4.59,2026-10-28T19:54:00.000,14,565,2.42,15.76,OK,B. Kaya
82.1,3047,4.19,2026-10-28T19:56:00.000,14.53,516.1,1.98,15.82,OK,E. Aydin
84,3330,4.87,2026-10-28T20:03:00.000,15.69,550.6,1.9,15.86,OK,E. Aydin
88.7,2794,3.99,2026-10-28T20:11:00.000,13.45,514.7,1.56,15.92,OK,B. Kaya
88.3,2747,4.86,2026-10-28T20:13:00.000,12.73,502.3,2.14,15.95,OK,E. Aydin
84.8,3235,4.91,2026-10-28T20:16:00.000,14.61,550.5,2.31,16.06,OK,A. Demir
89,3435,4.75,2026-10-28T20:22:00.000,16.61,562.6,2.01,16.14,OK,A. Demir
89.2,3481,4.21,2026-10-28T20:25:00.000,16.91,561.1,1.76,16.23,OK,B. Kaya
82.5,3440,4.67,2026-10-28T20:31:00.000,14.91,567.4,1.95,16.33,OK,B. Kaya
84.4,2506,3.53,2026-10-28T20:36:00.000,12.91,485,1.32,16.36,OK,A. Demir
80.8,2650,4.12,2026-10-28T20:44:00.000,12.23,466.5,2.05,16.4,OK,C. Yildiz
82.6,2303,3.89,2026-10-28T20:51:00.000,10.79,460.4,1.59,16.5,OK,D. Sahin
85.1,3343,4.83,2026-10-28T20:59:00.000,14.96,541.7,2.38,16.59,OK,A. Demir
86.3,3038,4.51,2026-10-28T21:01:00.000,15.16,514.9,1.69,16.71,OK,D. Sahin
85.6,3340,4.18,2026-10-28T21:03:00.000,14.57,535.8,2.06,16.79,OK,D. Sahin
84.6,3451,5.23,2026-10-28T21:08:00.000,15.6,553.3,2.18,16.91,OK,A. Demir
87.6,2855,4.35,2026-10-28T21:15:00.000,12.97,517.9,1.78,16.95,OK,D. Sahin
86.1,2378,,2026-10-28T21:20:00.000,10.71,470.4,1.65,16.98,OK,A. Demir
88.4,3221,4.37,2026-10-28T21:24:00.000,14.76,532.7,2.06,17.08,OK,B. Kaya
78.9,2780,4.23,2026-10-28T21:35:00.000,13.08,473.4,1.91,17.21,OK,B. Kaya
80.7,3294,4.58,2026-10-28T21:41:00.000,14.67,549.8,1.83,17.32,OK,E. Aydin
86.9,2703,4.02,2026-10-28T21:44:00.000,12.55,463.4,1.98,17.37,OK,E. Aydin
77.2,2303,4.15,2026-10-28T21:49:00.000,12.34,439.7,1.58,17.42,OK,B. Kaya
89.3,2204,3.99,2026-10-28T21:52:00.000,11.41,453.7,1.58,17.5,OK,D. Sahin
87.3,3495,4.8,2026-10-28T21:58:00.000,16.92,566.9,2.95,17.59,OK,D. Sahin
83.3,2728,4.1,2026-10-28T22:02:00.000,13.93,492.8,1.46,17.64,OK,D. Sahin
85.1,2639,4.81,2026-10-28T22:07:00.000,12.87,494.9,2.28,17.67,OK,D. Sahin
78.2,2510,3.94,2026-10-28T22:12:00.000,13.21,464.7,1.37,17.75,OK,B. Kaya
87.6,2704,4.32,2026-10-28T22:16:00.000,12.85,501.6,2.17,17.87,OK,D. Sahin
86.6,,4.12,2026-10-28T22:22:00.000,12.54,473.4,1.65,17.97,OK,C. Yildiz
78.3,2023,3.61,2026-10-28T22:24:00.000,10.85,426.9,1.24,18.03,OK,B. Kaya
85.7,3323,4.43,2026-10-28T22:27:00.000,15.5,548.6,1.79,18.07,OK,D. Sahin
86.4,2354,4.13,2026-10-28T22:33:00.000,10.54,460,1.58,18.1,OK,D. Sahin
87.2,2740,4.48,2026-10-28T22:40:00.000,13.09,485.7,2.01,18.12,OK,D. Sahin
84.4,2598,4.27,2026-10-28T22:48:00.000,12.34,495.8,1.75,18.15,OK,D. Sahin
83.7,3004,4.54,2026-10-28T22:50:00.000,14.95,517.2,1.75,18.22,OK,C. Yildiz
85.1,2790,4.59,2026-10-28T22:55:00.000,13.65,515.6,2.14,18.28,OK,A. Demir
85.2,2630,3.75,2026-10-28T23:00:00.000,12.55,503.7,1.78,18.4,OK,C. Yildiz
80.6,2081,4.08,2026-10-28T23:06:00.000,9.67,441.1,1.17,18.48,OK,C. Yildiz
85,2563,4.37,2026-10-28T23:12:00.000,11.92,492.4,1.48,18.55,OK,C. Yildiz
83.3,2647,4.29,2026-10-28T23:19:00.000,12.63,483.9,2.12,18.64,OK,B. Kaya
79.6,2520,4.5,2026-10-28T23:27:00.000,12.54,466.9,2.29,18.67,OK,B. Kaya
87.6,2536,3.75,2026-10-28T23:33:00.000,11.54,456,1.42,18.78,OK,C. Yildiz
84.3,2320,4.07,2026-10-28T23:37:00.000,11.39,448.6,1.45,18.82,OK,B. Kaya
78.3,2540,3.99,2026-10-28T23:44:00.000,12.04,459.3,2.39,18.91,OK,E. Aydin
80.1,2300,4.22,2026-10-28T23:46:00.000,12.02,472,1.59,19.03,OK,B. Kaya
81,2077,3.83,2026-10-28T23:51:00.000,11.27,430.8,1.96,19.11,OK,B. Kaya
74.6,1816,3.33,2026-10-28T23:55:00.000,9.99,405.8,1.16,19.21,OK,D. Sahin
81.9,1410,3.54,2026-10-29T00:00:00.000,8.14,370.7,0.96,19.33,OK,A. Demir
83,1945,4.05,2026-10-29T00:06:00.000,11.56,424.6,1.32,19.39,OK,B. Kaya
84.8,2246,4.03,2026-10-29T00:09:00.000,10.42,448.8,1.45,19.49,OK,D. Sahin
80.3,1322,3.39,2026-10-29T00:17:00.000,8.08,343.4,1.27,19.54,OK,B. Kaya
83.3,1901,3.62,2026-10-29T00:23:00.000,10.41,408.2,1.68,19.65,OK,D. Sahin
71.6,1472,4.04,2026-10-29T00:28:00.000,8.89,380.6,0.97,19.7,OK,D. Sahin
82.7,2531,4.38,2026-10-29T00:30:00.000,11.95,455.5,1.66,19.75,OK,C. Yildiz
80.9,1921,4.18,2026-10-29T00:35:00.000,9.09,403.7,1.18,19.85,OK,A. Demir
82.6,2365,4.01,2026-10-29T00:43:00.000,13.04,470.7,1.32,19.9,OK,C. Yildiz
84.2,2622,5.11,2026-10-29T00:47:00.000,12.56,475.1,1.9,19.92,OK,A. Demir
82.5,1826,4.24,2026-10-29T00:55:00.000,9.3,412.8,4.69,20,OK,E. Aydin
82.3,1236,3.26,2026-10-29T01:03:00.000,6.92,358.7,1.01,20.07,OK,D. Sahin
82.8,2178,4.28,2026-10-29T01:06:00.000,11.56,455.3,1.62,20.1,OK,E. Aydin
82.3,1806,3.7,2026-10-29T01:14:00.000,10.68,432.2,1.3,20.18,OK,C. Yildiz
83.3,1946,3.8,2026-10-29T01:20:00.000,10.29,384.9,1.79,20.29,OK,D. Sahin
76.8,1530,,2026-10-29T01:26:00.000,8.4,403.2,1.41,20.37,OK,D. Sahin
79.3,1621,3.61,2026-10-29T01:30:00.000,8.55,372.5,1.05,20.39,OK,D. Sahin
84.4,1796,3.7,2026-10-29T01:34:00.000,10.52,445.4,1.59,20.44,OK,E. Aydin
76.8,1467,4.17,2026-10-29T01:37:00.000,8.09,357.4,1.12,20.55,OK,E. Aydin
82.7,1440,3.1,2026-10-29T01:41:00.000,9.41,376.2,0.93,20.67,OK,C. Yildiz
74.6,1551,3.31,2026-10-29T01:45:00.000,9.13,385,1.05,20.74,OK,B. Kaya
79.4,1506,4.13,2026-10-29T01:47:00.000,8.49,371.8,1.16,20.78,OK,D. Sahin
80.5,1375,3.21,2026-10-29T01:54:00.000,8.41,381.4,0.95,20.88,OK,C. Yildiz
76.3,1115,3.18,2026-10-29T02:01:00.000,6.86,329.1,1.45,20.96,OK,E. Aydin
76.7,1326,3.65,2026-10-29T02:09:00.000,8.21,351.3,1.41,20.98,OK,A. Demir
72.6,837,2.96,2026-10-29T02:13:00.000,6.59,304.7,1.38,21.03,OK,D. Sahin
73.7,1140,,2026-10-29T02:19:00.000,7.03,337.6,1.05,21.13,OK,E. Aydin
78.2,1362,3.57,2026-10-29T02:25:00.000,10.23,366.8,1.27,21.18,OK,B. Kaya
71.7,1221,3.66,2026-10-29T02:33:00.000,8.37,336.6,1.29,21.24,OK,B. Kaya
80.2,1445,3.77,2026-10-29T02:39:00.000,7.57,372.7,1.59,21.33,OK,B. Kaya
77,,3.41,2026-10-29T02:44:00.000,7.95,359.3,0.98,21.39,OK,E. Aydin
79.4,1324,3.04,2026-10-29T02:48:00.000,7.92,373.2,1.21,21.5,OK,D. Sahin
85.3,1540,3.53,2026-10-29T02:52:00.000,9.52,364.6,1.09,21.61,OK,B. Kaya
80.9,1312,,2026-10-29T02:54:00.000,7.72,357.3,1.15,21.73,OK,B. Kaya
74.6,1054,2.87,2026-10-29T03:02:00.000,6.76,326.8,1.44,21.84,OK,E. Aydin
80.3,1496,3.62,2026-10-29T03:10:00.000,8.26,396.7,1.05,21.88,OK,A. Demir
79.5,1559,3.53,2026-10-29T03:12:00.000,8.6,368.2,0.95,21.93,OK,C. Yildiz
75.6,800,3.45,2026-10-29T03:18:00.000,6.39,324.9,1.23,21.97,OK,A. Demir
78.1,868,3.8,2026-10-29T03:26:00.000,8.22,337.5,1.17,0.08,OK,D. Sahin
75.8,800,3.59,2026-10-29T03:33:00.000,6.82,317.8,1.56,0.14,OK,C. Yildiz
79.2,907,3.01,2026-10-29T03:36:00.000,6.84,318.2,0.71,0.16,OK,E. Aydin
78.4,832,3.01,2026-10-29T03:42:00.000,5.51,292.7,1.02,0.21,OK,D. Sahin
76.9,1373,3.41,2026-10-29T03:44:00.000,7.16,355.1,1.53,0.28,OK,C. Yildiz
69.3,800,2.81,2026-10-29T03:47:00.000,5.61,277,1.24,0.39,OK,D. Sahin
79.6,800,3.64,2026-10-29T03:49:00.000,5.24,316.1,1.21,0.51,OK,D. Sahin
77.6,1345,3.34,2026-10-29T03:55:00.000,8.39,345.1,1,0.54,OK,E. Aydin
76.2,1111,3.41,2026-10-29T03:59:00.000,6.34,346.9,1.12,0.56,OK,A. Demir
78.5,1192,3.51,2026-10-29T04:02:00.000,8.01,354.9,1.43,0.59,OK,A. Demir
78.5,,3.61,2026-10-29T04:04:00.000,6.87,340.9,0.77,0.68,OK,E. Aydin
84,1502,4.18,2026-10-29T04:06:00.000,9.39,375.4,1.2,0.75,OK,A. Demir
83.6,1607,4.18,2026-10-29T04:09:00.000,9.16,379.3,1.24,0.82,OK,B. Kaya
74.3,939,3.42,2026-10-29T04:16:00.000,7.35,326.6,0.84,0.87,OK,C. Yildiz
77.8,1347,3.04,2026-10-29T04:24:00.000,8.21,334.4,1.17,0.99,OK,E. Aydin
76.2,1265,3.2,2026-10-29T04:31:00.000,8.53,339.8,1.15,1.02,OK,C. Yildiz
75.8,958,3.85,2026-10-29T04:35:00.000,6.74,302.4,1.13,1.05,OK,C. Yildiz
75.8,926,3.27,2026-10-29T04:37:00.000,7.56,332.2,0.76,1.08,OK,A. Demir
76.7,931,3.56,2026-10-29T04:45:00.000,6.83,322.6,0.84,1.11,OK,C. Yildiz
74.6,800,3.38,2026-10-29T04:48:00.000,5.94,310.1,0.92,1.16,OK,C. Yildiz
71.7,800,2.73,2026-10-29T04:52:00.000,6.49,303.6,0.69,1.19,OK,D. Sahin
80,800,2.38,2026-10-29T04:54:00.000,5.7,311.6,1.03,1.27,OK,C. Yildiz
76.8,853,3.54,2026-10-29T05:02:00.000,6.68,313.2,0.7,1.34,OK,D. Sahin
76,1122,3.69,2026-10-29T05:06:00.000,9.76,327.2,0.92,1.43,OK,B. Kaya
79.4,857,2.93,2026-10-29T05:11:00.000,5.97,321.4,0.71,1.52,OK,D. Sahin
80.2,2217,4.17,2026-10-29T05:14:00.000,12.72,447.2,1.29,1.63,OK,E. Aydin
76.7,800,3.28,2026-10-29T05:18:00.000,6.02,288.7,0.8,1.72,OK,C. Yildiz
75.3,800,2.87,2026-10-29T05:26:00.000,5.09,316,0.97,1.82,OK,D. Sahin
82.9,1795,3.03,2026-10-29T05:31:00.000,9.42,426,1.66,1.91,OK,A. Demir
78.2,1218,2.9,2026-10-29T05:38:00.000,8.76,351.5,1.05,1.97,OK,B. Kaya
76.7,800,3.05,2026-10-29T05:42:00.000,6.11,316,1,2.01,OK,B. Kaya
79.5,800,3.18,2026-10-29T05:50:00.000,5.24,288.5,0.83,2.1,OK,C. Yildiz
83.8,1244,2.9,2026-10-29T05:58:00.000,7.1,377.6,0.95,2.21,OK,E. Aydin
78.2,874,3.57,2026-10-29T06:04:00.000,5.93,295.1,0.69,2.28,OK,D. Sahin
79.8,1295,3.76,2026-10-29T06:06:00.000,7.19,357.8,0.87,2.35,OK,E. Aydin
78.1,1345,4.27,2026-10-29T06:08:00.000,8.48,374.5,1.17,2.43,OK,D. Sahin
73.5,821,3.33,2026-10-29T06:10:00.000,7,307.8,1,2.53,OK,B. Kaya
77.7,1037,3.17,2026-10-29T06:15:00.000,6.32,306.5,0.79,2.64,OK,E. Aydin
75.8,1558,3.6,2026-10-29T06:18:00.000,9.68,346.5,1.08,2.67,OK,E. Aydin
79.2,1056,3.66,2026-10-29T06:25:00.000,6.29,352.3,0.94,2.78,OK,B. Kaya
76.8,800,2.62,2026-10-29T06:29:00.000,5.93,322.1,1.24,2.82,OK,E. Aydin
74.5,1089,2.65,2026-10-29T06:33:00.000,8,352.7,1.07,2.86,OK,C. Yildiz
73.8,800,2.81,2026-10-29T06:41:00.000,5.84,292.5,1.02,2.97,OK,A. Demir
72.7,800,3.05,2026-10-29T06:46:00.000,5.64,313.1,0.69,3.04,OK,D. Sahin
82.2,1651,3.67,2026-10-29T06:52:00.000,9.93,377,1.14,3.12,OK,B. Kaya
78.1,1018,3.96,2026-10-29T06:57:00.000,7.66,325.7,0.8,3.17,OK,B. Kaya
77.8,1322,4.11,2026-10-29T06:59:00.000,8.17,348.4,1.27,3.21,OK,D. Sahin
77,1136,3.27,2026-10-29T07:07:00.000,8.15,327.2,0.99,3.29,OK,D. Sahin
78.5,1259,3.93,2026-10-29T07:11:00.000,7.02,355.3,1.24,3.32,OK,A. Demir
74.6,1545,3.66,2026-10-29T07:16:00.000,8.48,367.6,1.58,3.37,OK,C. Yildiz
72.5,1507,3.23,2026-10-29T07:18:00.000,8.9,383.1,1.05,3.41,OK,C. Yildiz
77.8,1127,3.19,2026-10-29T07:20:00.000,6.39,338.6,0.81,3.51,OK,A. Demir
80.5,1157,2.97,2026-10-29T07:22:00.000,7.86,362.6,1.14,3.62,OK,A. Demir
75,1662,3.94,2026-10-29T07:24:00.000,10.03,390,1.07,3.65,OK,A. Demir
76,1544,3.66,2026-10-29T07:28:00.000,9.74,365.7,1.15,3.71,OK,B. Kaya
79.3,1855,4.07,2026-10-29T07:31:00.000,11.41,398.3,1.23,3.81,OK,D. Sahin
79.4,1569,3.64,2026-10-29T07:38:00.000,9.96,379.3,0.98,3.87,OK,D. Sahin
72.3,804,2.88,2026-10-29T07:40:00.000,6.94,315.2,1.07,3.98,OK,D. Sahin
81.9,1835,4.31,2026-10-29T07:46:00.000,11.56,416.2,1.31,4.01,OK,A. Demir
80,1088,2.76,2026-10-29T07:53:00.000,7.62,350.8,0.76,4.09,OK,E. Aydin
79.4,1549,3.79,2026-10-29T08:01:00.000,7.89,369.7,1.52,4.15,OK,D. Sahin
76.5,1732,,2026-10-29T08:08:00.000,11.16,408.1,1.03,4.26,OK,C. Yildiz
86,2064,3.88,2026-10-29T08:12:00.000,11.4,441.8,2.01,4.29,OK,A. Demir
77.5,1572,3.49,2026-10-29T08:16:00.000,9.37,372.9,0.99,4.32,OK,E. Aydin
81,1717,3.54,2026-10-29T08:18:00.000,10.72,403.5,1.32,4.36,OK,D. Sahin
77,1360,3.96,2026-10-29T08:24:00.000,7.44,364.7,1.25,4.4,OK,D. Sahin
77.6,1720,3.86,2026-10-29T08:28:00.000,8.67,402.8,1.24,4.46,OK,C. Yildiz
80.4,1644,3.93,2026-10-29T08:33:00.000,9.6,420.1,1.34,4.56,OK,C. Yildiz
76.1,1461,3.28,2026-10-29T08:37:00.000,8.01,385.2,0.93,4.65,OK,E. Aydin
80.2,1821,4.39,2026-10-29T08:42:00.000,9.79,409.5,1.11,4.76,OK,A. Demir
77.9,1658,3.27,2026-10-29T08:44:00.000,7.65,400.4,1.5,4.82,WARNING,D. Sahin
79.6,1973,4.04,2026-10-29T08:47:00.000,10.92,435.6,1.42,4.93,OK,D. Sahin
84,1541,3.38,2026-10-29T08:53:00.000,8.34,409,1.25,4.99,OK,E. Aydin
83.2,2311,4.06,2026-10-29T09:01:00.000,12.44,448.8,2.15,5.02,OK,D. Sahin
81.6,1318,3.39,2026-10-29T09:06:00.000,9.23,380.7,1.32,5.05,OK,C. Yildiz
83.4,2425,4.43,2026-10-29T09:12:00.000,10.94,477.7,1.75,5.14,OK,E. Aydin
78.4,1812,3.85,2026-10-29T09:19:00.000,10.02,375.3,1.96,5.21,OK,B. Kaya
77.9,2590,,2026-10-29T09:24:00.000,11.2,461.8,1.89,5.31,OK,B. Kaya
82.9,1743,3.61,2026-10-29T09:27:00.000,9.35,421.5,1.8,5.37,OK,E. Aydin
80.7,2320,4.05,2026-10-29T09:30:00.000,12.38,447.2,1.5,5.39,OK,D. Sahin
80.1,2087,4,2026-10-29T09:36:00.000,10.02,424.5,2.32,5.48,OK,A. Demir
87.1,2135,4.56,2026-10-29T09:39:00.000,10.84,426.7,1.21,5.57,OK,E. Aydin
81.5,1811,3.34,2026-10-29T09:45:00.000,11.09,412.8,1.09,5.62,OK,B. Kaya
80.6,2228,3.77,2026-10-29T09:49:00.000,10.36,456.2,2.15,5.66,OK,A. Demir
84.2,2181,,2026-10-29T10:01:00.000,10.07,464.4,1.67,5.84,OK,D. Sahin
83.3,1898,3.34,2026-10-29T10:04:00.000,11,406.8,1.15,5.92,OK,E. Aydin
80.1,1634,4.29,2026-10-29T10:06:00.000,11.14,403,1.64,5.97,OK,B. Kaya
84.6,2716,3.72,2026-10-29T10:14:00.000,12.04,499.8,1.53,6.06,OK,E. Aydin
82.2,1726,3.59,2026-10-29T10:17:00.000,7.85,396,1.28,6.16,OK,C. Yildiz
,1814,3.96,2026-10-29T10:23:00.000,8.02,420.4,1.58,6.26,OK,C. Yildiz
81,2839,4.63,2026-10-29T10:30:00.000,12.49,493.3,1.53,6.32,OK,D. Sahin
86.2,2616,4.58,2026-10-29T10:33:00.000,12.93,477.1,2.05,6.41,OK,C. Yildiz
81.9,2815,4.46,2026-10-29T10:40:00.000,14.11,498.8,1.82,6.47,OK,E. Aydin
81.1,2340,4.09,2026-10-29T10:44:00.000,11.45,459.9,2.17,6.59,OK,A. Demir
81.2,3039,4.59,2026-10-29T10:51:00.000,14.42,518.5,1.66,6.68,OK,A. Demir
,2206,3.94,2026-10-29T10:57:00.000,11.6,452.8,1.98,6.71,OK,D. Sahin
78.1,2359,4.33,2026-10-29T11:00:00.000,13.81,445,1.6,6.77,OK,D. Sahin
84.7,2498,3.8,2026-10-29T11:02:00.000,12.2,507.7,1.69,6.84,OK,D. Sahin
81.2,2135,3.52,2026-10-29T11:09:00.000,10.58,419.6,1.38,6.9,OK,B. Kaya
81,2878,4.29,2026-10-29T11:11:00.000,14.86,488.3,2,7.01,OK,C. Yildiz
93.9,3181,4.65,2026-10-29T11:16:00.000,15.05,517.4,1.66,7.06,OK,E. Aydin
81.4,2665,4.59,2026-10-29T11:22:00.000,11.58,481.1,1.77,7.14,OK,B. Kaya
80.1,2820,4.32,2026-10-29T11:26:00.000,12.3,479.9,1.56,7.25,OK,D. Sahin
87.1,3238,4.68,2026-10-29T11:32:00.000,14.52,523.2,1.67,7.28,OK,B. Kaya
87.1,2577,4.23,2026-10-29T11:39:00.000,12.86,518.1,1.47,7.36,OK,E. Aydin
85.4,2751,4.46,2026-10-29T11:45:00.000,12.47,510.6,1.6,7.48,OK,A. Demir
89.6,2677,4.25,2026-10-29T11:52:00.000,13.48,523.6,1.8,7.57,OK,C. Yildiz
88.1,3099,4.6,2026-10-29T11:57:00.000,14.26,548.6,2.74,7.65,OK,C. Yildiz
82.4,2593,4.38,2026-10-29T12:04:00.000,13.44,503.8,1.53,7.69,OK,A. Demir
88.9,3120,4.76,2026-10-29T12:06:00.000,14.48,529,1.86,7.74,OK,D. Sahin
86.9,3691,4.59,2026-10-29T12:11:00.000,16.8,601.7,1.89,7.77,OK,D. Sahin
84.3,2833,4.51,2026-10-29T12:17:00.000,12.63,528.2,2.32,7.87,OK,E. Aydin
92.8,3298,4.59,2026-10-29T12:20:00.000,13.83,556,1.84,7.95,OK,C. Yildiz
85,2898,4.08,2026-10-29T12:27:00.000,14.17,522.2,1.58,8.04,OK,B. Kaya
86.9,2823,4.53,2026-10-29T12:30:00.000,13.12,497.6,2.09,8.16,OK,D. Sahin
84.6,3180,4.59,2026-10-29T12:33:00.000,14.75,525.8,1.78,8.26,OK,E. Aydin
84.1,3072,4.65,2026-10-29T12:36:00.000,13.95,529.6,2.55,8.32,OK,D. Sahin
83.7,2807,4.44,2026-10-29T12:42:00.000,14,523.9,1.82,8.43,OK,D. Sahin
88.6,3528,5.03,2026-10-29T12:46:00.000,16.83,577.2,2.77,8.52,OK,A. Demir
87.2,3638,4.67,2026-10-29T12:52:00.000,16.43,567.9,2.14,8.54,WARNING,E. Aydin
86.6,3406,4.68,2026-10-29T12:56:00.000,15.06,537.9,2.33,8.63,OK,D. Sahin
85.4,3336,5.47,2026-10-29T13:04:00.000,13.73,529.5,1.89,8.68,OK,B. Kaya
84.6,2850,4.2,2026-10-29T13:11:00.000,14.05,524.8,2.13,8.77,OK,C. Yildiz
83,3235,4.67,2026-10-29T13:13:00.000,15.9,538.2,1.66,8.86,OK,D. Sahin
83.1,2640,4.37,2026-10-29T13:18:00.000,11.62,466.2,1.6,8.96,OK,B. Kaya
82.1,2948,5.06,2026-10-29T13:23:00.000,13.93,514.3,1.72,9.03,OK,D. Sahin
84.4,3142,4.79,2026-10-29T13:31:00.000,14.91,538.9,1.96,9.05,OK,B. Kaya
86.9,3316,4.39,2026-10-29T13:33:00.000,14.82,544.8,2.38,9.15,OK,D. Sahin
88.1,3615,4.81,2026-10-29T13:35:00.000,17.14,581.6,1.9,9.24,OK,D. Sahin
89.9,3600,4.67,2026-10-29T13:39:00.000,17.59,579.3,2.07,9.35,OK,D. Sahin
84.5,3209,4.28,2026-10-29T13:46:00.000,15.26,543.4,2.04,9.47,OK,E. Aydin
89,3712,5.25,2026-10-29T13:53:00.000,16.39,594.4,2.03,9.57,OK,A. Demir
86.3,3592,5.4,2026-10-29T13:56:00.000,16.44,564.8,2.63,9.68,OK,D. Sahin
94.8,3747,5.35,2026-10-29T14:04:00.000,17.29,605,2.26,9.74,OK,C. Yildiz
88.4,3617,4.52,2026-10-29T14:07:00.000,17.43,564.8,1.95,9.78,OK,D. Sahin
84.8,3095,4.42,2026-10-29T14:14:00.000,12.38,522.4,1.71,9.85,OK,A. Demir
91.1,3834,5.5,2026-10-29T14:22:00.000,16.5,590.1,1.97,9.97,OK,D. Sahin
87.8,2895,3.99,2026-10-29T14:27:00.000,13.36,492.9,1.74,10.08,OK,B. Kaya
84.4,3115,4.02,2026-10-29T14:33:00.000,14.53,509,2.04,10.19,OK,A. Demir
83.8,3320,4.85,2026-10-29T14:35:00.000,13.56,523.5,1.88,10.25,OK,B. Kaya
92.2,3874,4.97,2026-10-29T14:37:00.000,17.22,625,2.69,10.35,OK,A. Demir
86.4,3324,4.29,2026-10-29T14:44:00.000,14.33,554.7,1.76,10.41,OK,C. Yildiz
83.8,3233,4.33,2026-10-29T14:52:00.000,14,547.2,1.84,10.44,OK,D. Sahin
83.2,3054,5.09,2026-10-29T14:58:00.000,13.49,496.2,2.21,10.56,OK,E. Aydin
87.8,3834,4.92,2026-10-29T15:03:00.000,16.76,613.4,2.18,10.6,OK,D. Sahin
91.4,3617,4.71,2026-10-29T15:05:00.000,16.48,598.5,1.78,10.65,OK,A. Demir
87.9,3161,4.53,2026-10-29T15:10:00.000,12.94,542.8,2.39,10.76,OK,D. Sahin
83.4,2701,4.75,2026-10-29T15:15:00.000,13.05,496.4,1.62,10.87,OK,C. Yildiz
86.5,3069,4.82,2026-10-29T15:19:00.000,14.39,526.1,2.3,10.94,OK,E. Aydin
84.1,2580,4.47,2026-10-29T15:24:00.000,12.95,469.4,1.97,11.03,OK,C. Yildiz
85.5,3399,4.1,2026-10-29T15:32:00.000,15.47,548.8,1.9,11.1,OK,C. Yildiz
81.9,3128,4.17,2026-10-29T15:37:00.000,14.37,515.8,2.6,11.2,OK,B. Kaya
91.8,3601,5.15,2026-10-29T15:40:00.000,17.15,596.7,1.87,11.28,OK,B. Kaya
85.5,2709,4.77,2026-10-29T15:47:00.000,13.18,480.8,2.2,11.38,OK,B. Kaya
86.1,3080,4.34,2026-10-29T15:52:00.000,14.28,536.7,1.85,11.42,OK,B. Kaya
89.4,3244,4.52,2026-10-29T15:57:00.000,14.95,545.6,1.8,11.45,OK,B. Kaya
83.3,2757,4.91,2026-10-29T16:05:00.000,14.39,493.6,1.85,11.52,OK,B. Kaya
94.2,3544,4.51,2026-10-29T16:07:00.000,17.15,579.8,2.05,11.56,OK,D. Sahin
84.1,3065,4.7,2026-10-29T16:14:00.000,14.57,525.8,2.22,11.61,OK,B. Kaya
87.8,3377,4.14,2026-10-29T16:19:00.000,16.17,560.7,2.19,11.72,OK,C. Yildiz
86.1,2800,3.96,2026-10-29T16:27:00.000,14.11,537.4,1.55,11.75,OK,E. Aydin
85.2,3464,4.58,2026-10-29T16:32:00.000,15.09,558.1,2.77,11.83,OK,E. Aydin
90.2,3909,4.79,2026-10-29T16:34:00.000,16.87,617.6,1.96,11.86,OK,A. Demir
87.8,2973,4.29,2026-10-29T16:36:00.000,12.42,528.5,2.08,11.95,OK,C. Yildiz
80.3,2984,,2026-10-29T16:40:00.000,14.26,497.1,2.04,11.97,OK,C. Yildiz
,3492,4.75,2026-10-29T16:43:00.000,16.91,547,2.47,12,OK,E. Aydin
85.4,3428,4.66,2026-10-29T16:50:00.000,14.12,583.8,1.98,12.03,OK,A. Demir
84.6,2563,4.1,2026-10-29T16:53:00.000,12.45,470.7,1.69,12.12,OK,E. Aydin
84.8,3075,4.31,2026-10-29T16:56:00.000,15.08,529.9,2.1,12.16,OK,D. Sahin
83.4,2834,4.34,2026-10-29T17:00:00.000,13.43,501.9,1.94,12.27,OK,B. Kaya
85.7,3024,4.68,2026-10-29T17:08:00.000,13.71,500.3,1.63,12.37,OK,A. Demir
81.5,2923,4.81,2026-10-29T17:11:00.000,13.82,504.3,1.69,12.44,OK,A. Demir
81.6,2910,4.51,2026-10-29T17:16:00.000,13.89,511.1,1.65,12.52,OK,A. Demir
88.8,3019,4.51,2026-10-29T17:24:00.000,14.21,504.6,1.56,12.57,OK,C. Yildiz
89.8,3688,5.04,2026-10-29T17:30:00.000,14.56,607.6,2.7,12.61,OK,E. Aydin
83.6,2875,4.65,2026-10-29T17:32:00.000,12.85,515.2,1.95,12.69,OK,A. Demir
85,2763,4.25,2026-10-29T17:38:00.000,13.31,504.7,2.25,12.79,OK,E. Aydin
86.3,3487,4.59,2026-10-29T17:40:00.000,14.98,577.3,2.54,12.86,OK,C. Yildiz
88.7,2919,3.97,2026-10-29T17:45:00.000,15.76,517.3,2,12.96,OK,C. Yildiz
87.8,3408,3.69,2026-10-29T17:50:00.000,16.14,545.4,2.59,13.06,OK,B. Kaya
87.3,2801,4.49,2026-10-29T17:58:00.000,13.8,507.1,1.91,13.15,OK,E. Aydin
87.1,3167,4.21,2026-10-29T18:04:00.000,14.93,553.7,1.85,13.27,OK,E. Aydin
84.6,2956,4.7,2026-10-29T18:06:00.000,12.65,505.2,2.44,13.35,OK,B. Kaya
89.3,3331,4.57,2026-10-29T18:09:00.000,15.42,581.4,2.49,13.44,OK,C. Yildiz
83.1,2805,4.68,2026-10-29T18:17:00.000,11.79,470.2,1.97,13.5,OK,A. Demir
89.3,3081,4.48,2026-10-29T18:24:00.000,13.36,536.2,2.26,13.54,OK,A. Demir
83.9,3013,5.02,2026-10-29T18:30:00.000,13.87,532.2,1.62,13.61,OK,C. Yildiz
80.8,2263,4.78,2026-10-29T18:35:00.000,10.83,477.5,2.68,13.64,OK,A. Demir
87.5,2705,4.14,2026-10-29T18:42:00.000,12.05,507.2,1.57,13.76,OK,D. Sahin
84.8,2658,3.68,2026-10-29T18:46:00.000,14.59,464.1,1.68,13.86,OK,B. Kaya
85.3,2810,4.83,2026-10-29T18:50:00.000,11.85,509.7,2.01,13.88,OK,D. Sahin
82.6,2979,4.7,2026-10-29T18:56:00.000,13.04,478.5,1.61,13.96,OK,A. Demir
78.4,2120,3.79,2026-10-29T19:04:00.000,11.46,454.5,1.27,14,OK,B. Kaya
85.5,,4.42,2026-10-29T19:11:00.000,13.81,544.5,1.87,14.06,OK,B. Kaya
81.6,2750,4.51,2026-10-29T19:17:00.000,13.71,476.7,2.17,14.1,OK,C. Yildiz
84.5,2314,4.53,2026-10-29T19:24:00.000,11.11,455,2.34,14.15,OK,A. Demir
87.5,2727,3.71,2026-10-29T19:29:00.000,15.35,492.9,1.51,14.18,OK,E. Aydin
79.5,1870,3.58,2026-10-29T19:35:00.000,10.52,387.9,1.33,14.29,OK,C. Yildiz
80.5,2132,4.02,2026-10-29T19:43:00.000,10.6,438,1.4,14.32,OK,A. Demir
79.4,2086,3.38,2026-10-29T19:51:00.000,9.74,426.9,1.77,14.37,OK,B. Kaya
83.8,2236,4.34,2026-10-29T19:53:00.000,10.55,488.9,1.26,14.41,OK,D. Sahin
79.4,2477,3.92,2026-10-29T19:57:00.000,11.54,479.6,1.71,14.49,OK,D. Sahin
88.2,2427,4.56,2026-10-29T20:01:00.000,12.41,492.1,1.73,14.52,OK,B. Kaya
76.7,2940,4.86,2026-10-29T20:06:00.000,14.23,492,1.55,14.64,OK,A. Demir
82.3,1947,3.69,2026-10-29T20:10:00.000,10.16,396.5,1.7,14.71,OK,A. Demir
80.2,2639,4.63,2026-10-29T20:12:00.000,13.27,478.5,1.63,14.77,OK,B. Kaya
80.4,2541,3.73,2026-10-29T20:17:00.000,13.34,481.8,2.18,14.81,OK,E. Aydin
83.9,2208,4.2,2026-10-29T20:19:00.000,9.76,458.9,1.41,14.92,OK,C. Yildiz
84.2,1866,4.15,2026-10-29T20:22:00.000,11.25,435.2,1.58,15,OK,C. Yildiz
80.3,1849,3.97,2026-10-29T20:26:00.000,10.34,421.4,1.26,15.03,OK,B. Kaya
84.6,2724,4.46,2026-10-29T20:28:00.000,13.61,486.7,1.66,15.11,OK,B. Kaya
82.4,2136,3.91,2026-10-29T20:33:00.000,13.08,440.9,1.97,15.17,OK,C. Yildiz
81.3,2599,3.91,2026-10-29T20:41:00.000,12.21,482.9,2.04,15.26,OK,D. Sahin
86,2264,4.68,2026-10-29T20:47:00.000,11.78,453.5,1.36,15.36,OK,D. Sahin
80.4,1696,2.87,2026-10-29T20:53:00.000,8.79,423.3,1.58,15.47,OK,C. Yildiz
87.2,2352,4.62,2026-10-29T21:01:00.000,12.13,508.2,1.51,15.54,OK,B. Kaya
80.1,1450,3.42,2026-10-29T21:03:00.000,8.02,381.6,1.3,15.65,OK,E. Aydin
80.7,1854,3.7,2026-10-29T21:08:00.000,10.06,416.8,1.07,15.74,OK,E. Aydin
83.1,1936,3.79,2026-10-29T21:12:00.000,11.26,429.2,1.52,15.83,OK,B. Kaya
82.5,2197,3.98,2026-10-29T21:16:00.000,11.61,454.7,1.35,15.88,OK,B. Kaya
76.7,1528,3.39,2026-10-29T21:23:00.000,8.16,354.7,1.79,15.91,OK,D. Sahin
88.4,2164,4.62,2026-10-29T21:25:00.000,9.38,448.4,2.11,15.98,OK,A. Demir
80,1489,4.63,2026-10-29T21:29:00.000,6.5,358.9,1.06,16.03,WARNING,B. Kaya
81.2,2548,3.96,2026-10-29T21:36:00.000,11.56,501.9,1.52,16.13,OK,A. Demir
72.8,800,3.45,2026-10-29T21:42:00.000,6.23,306.6,0.85,16.17,OK,E. Aydin
77.9,1597,3.48,2026-10-29T21:46:00.000,9.49,424.2,1.62,16.25,OK,A. Demir
78.4,1273,3.37,2026-10-29T21:53:00.000,9.2,364.8,1.68,16.31,OK,C. Yildiz
84.2,1270,3.37,2026-10-29T21:57:00.000,8.34,345.8,0.84,16.34,OK,D. Sahin
80.3,1883,3.68,2026-10-29T22:05:00.000,11.21,405.3,1.23,16.37,OK,C. Yildiz
79.9,1514,3.65,2026-10-29T22:08:00.000,10.53,378.4,1.58,16.4,OK,C. Yildiz
79.6,1697,4.17,2026-10-29T22:11:00.000,7.32,417.3,1.42,16.47,OK,C. Yildiz
75.7,1279,4.12,2026-10-29T22:16:00.000,8.1,368,0.94,16.57,OK,C. Yildiz
81.8,1313,3.82,2026-10-29T22:24:00.000,6.69,363.1,1.23,16.6,OK,E. Aydin
77,1648,4.21,2026-10-29T22:31:00.000,9.56,399.7,1.26,16.66,OK,E. Aydin
78.3,1240,3.58,2026-10-29T22:33:00.000,7.63,360,1.21,16.68,OK,C. Yildiz
78.8,1490,3.64,2026-10-29T22:35:00.000,8.49,406.5,1.14,16.75,OK,A. Demir
79.1,1641,4.05,2026-10-29T22:42:00.000,9.39,398.2,1.78,16.79,OK,C. Yildiz
83.4,1693,3.77,2026-10-29T22:48:00.000,9.47,393.4,1.39,16.82,OK,E. Aydin
78.2,800,3.96,2026-10-29T22:50:00.000,4.78,299.3,1.49,16.93,OK,E. Aydin
76,1537,3.66,2026-10-29T22:52:00.000,9.68,392.1,2.19,17.04,OK,E. Aydin
79.7,1493,3.73,2026-10-29T22:55:00.000,8.74,399.5,1.34,17.13,WARNING,B. Kaya
80.4,1288,3.05,2026-10-29T22:58:00.000,8.1,319,0.95,17.24,OK,B. Kaya
81,800,3.81,2026-10-29T23:06:00.000,6.26,320.1,1.2,17.33,OK,C. Yildiz
80,1361,3.47,2026-10-29T23:08:00.000,6.38,387.8,1.18,17.42,OK,E. Aydin
75.5,1400,2.99,2026-10-29T23:12:00.000,8.33,358.6,1.37,17.46,OK,C. Yildiz
82.2,1377,3.58,2026-10-29T23:14:00.000,6.68,366.4,1.21,17.48,OK,A. Demir
77.3,1404,3.61,2026-10-29T23:22:00.000,10.11,362.5,1.35,17.51,OK,C. Yildiz
79.7,,4.18,2026-10-29T23:29:00.000,8.05,388.6,1.28,17.55,OK,A. Demir
77.3,800,3.37,2026-10-29T23:37:00.000,5.45,324.2,0.96,17.58,OK,D. Sahin
80.3,1124,3.66,2026-10-29T23:44:00.000,7.85,344.4,1.69,17.66,OK,C. Yildiz
71.9,966,2.93,2026-10-29T23:47:00.000,8.93,299.8,0.98,17.76,OK,B. Kaya
73.3,840,3.42,2026-10-29T23:50:00.000,5.73,294.1,1.72,17.79,OK,C. Yildiz
78.5,1465,3.88,2026-10-29T23:54:00.000,10.01,385,0.92,17.82,OK,A. Demir
73.1,960,2.97,2026-10-29T23:59:00.000,6.67,326.3,1.14,17.87,OK,B. Kaya
79.1,1121,3.36,2026-10-30T00:03:00.000,7.44,330.5,0.88,17.95,OK,B. Kaya
74.8,1112,3,2026-10-30T00:07:00.000,9.02,337.6,1.71,18.04,OK,C. Yildiz
81.8,1367,3.51,2026-10-30T00:14:00.000,7.15,361.2,1.2,18.1,OK,A. Demir
74.1,890,3.8,2026-10-30T00:16:00.000,6.08,326.1,0.91,18.17,OK,C. Yildiz
80.5,1564,3.45,2026-10-30T00:22:00.000,7.84,395.5,1.12,18.22,OK,B. Kaya
75.3,1439,3.43,2026-10-30T00:28:00.000,7.87,384.1,1.65,18.24,OK,D. Sahin
80.9,1033,3.88,2026-10-30T00:36:00.000,6.11,330.8,1.88,18.3,OK,D. Sahin
74,952,2.99,2026-10-30T00:42:00.000,4.58,307.3,1.3,18.34,OK,E. Aydin
76.7,1291,2.83,2026-10-30T00:47:00.000,8.89,347.5,1.07,18.44,OK,E. Aydin
73.2,800,3.39,2026-10-30T00:55:00.000,6.5,316.6,0.98,18.55,OK,A. Demir
80.7,1427,3.57,2026-10-30T00:57:00.000,8.03,365.5,1.14,18.58,OK,A. Demir
76.4,1002,4.04,2026-10-30T01:01:00.000,7.67,341.7,1.19,18.68,OK,D. Sahin
79.3,1303,3.08,2026-10-30T01:04:00.000,7.43,344.5,1.5,18.76,OK,C. Yildiz
76.4,800,2.89,2026-10-30T01:06:00.000,3.55,304.7,0.7,18.85,OK,D. Sahin
74.6,1380,3.4,2026-10-30T01:08:00.000,7.66,339.2,0.98,18.88,OK,B. Kaya
77.3,1130,3.11,2026-10-30T01:10:00.000,7.14,335.1,1.11,18.94,OK,E. Aydin
70.8,1322,3.73,2026-10-30T01:17:00.000,7.91,360.4,1.27,18.97,OK,E. Aydin
74.9,897,3.22,2026-10-30T01:19:00.000,6.01,321,1.29,19.08,OK,B. Kaya
72.2,1103,2.88,2026-10-30T01:24:00.000,6.57,330.9,1.6,19.1,OK,B. Kaya
78.4,1458,4.12,2026-10-30T01:30:00.000,8.63,348.4,1.09,19.12,OK,B. Kaya
77.6,1078,3.58,2026-10-30T01:36:00.000,7.45,326.7,0.94,19.22,OK,C. Yildiz
72.7,800,3.18,2026-10-30T01:40:00.000,6.22,293.4,2,19.24,OK,E. Aydin
75.2,800,3.17,2026-10-30T01:44:00.000,6.8,313.8,2.01,19.27,OK,B. Kaya
72.3,800,3.39,2026-10-30T01:49:00.000,4.66,333.8,1.34,19.38,OK,D. Sahin
82.2,1271,3.34,2026-10-30T01:56:00.000,8.38,372.5,1.43,19.42,OK,D. Sahin
76.1,1170,3.79,2026-10-30T02:00:00.000,7.68,359.3,0.95,19.46,OK,A. Demir
74.3,800,2.46,2026-10-30T02:02:00.000,5.93,299.8,1.08,19.54,OK,B. Kaya
75.5,1034,2.92,2026-10-30T02:06:00.000,6.66,332.7,0.78,19.64,OK,E. Aydin
82.5,1628,3.64,2026-10-30T02:13:00.000,8.91,393.5,1.2,19.68,OK,D. Sahin
76.8,800,2.76,2026-10-30T02:17:00.000,7.47,278.8,0.74,19.72,OK,C. Yildiz
75.8,1352,2.87,2026-10-30T02:22:00.000,9.54,371,1.06,19.84,OK,A. Demir
78,800,3.07,2026-10-30T02:29:00.000,4.29,316.6,1.06,19.89,OK,A. Demir
74.9,800,3.34,2026-10-30T02:33:00.000,5.49,310.3,0.83,19.92,OK,E. Aydin
76.7,1476,3.69,2026-10-30T02:36:00.000,9.25,355.9,1.54,19.95,OK,B. Kaya
77.8,1332,2.91,2026-10-30T02:38:00.000,8.69,360.7,1.11,20.03,OK,E. Aydin
79.3,900,3.18,2026-10-30T02:46:00.000,7.65,346.1,1.11,20.06,OK,A. Demir
75.1,953,3.14,2026-10-30T02:49:00.000,6.66,318.5,2.43,20.09,OK,D. Sahin
75.3,1140,3.46,2026-10-30T02:51:00.000,7.48,328.1,0.83,20.12,OK,E. Aydin
78.3,919,3.06,2026-10-30T02:53:00.000,6.9,322.2,0.75,20.21,OK,E. Aydin
77.7,1308,3.18,2026-10-30T03:01:00.000,8.64,367.5,1.41,20.3,OK,A. Demir
79.2,1112,3.47,2026-10-30T03:09:00.000,7.52,361.1,1.61,20.41,OK,D. Sahin
77.1,1243,3.26,2026-10-30T03:15:00.000,7.87,342.3,1.4,20.52,OK,A. Demir
76,985,3.78,2026-10-30T03:17:00.000,7.8,315.7,1.6,20.6,OK,B. Kaya
78,1446,3.56,2026-10-30T03:20:00.000,8.93,373.3,2.09,20.64,OK,E. Aydin
78.4,1479,3.46,2026-10-30T03:28:00.000,9.92,371.6,1.49,20.74,OK,D. Sahin
78,1698,3.04,2026-10-30T03:30:00.000,9.67,409,1.76,20.86,OK,E. Aydin
77.3,1344,3.43,2026-10-30T03:32:00.000,5.59,379.6,1.87,20.88,OK,E. Aydin
76.6,1171,3.55,2026-10-30T03:37:00.000,5.66,334.6,0.87,20.96,OK,D. Sahin
73.6,1180,3.42,2026-10-30T03:40:00.000,7.12,320.7,1.45,21.04,OK,A. Demir
76.7,1008,4.1,2026-10-30T03:48:00.000,7.08,355.8,0.74,21.12,OK,B. Kaya
81.6,1323,3.72,2026-10-30T03:55:00.000,8.16,371.5,2.4,21.22,OK,E. Aydin
77.8,1748,3.74,2026-10-30T03:57:00.000,10.11,390.4,1.33,21.3,OK,B. Kaya
,1217,2.96,2026-10-30T04:05:00.000,8.52,354.9,1.52,21.34,WARNING,E. Aydin
82.1,1716,3.75,2026-10-30T04:12:00.000,8.94,392.4,1.57,21.41,OK,C. Yildiz
77,1569,3.86,2026-10-30T04:17:00.000,9.02,401,1.59,21.48,OK,A. Demir
83.4,1661,3.72,2026-10-30T04:21:00.000,10.21,392.8,1.03,21.54,WARNING,B. Kaya
86.8,2520,3.93,2026-10-30T04:24:00.000,12.98,456.5,1.66,21.58,OK,B. Kaya
78.6,800,2.77,2026-10-30T04:26:00.000,6.55,307.2,0.68,21.69,OK,C. Yildiz
80.6,2010,3.66,2026-10-30T04:34:00.000,9.37,434.5,2.38,21.78,OK,A. Demir
80.5,1688,3.8,2026-10-30T04:36:00.000,11.36,386.4,1.6,21.89,OK,A. Demir
83.4,1692,3.84,2026-10-30T04:38:00.000,9.43,385.4,1.44,21.99,OK,C. Yildiz
82.2,1969,3.66,2026-10-30T04:41:00.000,10.01,427.8,1.59,22.08,OK,D. Sahin
79.4,1735,4.27,2026-10-30T04:49:00.000,10.16,379.3,1.58,22.15,OK,C. Yildiz
85.2,2081,3.43,2026-10-30T04:53:00.000,10.76,408.8,1.22,22.19,OK,A. Demir
83.1,2021,4.08,2026-10-30T05:01:00.000,12.26,400.7,1.17,22.27,OK,B. Kaya
79.6,1776,3.87,2026-10-30T05:04:00.000,8.44,385.3,1.3,22.38,OK,D. Sahin
76.8,1866,4.14,2026-10-30T05:12:00.000,9.4,427.9,1.12,22.45,OK,D. Sahin
84.8,2233,4.05,2026-10-30T05:19:00.000,11.24,452.9,1.37,22.56,OK,E. Aydin
82.2,1561,3.54,2026-10-30T05:24:00.000,9.51,368.1,1.83,22.61,OK,A. Demir
73.9,1394,3.79,2026-10-30T05:30:00.000,8.36,338.4,1.11,22.67,OK,B. Kaya
86.2,2252,3.96,2026-10-30T05:37:00.000,12.22,475.1,2.18,22.75,OK,D. Sahin
84.7,2182,4.37,2026-10-30T05:44:00.000,10.01,449,1.55,22.81,OK,E. Aydin
77.4,1522,3.76,2026-10-30T05:49:00.000,7.02,349.4,1.24,22.92,OK,D. Sahin
76.5,2192,3.95,2026-10-30T05:54:00.000,10.76,425,1.26,23.01,OK,B. Kaya
86.1,2572,4.12,2026-10-30T06:00:00.000,11.92,487.9,1.91,23.03,OK,A. Demir
82.9,2867,4.28,2026-10-30T06:06:00.000,13.77,517,1.88,23.1,OK,B. Kaya
82.9,2251,4.64,2026-10-30T06:13:00.000,9.66,442.4,1.67,23.15,OK,A. Demir
79.6,1962,3.61,2026-10-30T06:20:00.000,11.23,406,1.36,23.24,OK,A. Demir
78.4,2357,4.39,2026-10-30T06:24:00.000,12.38,440,1.79,23.29,OK,D. Sahin
85.7,2641,4.4,2026-10-30T06:30:00.000,13.31,505.1,2.04,23.38,OK,E. Aydin
80.1,1554,3.06,2026-10-30T06:37:00.000,8.75,375,1.5,23.4,OK,E. Aydin
82.1,2202,4.67,2026-10-30T06:43:00.000,10.82,456.3,1.37,23.42,OK,A. Demir
82.3,2770,4.88,2026-10-30T06:45:00.000,13.82,479.2,1.8,23.52,OK,C. Yildiz
81,1921,4.35,2026-10-30T06:48:00.000,10.23,407,1.16,23.61,OK,C. Yildiz
83.5,2503,4.44,2026-10-30T06:52:00.000,11.14,461,1.39,23.66,OK,E. Aydin
82,2528,4.09,2026-10-30T06:57:00.000,13.9,449.3,1.96,23.77,OK,C. Yildiz
87.7,3378,4.62,2026-10-30T07:03:00.000,14.57,581.6,2.56,23.86,OK,D. Sahin
82.4,2731,4.45,2026-10-30T07:09:00.000,13.48,492.9,1.6,23.94,OK,E. Aydin
80,2375,4.39,2026-10-30T07:14:00.000,12.58,487,1.66,23.97,OK,A. Demir
83.2,2106,3.3,2026-10-30T07:17:00.000,11.18,419.2,1.45,24.07,OK,B. Kaya
85.5,2586,4.09,2026-10-30T07:23:00.000,12.63,505.8,1.54,24.11,OK,B. Kaya
79,2507,4.16,2026-10-30T07:26:00.000,12.19,460.7,1.7,24.15,OK,B. Kaya
83.1,2086,3.62,2026-10-30T07:32:00.000,10.59,440.1,1.6,24.24,OK,A. Demir
86.3,2611,3.93,2026-10-30T07:35:00.000,12.67,505.9,1.52,24.34,OK,A. Demir
75.1,2526,4.51,2026-10-30T07:40:00.000,12.19,459.1,2.25,24.38,OK,D. Sahin
88.2,2221,4.17,2026-10-30T07:44:00.000,12.88,449,1.51,24.45,OK,B. Kaya
82,2683,4.38,2026-10-30T07:46:00.000,12.58,483.1,1.79,24.57,OK,A. Demir
84.5,2448,4.42,2026-10-30T07:53:00.000,11.03,463.2,1.59,24.66,OK,B. Kaya
82.1,2790,3.99,2026-10-30T08:01:00.000,14.4,492.2,1.83,24.73,OK,D. Sahin
81.8,2854,4.44,2026-10-30T08:07:00.000,13.25,490.4,1.73,24.76,OK,D. Sahin
82.9,2605,3.73,2026-10-30T08:15:00.000,12.9,472.4,1.44,24.87,OK,C. Yildiz
83.2,3146,5.33,2026-10-30T08:20:00.000,14.78,531.4,1.99,24.94,OK,E. Aydin
86.2,2969,4.55,2026-10-30T08:28:00.000,14.59,498.2,1.92,24.96,OK,E. Aydin
87,3386,4.43,2026-10-30T08:36:00.000,16.1,566.2,2.13,25.02,OK,B. Kaya
87.6,3557,4.59,2026-10-30T08:43:00.000,16.92,572.2,2.15,25.1,OK,E. Aydin
79.5,2873,3.65,2026-10-30T08:51:00.000,14.57,517.5,1.61,25.17,OK,E. Aydin
88.7,3886,4.89,2026-10-30T08:53:00.000,17.92,599.5,2.43,25.19,OK,B. Kaya
87.1,2734,4.08,2026-10-30T08:56:00.000,11.88,485.5,2.21,25.3,OK,A. Demir
81,2554,4.8,2026-10-30T09:01:00.000,11.99,474.8,1.42,25.39,OK,C. Yildiz
83.1,2892,4.3,2026-10-30T09:04:00.000,12.85,503.7,1.76,25.42,OK,E. Aydin
87.8,3255,4.9,2026-10-30T09:08:00.000,15.63,541.5,2.12,25.47,OK,C. Yildiz
86.5,2899,4.25,2026-10-30T09:12:00.000,14.33,530.5,2.01,25.55,OK,C. Yildiz
84.6,3169,4.87,2026-10-30T09:14:00.000,15.1,510.7,1.65,25.62,OK,A. Demir
84.6,3255,4.97,2026-10-30T09:17:00.000,13.89,516.7,2.35,25.71,OK,B. Kaya
84.9,3017,4.66,2026-10-30T09:25:00.000,13.21,541,2.25,25.73,OK,C. Yildiz
81.3,3815,5.47,2026-10-30T09:30:00.000,16.11,611.6,1.98,25.78,OK,C. Yildiz
88.4,3003,4.82,2026-10-30T09:37:00.000,15.63,523.5,1.8,25.9,OK,E. Aydin
82.2,3173,4.61,2026-10-30T09:39:00.000,14.31,545.4,2.16,25.93,OK,D. Sahin
79.3,2543,3.75,2026-10-30T09:41:00.000,12.72,457.1,1.53,26.04,OK,D. Sahin
84.4,3576,4.94,2026-10-30T09:48:00.000,15.22,595,2.52,26.13,OK,B. Kaya
80.6,3337,5.63,2026-10-30T09:50:00.000,14.98,551.9,1.76,26.18,OK,B. Kaya
88.7,3415,5.45,2026-10-30T09:56:00.000,15.4,566.2,1.72,26.29,OK,D. Sahin
87.9,3737,4.98,2026-10-30T09:58:00.000,16.01,596.7,1.88,26.34,OK,D. Sahin
84.5,3779,4.8,2026-10-30T10:05:00.000,17.43,558.5,2.05,26.42,OK,B. Kaya
86.2,3219,5.4,2026-10-30T10:12:00.000,14.17,557.8,1.73,26.45,OK,E. Aydin
87.7,3467,4.65,2026-10-30T10:20:00.000,14.91,569.8,1.85,26.55,OK,D. Sahin
90.7,3284,4.56,2026-10-30T10:28:00.000,15.17,549.3,2.88,26.6,OK,D. Sahin
84.7,3037,4.95,2026-10-30T10:32:00.000,14.51,520,1.59,26.65,OK,C. Yildiz
91.3,3018,4.84,2026-10-30T10:34:00.000,13.43,530.3,2.69,26.77,OK,D. Sahin
86.4,3399,4.56,2026-10-30T10:40:00.000,16.02,569.7,1.97,26.87,OK,D. Sahin
85.5,3358,4.64,2026-10-30T10:47:00.000,15.58,546,2.46,26.96,OK,C. Yildiz
88.9,2797,4.17,2026-10-30T10:55:00.000,13.71,485.5,1.56,27.01,OK,A. Demir
89.9,3075,4.54,2026-10-30T11:03:00.000,13.45,535.6,1.74,27.08,OK,D. Sahin
80.9,3441,4.51,2026-10-30T11:11:00.000,15.37,552.4,2.36,27.1,OK,C. Yildiz
81.4,2801,4.53,2026-10-30T11:17:00.000,14.55,495,1.61,27.18,OK,C. Yildiz
87.8,3366,4.54,2026-10-30T11:23:00.000,16.46,552.3,1.96,27.3,OK,A. Demir
86,3340,4.86,2026-10-30T11:27:00.000,15.5,560.7,1.69,27.42,OK,E. Aydin
85.8,3497,5.14,2026-10-30T11:35:00.000,16.42,551.5,1.93,27.52,OK,B. Kaya
86.1,3934,5.26,2026-10-30T11:42:00.000,15.75,633.6,3.18,27.58,WARNING,A. Demir
86.6,3308,4.49,2026-10-30T11:46:00.000,14.78,537.4,1.82,27.65,OK,C. Yildiz
90.3,3671,4.53,2026-10-30T11:54:00.000,18.17,601.9,2.44,27.73,OK,D. Sahin
93.4,3352,4.88,2026-10-30T11:59:00.000,15.21,561.1,1.86,27.85,OK,E. Aydin
79.7,3291,4.83,2026-10-30T12:04:00.000,15.76,526,2.18,27.93,OK,A. Demir
82.9,3118,4.71,2026-10-30T12:07:00.000,14.45,528.5,1.63,27.96,OK,D. Sahin
88.1,3135,4.51,2026-10-30T12:12:00.000,15.07,548.5,1.98,28,OK,C. Yildiz
93.2,3560,4.72,2026-10-30T12:19:00.000,18.93,583.1,2.61,28.07,OK,A. Demir
89.5,3420,5.01,2026-10-30T12:27:00.000,16.93,567.7,1.72,28.14,OK,D. Sahin
87.6,3262,5,2026-10-30T12:30:00.000,15.51,555,2.17,28.21,OK,A. Demir
,2433,3.33,2026-10-30T12:32:00.000,12.87,459.5,1.5,28.3,OK,A. Demir
82.4,3408,4.62,2026-10-30T12:38:00.000,15.19,572.8,2.18,28.33,OK,C. Yildiz
86.4,3764,4.8,2026-10-30T12:44:00.000,16.35,622.6,2.26,28.36,OK,C. Yildiz
86.1,3021,4.96,2026-10-30T12:51:00.000,15.18,505,2.06,28.45,OK,A. Demir
92,3596,5.07,2026-10-30T12:56:00.000,15.98,598.8,2.15,28.53,OK,B. Kaya
83.6,3228,4.38,2026-10-30T13:03:00.000,14.62,551.9,1.61,28.6,OK,E. Aydin
89.7,3910,5.24,2026-10-30T13:08:00.000,17.85,615.6,2.1,28.71,OK,C. Yildiz
88.9,3496,4.43,2026-10-30T13:16:00.000,16.12,579.6,2.42,28.75,OK,C. Yildiz
84.8,3455,5.32,2026-10-30T13:24:00.000,16.22,551.9,1.85,28.82,OK,B. Kaya
85.4,3334,5.1,2026-10-30T13:27:00.000,14.58,576.3,1.95,28.91,OK,B. Kaya
84.7,2999,4.39,2026-10-30T13:33:00.000,15.01,532.6,2.11,28.95,OK,A. Demir
83.8,3712,,2026-10-30T13:41:00.000,16.46,583,1.86,28.99,OK,C. Yildiz
85.9,3047,4.91,2026-10-30T13:46:00.000,15.34,516.8,1.76,29.04,OK,E. Aydin
87.7,3128,4.25,2026-10-30T13:48:00.000,13.54,554.7,2.07,29.07,OK,D. Sahin
90.3,3606,4.79,2026-10-30T13:51:00.000,15.61,561.7,1.81,29.17,OK,A. Demir
88.3,3608,4.72,2026-10-30T13:59:00.000,15.88,582.4,2.65,29.26,OK,B. Kaya
85.7,2963,4.3,2026-10-30T14:07:00.000,12.77,522.9,1.7,29.28,OK,A. Demir
83.3,2819,4.09,2026-10-30T14:12:00.000,14.23,493.5,2.26,29.33,OK,D. Sahin
85.1,3327,4.86,2026-10-30T14:15:00.000,15.18,552.2,2.02,29.37,OK,A. Demir
81.3,3054,4.91,2026-10-30T14:21:00.000,13.84,516.6,1.56,29.45,OK,E. Aydin
91.4,3042,4.19,2026-10-30T14:23:00.000,14.74,531.3,1.79,29.52,OK,D. Sahin
82.7,2379,4.1,2026-10-30T14:25:00.000,12.99,477.1,1.39,29.57,OK,B. Kaya
85.5,2947,4.06,2026-10-30T14:28:00.000,14.16,515.3,1.75,29.61,OK,C. Yildiz
85.4,3528,5,2026-10-30T14:32:00.000,16.88,567,1.76,29.72,OK,D. Sahin
86.3,2546,4.73,2026-10-30T14:35:00.000,12.4,487.1,2.55,29.77,OK,E. Aydin
85.2,2738,4.36,2026-10-30T14:37:00.000,12.14,493.9,1.71,29.8,OK,A. Demir
88.9,3175,,2026-10-30T14:39:00.000,15.51,532.7,2.11,29.85,OK,E. Aydin
88,2750,5.06,2026-10-30T14:44:00.000,13.29,505.3,2.52,29.92,OK,E. Aydin
88.8,3614,4.9,2026-10-30T14:47:00.000,18.65,595.7,1.96,30.04,OK,C. Yildiz
85.6,3201,4.48,2026-10-30T14:49:00.000,17.15,559,2.09,30.08,OK,B. Kaya
83.7,2941,4.45,2026-10-30T14:57:00.000,12.93,501.8,2.33,30.1,OK,E. Aydin
81.3,2803,3.79,2026-10-30T15:01:00.000,13.43,469.6,1.89,30.12,OK,B. Kaya
85.1,3222,4.86,2026-10-30T15:05:00.000,14.6,546.1,1.84,30.18,OK,B. Kaya
83.9,3095,4.15,2026-10-30T15:08:00.000,15.22,520.7,1.79,30.23,OK,A. Demir
85,3104,4.45,2026-10-30T15:12:00.000,14.56,551,2.02,30.25,OK,E. Aydin
91.7,3757,5.19,2026-10-30T15:19:00.000,17.84,589.4,1.88,30.36,OK,C. Yildiz
87.8,2876,4.9,2026-10-30T15:26:00.000,12.59,534.4,1.76,30.46,OK,A. Demir
86.2,2674,4.38,2026-10-30T15:31:00.000,13.75,496.3,1.42,30.51,OK,A. Demir
80.5,3059,4.37,2026-10-30T15:38:00.000,13.76,521.7,1.79,30.58,OK,A. Demir
81.6,2585,3.88,2026-10-30T15:46:00.000,12.77,466.3,1.74,30.66,OK,D. Sahin
80.3,2775,4.44,2026-10-30T15:49:00.000,13.73,490.2,1.92,30.68,OK,C. Yildiz
85.5,2508,4.82,2026-10-30T15:56:00.000,11.79,468.6,2.01,30.8,OK,A. Demir
79.7,2712,4.59,2026-10-30T16:02:00.000,12.03,476.7,2.23,30.82,OK,D. Sahin
77.7,2454,4.28,2026-10-30T16:10:00.000,12.57,479,2.08,30.91,OK,E. Aydin
81.9,1537,2.95,2026-10-30T16:15:00.000,10.36,375,1.61,31.01,OK,E. Aydin
86.5,2852,3.2,2026-10-30T16:17:00.000,12.82,519.4,1.51,31.12,OK,A. Demir
83,2398,,2026-10-30T16:25:00.000,10.55,447.3,1.61,31.16,OK,D. Sahin
86.7,2851,4.87,2026-10-30T16:27:00.000,14.52,517.9,1.53,31.23,OK,E. Aydin
81.4,2369,4.13,2026-10-30T16:33:00.000,12.01,441,2.02,31.28,OK,A. Demir
77.9,1541,3.64,2026-10-30T16:35:00.000,9.48,371.6,0.96,31.33,OK,B. Kaya
85.3,2346,4.48,2026-10-30T16:40:00.000,11.69,477.9,1.83,31.37,OK,E. Aydin
81,1843,4.11,2026-10-30T16:42:00.000,9.39,391.9,1.76,31.42,OK,E. Aydin
84.5,2278,3.67,2026-10-30T16:46:00.000,13.5,443,1.27,31.5,OK,D. Sahin
83.1,2083,3.83,2026-10-30T16:50:00.000,12.11,455.5,1.67,31.54,OK,B. Kaya
81.4,2160,,2026-10-30T16:52:00.000,9.15,435.1,1.65,31.66,OK,B. Kaya
79.5,1935,3.34,2026-10-30T17:00:00.000,9.69,432.2,1.54,31.72,OK,B. Kaya
85.6,1960,3.46,2026-10-30T17:08:00.000,9.87,429.3,1.4,31.78,OK,D. Sahin
81.5,2134,3.68,2026-10-30T17:16:00.000,10.26,424.9,1.9,31.8,OK,C. Yildiz
84.6,2353,3.94,2026-10-30T17:21:00.000,12.31,463.2,1.35,31.89,OK,E. Aydin
84.8,2187,4.26,2026-10-30T17:23:00.000,9.94,449.9,1.54,31.93,OK,E. Aydin
83.2,2329,3.89,2026-10-30T17:26:00.000,11.13,478.8,1.76,32.04,OK,E. Aydin
80.6,1775,3.56,2026-10-30T17:30:00.000,9.65,419.7,1.45,32.11,OK,E. Aydin
85.1,1849,4.3,2026-10-30T17:38:00.000,9.91,397,1.52,32.14,OK,B. Kaya
75.9,1976,4.17,2026-10-30T17:40:00.000,9.88,440.1,1.54,32.18,OK,C. Yildiz
80.2,1816,4.05,2026-10-30T17:46:00.000,8.99,389.8,1.35,32.23,OK,B. Kaya
77.6,1954,3.96,2026-10-30T17:53:00.000,9.92,429.3,2.43,32.35,OK,E. Aydin
82.3,1439,3.28,2026-10-30T17:55:00.000,8.33,381.1,1.27,32.42,OK,D. Sahin
82.5,2318,3.78,2026-10-30T18:00:00.000,11.38,434,1.32,32.52,OK,E. Aydin
80.7,2134,4.22,2026-10-30T18:03:00.000,10.27,444.2,1.67,32.6,OK,E. Aydin
78.6,1725,3.87,2026-10-30T18:06:00.000,9.02,400.1,1.1,32.67,OK,C. Yildiz
81.9,2038,4.06,2026-10-30T18:13:00.000,11.18,426.9,1.33,32.72,OK,C. Yildiz
79,1983,4.24,2026-10-30T18:20:00.000,9.06,397.2,1.12,32.81,OK,C. Yildiz
84,2030,4.22,2026-10-30T18:22:00.000,10.35,416.5,1.33,32.86,OK,C. Yildiz
80.5,1913,4.32,2026-10-30T18:25:00.000,10.09,389.4,1.73,32.97,OK,B. Kaya
80,1577,3.64,2026-10-30T18:31:00.000,8.38,384.9,0.97,33.01,OK,C. Yildiz
77.6,1402,2.88,2026-10-30T18:37:00.000,7.72,344.2,1.55,33.04,OK,D. Sahin
81.7,1482,3.75,2026-10-30T18:39:00.000,9.28,401.3,1.28,33.11,OK,D. Sahin
81.3,1964,3.4,2026-10-30T18:45:00.000,10.45,419.9,1.2,33.15,OK,B. Kaya
79,1787,3.98,2026-10-30T18:53:00.000,9.73,380.5,2.08,33.24,OK,A. Demir
86.2,1325,3.11,2026-10-30T19:01:00.000,9.24,370.7,0.9,33.31,OK,B. Kaya
79.6,1614,3.9,2026-10-30T19:03:00.000,8.13,394.6,1.33,33.4,OK,B. Kaya
75.4,1131,3.89,2026-10-30T19:05:00.000,8.43,327.6,1.01,33.45,OK,B. Kaya
73.1,1165,3.84,2026-10-30T19:13:00.000,7.51,330.3,1.63,33.54,OK,E. Aydin
83.8,1421,3.75,2026-10-30T19:20:00.000,7.05,389.1,1.68,33.59,OK,C. Yildiz
74.9,800,3.13,2026-10-30T19:23:00.000,7.43,330.5,0.93,33.68,OK,D. Sahin
72.4,1336,3.75,2026-10-30T19:29:00.000,8.2,377.1,1.02,33.8,OK,E. Aydin
81.4,800,2.77,2026-10-30T19:31:00.000,6.65,300.4,1.22,33.83,OK,B. Kaya
81.5,1132,3.3,2026-10-30T19:36:00.000,7.35,369.4,1.36,33.87,OK,D. Sahin
81.3,1270,4.03,2026-10-30T19:40:00.000,7.64,342.1,0.88,33.9,OK,E. Aydin
81.3,1207,3.64,2026-10-30T19:45:00.000,6.68,374.1,1.04,33.93,OK,C. Yildiz
78.3,800,3.53,2026-10-30T19:52:00.000,7.19,319.7,1.15,34.05,OK,E. Aydin
78.9,1083,2.82,2026-10-30T19:55:00.000,6.97,354.9,1.16,34.1,OK,B. Kaya
75.2,1047,3.8,2026-10-30T19:57:00.000,7.78,323.3,1.41,34.2,OK,A. Demir
79.4,1419,3.17,2026-10-30T20:02:00.000,8.51,371.4,1.79,34.3,OK,A. Demir
77.1,1274,3.53,2026-10-30T20:07:00.000,7.11,363.9,1.4,34.35,OK,A. Demir
77.2,1129,2.99,2026-10-30T20:12:00.000,6.7,333.2,1.53,34.43,OK,E. Aydin
74.3,1082,3.81,2026-10-30T20:20:00.000,6.96,318.3,1,34.47,OK,B. Kaya
81,1520,3.89,2026-10-30T20:26:00.000,8.1,381,1.26,34.57,OK,D. Sahin
73.3,1342,3.18,2026-10-30T20:28:00.000,8.83,337.4,0.99,34.61,OK,E. Aydin
78.7,1510,3.54,2026-10-30T20:32:00.000,8.15,357.1,1.24,34.67,OK,D. Sahin
75.8,942,3.3,2026-10-30T20:35:00.000,8.78,312.5,0.92,34.73,OK,A. Demir
77.4,979,3.54,2026-10-30T20:43:00.000,7.46,341.1,0.86,34.83,OK,C. Yildiz
76,800,3.4,2026-10-30T20:47:00.000,5.77,338.7,0.82,34.94,OK,E. Aydin
80.5,1113,3.55,2026-10-30T20:55:00.000,7.82,330.5,0.91,35.01,OK,D. Sahin
78.4,1394,3.07,2026-10-30T21:00:00.000,9.37,390,1.1,35.05,OK,A. Demir
76.1,1182,2.81,2026-10-30T21:05:00.000,7.52,308.4,1.22,35.12,OK,E. Aydin
73.2,1039,4.01,2026-10-30T21:09:00.000,8.95,343.4,1.54,35.17,OK,E. Aydin
,953,3.1,2026-10-30T21:14:00.000,7.77,350.6,0.93,35.2,OK,D. Sahin
77.7,800,2.67,2026-10-30T21:17:00.000,4.76,324,0.75,35.27,OK,B. Kaya
80.7,800,3.94,2026-10-30T21:23:00.000,4.98,301.7,0.93,35.29,WARNING,D. Sahin
82.2,1733,3.52,2026-10-30T21:30:00.000,9.67,397.8,1.46,35.39,OK,B. Kaya
78.6,1236,3.48,2026-10-30T21:32:00.000,8.66,348.4,1.03,35.46,OK,C. Yildiz
75.5,899,3.43,2026-10-30T21:37:00.000,5.36,322.8,0.88,35.51,OK,C. Yildiz
80.4,1964,3.64,2026-10-30T21:45:00.000,10.67,438.5,1.35,35.54,OK,E. Aydin
75.5,1038,3.31,2026-10-30T21:52:00.000,8.13,331.5,1.12,35.58,OK,C. Yildiz
75.8,800,3.15,2026-10-30T21:54:00.000,5.39,325.1,4.86,35.68,OK,D. Sahin
80.7,1366,3.43,2026-10-30T21:58:00.000,8.57,380.3,1.97,35.79,OK,D. Sahin
77.1,1084,3,2026-10-30T22:02:00.000,9.34,347.1,0.82,35.88,OK,C. Yildiz
71.9,991,2.73,2026-10-30T22:08:00.000,7.81,339.9,0.89,35.99,OK,E. Aydin
79.3,1275,3.79,2026-10-30T22:15:00.000,7.19,324.4,1.1,36.01,OK,A. Demir
76.5,1091,3.48,2026-10-30T22:20:00.000,7,357.8,0.86,36.12,OK,B. Kaya
76.6,1606,3.28,2026-10-30T22:22:00.000,8.48,396,1.31,36.24,OK,A. Demir
76.7,800,3.12,2026-10-30T22:28:00.000,6.67,304,0.65,36.35,OK,A. Demir
73.3,800,2.94,2026-10-30T22:35:00.000,6.99,341.1,0.81,36.46,OK,D. Sahin
77.7,1104,3.64,2026-10-30T22:42:00.000,6.58,348.5,1.1,36.51,OK,E. Aydin
73.6,800,3.94,2026-10-30T22:50:00.000,6.77,297.4,0.75,36.56,OK,E. Aydin
76.5,951,3.64,2026-10-30T22:55:00.000,6.57,339.2,0.76,36.62,OK,B. Kaya
74.8,807,3.08,2026-10-30T22:59:00.000,4.87,304,1.36,36.66,OK,E. Aydin
77.3,800,3.56,2026-10-30T23:02:00.000,6.52,296.8,1.19,36.71,OK,E. Aydin
72.2,809,3.1,2026-10-30T23:08:00.000,5.51,298.9,1.26,36.81,OK,E. Aydin
72.7,800,4.45,2026-10-30T23:11:00.000,6.05,305.6,0.66,36.91,OK,A. Demir
80.4,1210,3.68,2026-10-30T23:19:00.000,8.63,363.2,1.08,36.93,OK,D. Sahin
81.2,1142,3.26,2026-10-30T23:22:00.000,6.46,345.5,0.86,36.96,OK,E. Aydin
75.5,908,3.65,2026-10-30T23:29:00.000,7.32,314.5,1.6,37,OK,B. Kaya
74.8,1037,3.49,2026-10-30T23:36:00.000,6.24,343.7,0.91,37.03,OK,C. Yildiz
72.9,1273,3.01,2026-10-30T23:44:00.000,8.93,355.5,1.74,37.06,OK,A. Demir
77.3,1294,3.27,2026-10-30T23:47:00.000,8.84,358.2,0.97,37.1,OK,D. Sahin
78,1299,3.54,2026-10-30T23:49:00.000,8.68,356.1,0.98,37.22,OK,A. Demir
78.5,1021,2.86,2026-10-30T23:52:00.000,7.35,351.4,0.74,37.29,OK,B. Kaya
78.2,1019,3.55,2026-10-30T23:54:00.000,6.81,304.4,1.01,37.36,OK,E. Aydin
72.3,1300,3.96,2026-10-30T23:57:00.000,10.06,358,1.16,37.44,OK,E. Aydin
73.3,800,2.86,2026-10-31T00:05:00.000,7.06,316.9,0.91,37.55,OK,A. Demir
82.4,1423,4.12,2026-10-31T00:07:00.000,9.12,367,1.45,37.59,OK,A. Demir
78.2,1226,3.04,2026-10-31T00:13:00.000,9.25,353.8,1.48,37.68,OK,B. Kaya
77.2,800,3.23,2026-10-31T00:21:00.000,5.77,321.3,1.31,37.75,OK,C. Yildiz
81.1,1415,3.76,2026-10-31T00:26:00.000,9.29,336.4,1.09,37.8,OK,C. Yildiz
75,1161,3.78,2026-10-31T00:28:00.000,7.38,337.1,0.9,37.85,OK,A. Demir
76.6,1159,3.7,2026-10-31T00:31:00.000,6.77,344.5,0.85,37.88,OK,D. Sahin
80.6,1627,4.31,2026-10-31T00:34:00.000,9.09,370.8,1.33,37.99,OK,A. Demir
81.1,1682,3.61,2026-10-31T00:41:00.000,10.12,394.2,1.5,38.11,OK,C. Yildiz
75.7,876,3.54,2026-10-31T00:43:00.000,4.49,327.9,1,38.16,OK,E. Aydin
77.1,1478,4.09,2026-10-31T00:48:00.000,9.64,359.7,1.92,38.26,OK,B. Kaya
77.2,1182,3.93,2026-10-31T00:56:00.000,8.06,343,1.56,38.34,OK,A. Demir
76.9,1134,3.51,2026-10-31T01:00:00.000,7.38,302.5,0.89,38.39,OK,E. Aydin
87.3,2092,3.14,2026-10-31T01:05:00.000,10.27,433.4,1.73,38.46,OK,A. Demir
83.3,1931,4.04,2026-10-31T01:09:00.000,11.85,411.9,1.35,38.51,OK,C. Yildiz
75.2,800,3.14,2026-10-31T01:17:00.000,6.06,290,0.66,38.63,OK,C. Yildiz
83.2,1546,3.68,2026-10-31T01:23:00.000,6.46,376,0.98,38.69,OK,E. Aydin
82.3,1569,4.15,2026-10-31T01:26:00.000,8.33,373.3,1.2,38.73,OK,A. Demir
87.5,2106,4.31,2026-10-31T01:34:00.000,12.66,461.4,1.73,38.78,OK,C. Yildiz
80.2,1373,3.66,2026-10-31T01:37:00.000,8.38,356,1.46,38.86,OK,B. Kaya
82.4,1458,3.84,2026-10-31T01:43:00.000,6.89,370.8,1.41,38.96,OK,A. Demir
77.6,1851,3.86,2026-10-31T01:49:00.000,10.38,396,1.33,39.06,OK,E. Aydin
81.7,1375,3.42,2026-10-31T01:55:00.000,9.81,362.3,1.19,39.13,OK,D. Sahin
83.8,2378,4.28,2026-10-31T02:00:00.000,12.91,486.6,1.51,39.23,OK,D. Sahin
78.9,1529,3.92,2026-10-31T02:03:00.000,9.07,384.1,1.38,39.33,OK,D. Sahin
82.6,1871,4.14,2026-10-31T02:10:00.000,9.49,399.6,1.08,39.38,OK,B. Kaya
78,1554,3.89,2026-10-31T02:17:00.000,8.68,349.3,1.43,39.43,OK,B. Kaya
81.8,1821,3.17,2026-10-31T02:21:00.000,8.34,435,1.59,39.53,OK,D. Sahin
82.3,1506,3.74,2026-10-31T02:29:00.000,8.7,385.7,1.25,39.55,OK,A. Demir
78.9,1218,3.28,2026-10-31T02:33:00.000,7.64,348.9,1.44,39.64,OK,B. Kaya
78.5,1674,3.56,2026-10-31T02:36:00.000,10.32,417.1,1.26,39.75,OK,A. Demir
79.3,1849,3.89,2026-10-31T02:44:00.000,8.08,404.1,1.76,39.84,OK,C. Yildiz
80,1975,3.95,2026-10-31T02:48:00.000,9.96,431.2,1.39,39.92,OK,A. Demir
76.9,1774,4.04,2026-10-31T02:53:00.000,10.46,403.3,1.41,39.97,OK,B. Kaya
85.6,2163,4.24,2026-10-31T02:57:00.000,10.27,435.4,1.54,40.04,OK,E. Aydin
83.3,2120,3.89,2026-10-31T03:05:00.000,10.2,427.5,1.4,40.11,OK,C. Yildiz
78.8,1438,3.99,2026-10-31T03:10:00.000,9.47,373.1,0.98,40.16,OK,E. Aydin
82.3,2331,4.12,2026-10-31T03:13:00.000,12.46,454.1,1.69,40.2,OK,A. Demir
81.4,2522,4.48,2026-10-31T03:15:00.000,10.41,478.4,1.39,40.27,OK,A. Demir
79.1,1751,3.84,2026-10-31T03:21:00.000,8.94,393.7,1.69,40.37,OK,A. Demir
80.8,2200,4.26,2026-10-31T03:28:00.000,11.47,427.9,1.31,40.42,OK,E. Aydin
84.1,2533,4.1,2026-10-31T03:33:00.000,13.54,494.1,1.6,40.5,OK,C. Yildiz
77.1,2110,4.18,2026-10-31T03:38:00.000,11.23,434.1,1.76,40.56,OK,B. Kaya
82.9,2087,3.22,2026-10-31T03:45:00.000,11.15,419.4,1.44,40.64,OK,B. Kaya
77.1,2174,4.32,2026-10-31T03:51:00.000,12.88,423.1,1.33,40.72,OK,E. Aydin
87.5,2900,3.9,2026-10-31T03:56:00.000,14.43,516.9,1.68,40.77,OK,B. Kaya
84.8,2710,4.33,2026-10-31T04:03:00.000,12.55,497.9,1.69,40.89,OK,B. Kaya
84.1,2897,4.8,2026-10-31T04:07:00.000,14.26,534.6,2.16,41,OK,C. Yildiz
80.4,2668,4.08,2026-10-31T04:12:00.000,11.93,470,1.81,41.07,OK,E. Aydin
83.8,2734,4.64,2026-10-31T04:14:00.000,12.02,526.8,1.63,41.14,OK,D. Sahin
83.6,2503,4.12,2026-10-31T04:17:00.000,13.28,481.6,2.11,41.23,OK,A. Demir
75.9,1802,4.05,2026-10-31T04:20:00.000,10.54,401.8,1.65,41.25,OK,A. Demir
81,2519,4.21,2026-10-31T04:26:00.000,14.49,463.2,1.6,41.34,OK,D. Sahin
85,3177,4.56,2026-10-31T04:28:00.000,15.45,536.9,2.01,41.38,OK,B. Kaya
81.9,2514,4.01,2026-10-31T04:35:00.000,11.26,497.1,1.99,41.45,OK,D. Sahin
,2602,4.02,2026-10-31T04:37:00.000,13.24,473.9,1.91,41.52,WARNING,B. Kaya
85,2732,4.41,2026-10-31T04:41:00.000,11.77,501,2.08,41.59,OK,D. Sahin
82.9,1768,3.84,2026-10-31T04:43:00.000,9.96,402.2,1.31,41.68,OK,B. Kaya
88.1,2807,4.32,2026-10-31T04:51:00.000,15.76,513,1.99,41.72,OK,E. Aydin
80.5,2562,4.21,2026-10-31T04:57:00.000,12.48,455.1,2.46,41.79,OK,B. Kaya
82.9,2492,3.9,2026-10-31T05:04:00.000,11.56,490.3,1.48,41.9,OK,D. Sahin
82.3,2456,4.39,2026-10-31T05:12:00.000,13.85,470.9,1.82,41.94,OK,D. Sahin
87.3,2344,3.85,2026-10-31T05:16:00.000,12.31,464.1,1.57,42.02,OK,C. Yildiz
83.7,2518,4.93,2026-10-31T05:22:00.000,11.91,496.5,1.98,42.05,OK,D. Sahin
85.1,3030,4.95,2026-10-31T05:25:00.000,12.17,544.3,1.98,42.16,OK,D. Sahin
79.3,2270,4.06,2026-10-31T05:30:00.000,12.46,445.5,1.81,42.25,OK,B. Kaya
85.2,2560,4.07,2026-10-31T05:35:00.000,13.04,499.8,1.67,42.33,OK,B. Kaya
86.5,3383,5.01,2026-10-31T05:42:00.000,14.86,563.7,1.82,42.41,OK,C. Yildiz
82.7,2436,4.11,2026-10-31T05:46:00.000,12.32,493.6,1.57,42.43,OK,D. Sahin
93.8,3358,4.75,2026-10-31T05:50:00.000,14.49,603.7,1.69,42.46,OK,C. Yildiz
87.9,2930,4.5,2026-10-31T05:55:00.000,13.76,544.3,2.27,42.52,WARNING,E. Aydin
84.5,2538,4.74,2026-10-31T06:01:00.000,11.39,455.5,2.16,42.63,OK,D. Sahin
85.1,2991,4.77,2026-10-31T06:08:00.000,13.68,532,2.17,42.72,OK,D. Sahin
88.8,3138,4.74,2026-10-31T06:13:00.000,16.17,532.5,2.08,42.8,OK,C. Yildiz
81.3,2416,4.38,2026-10-31T06:21:00.000,11.99,473.3,1.4,42.9,OK,C. Yildiz
87.2,3216,4.37,2026-10-31T06:24:00.000,14.87,540.9,1.71,42.98,OK,E. Aydin
85.4,2961,4.06,2026-10-31T06:28:00.000,16.04,497.7,1.95,43.1,OK,D. Sahin
85.6,2522,4.43,2026-10-31T06:32:00.000,12.7,463.2,1.51,43.13,OK,D. Sahin
86.7,3270,4.49,2026-10-31T06:36:00.000,14.49,541.9,2.46,43.16,OK,E. Aydin
84.7,2502,,2026-10-31T06:41:00.000,12.04,470.4,1.73,43.24,OK,E. Aydin
86.5,3523,4.56,2026-10-31T06:49:00.000,15.97,542.8,1.77,43.29,OK,A. Demir
88.9,3531,4.32,2026-10-31T06:54:00.000,14.99,556.4,1.89,43.4,OK,B. Kaya
88.5,3171,3.55,2026-10-31T07:00:00.000,13.33,563.4,1.77,43.49,OK,C. Yildiz
84.9,3181,4.43,2026-10-31T07:04:00.000,14.98,524,2.37,43.59,OK,E. Aydin
84.7,2816,4.42,2026-10-31T07:09:00.000,13.7,502.5,1.55,43.61,OK,A. Demir
88.7,3397,4.54,2026-10-31T07:17:00.000,16.04,565.9,2.63,43.69,OK,B. Kaya
84.6,,4.29,2026-10-31T07:21:00.000,15.42,548,2.05,43.8,OK,B. Kaya
88.7,3989,4.95,2026-10-31T07:25:00.000,18.42,616.5,2.29,43.87,OK,E. Aydin
86.8,3249,4.37,2026-10-31T07:27:00.000,14.84,547.6,2.43,43.94,OK,E. Aydin
85.8,3278,5.28,2026-10-31T07:29:00.000,14.43,543,2.62,44.03,OK,A. Demir
83.3,2973,5.23,2026-10-31T07:35:00.000,14.56,498.6,2.56,44.08,OK,A. Demir
83.1,3123,4.85,2026-10-31T07:41:00.000,13.6,541.9,2.25,44.12,OK,C. Yildiz
85.4,3592,5.65,2026-10-31T07:43:00.000,15.14,558.8,2.39,44.15,OK,A. Demir
86.8,3086,4.76,2026-10-31T07:45:00.000,13.93,525.5,2.08,44.23,OK,E. Aydin
90.4,3517,4.41,2026-10-31T07:48:00.000,16.53,557,2.63,44.31,OK,A. Demir
85.1,3796,4.31,2026-10-31T07:50:00.000,17.68,579.3,2.4,44.37,OK,D. Sahin
83.7,3348,4.75,2026-10-31T07:56:00.000,14.83,585.7,2.49,44.42,OK,B. Kaya
86.1,3032,4.71,2026-10-31T08:02:00.000,14.11,498.2,2.61,44.52,OK,D. Sahin
87.3,3286,4.4,2026-10-31T08:07:00.000,16.33,539.5,2.49,44.63,OK,B. Kaya
89.7,4443,4.86,2026-10-31T08:11:00.000,17.53,626.2,2.82,44.74,OK,B. Kaya
85,3263,4.37,2026-10-31T08:17:00.000,15.3,574.8,2.28,44.77,OK,B. Kaya
85.9,3170,3.98,2026-10-31T08:23:00.000,13.13,562.1,2.38,44.88,OK,D. Sahin
80.4,2751,4.43,2026-10-31T08:25:00.000,13.35,495.7,1.82,44.99,OK,C. Yildiz
84.1,3602,5.2,2026-10-31T08:28:00.000,17.72,575,2.1,45.08,OK,C. Yildiz
83.4,3409,4.91,2026-10-31T08:30:00.000,16.09,537.7,2.08,45.12,OK,E. Aydin
89.3,3531,4.76,2026-10-31T08:38:00.000,14.56,564,2.36,45.16,OK,E. Aydin
86.7,3079,4.45,2026-10-31T08:44:00.000,14.92,527.1,1.7,45.24,OK,C. Yildiz
88.8,3727,4.57,2026-10-31T08:52:00.000,16.77,590.6,1.97,45.28,OK,E. Aydin
87.6,4019,5.23,2026-10-31T08:58:00.000,17.87,597.8,2.99,45.34,OK,E. Aydin
88.8,3368,4.4,2026-10-31T09:00:00.000,16.68,571.5,1.77,45.41,OK,A. Demir
89.2,3346,4.19,2026-10-31T09:03:00.000,15.38,580.6,1.9,45.47,OK,A. Demir
88.4,3459,5.35,2026-10-31T09:07:00.000,14.94,577.2,1.77,45.56,OK,C. Yildiz
88.4,2986,4.67,2026-10-31T09:12:00.000,13.93,506.9,2.23,45.65,OK,E. Aydin
84.3,3769,5.13,2026-10-31T09:16:00.000,17.51,598.1,2.21,45.7,OK,D. Sahin
87.7,3637,4.74,2026-10-31T09:22:00.000,17.62,610.4,2.16,45.81,OK,C. Yildiz
81,3304,4.34,2026-10-31T09:29:00.000,14.05,535,1.74,45.83,OK,E. Aydin
88.7,3287,4.28,2026-10-31T09:35:00.000,16.26,563.4,1.78,45.91,OK,C. Yildiz
85.8,3618,4.58,2026-10-31T09:39:00.000,16.68,599.1,1.95,45.97,OK,C. Yildiz
80.8,2639,3.6,2026-10-31T09:47:00.000,12.4,499.7,2.22,46,OK,E. Aydin
92.3,3710,5.27,2026-10-31T09:49:00.000,17.6,586,2.55,46.1,OK,B. Kaya
89.9,3072,4,2026-10-31T09:52:00.000,13.55,499.3,1.61,46.15,OK,A. Demir
92.5,3798,4.87,2026-10-31T09:58:00.000,16.58,592.7,3.08,46.27,WARNING,C. Yildiz
88.9,3017,4.01,2026-10-31T10:00:00.000,14.8,526.2,2.13,46.38,OK,D. Sahin
84.6,3208,4.57,2026-10-31T10:06:00.000,14.48,519.8,2.27,46.45,OK,B. Kaya
86.3,2970,4.47,2026-10-31T10:10:00.000,13.34,505.3,1.98,46.56,OK,E. Aydin
83.1,3712,5.36,2026-10-31T10:18:00.000,16.31,593.2,2.02,46.63,OK,D. Sahin
86.5,3224,4.15,2026-10-31T10:23:00.000,16.2,543.1,1.79,46.73,OK,C. Yildiz
88.1,3417,5.13,2026-10-31T10:29:00.000,15.61,554.4,1.93,46.83,OK,A. Demir
83.4,2497,4.74,2026-10-31T10:37:00.000,10.93,496.4,1.49,46.87,OK,D. Sahin
88.1,3073,4.6,2026-10-31T10:41:00.000,14.87,514.5,1.63,46.93,OK,D. Sahin
85.1,2537,4.71,2026-10-31T10:46:00.000,11.98,481.3,1.82,47.04,OK,C. Yildiz
86.5,2594,3.77,2026-10-31T10:52:00.000,13.17,475.5,1.36,47.12,OK,A. Demir
85.5,3063,4.59,2026-10-31T10:56:00.000,13.46,536.8,1.8,47.2,OK,B. Kaya
88.6,3122,4.54,2026-10-31T11:01:00.000,14.98,571,1.99,47.24,OK,A. Demir
86.8,2879,4.47,2026-10-31T11:04:00.000,13.95,506.1,2.46,47.32,OK,B. Kaya
83.2,3081,5.01,2026-10-31T11:07:00.000,14.63,534.8,2.17,47.41,OK,B. Kaya
81,2600,4.78,2026-10-31T11:14:00.000,12.27,461.6,2.1,47.5,OK,B. Kaya
77.4,2841,4.71,2026-10-31T11:20:00.000,14.01,502.1,1.51,47.58,OK,C. Yildiz
81.2,2931,3.95,2026-10-31T11:27:00.000,15.62,550.6,2.56,47.68,OK,D. Sahin
82.8,2614,4.14,2026-10-31T11:34:00.000,11.51,503.5,1.93,47.7,OK,C. Yildiz
88.2,3537,4.69,2026-10-31T11:37:00.000,16.91,599.5,2.04,47.79,OK,D. Sahin
86.5,3059,4.58,2026-10-31T11:45:00.000,13.52,537.1,2.84,47.88,OK,C. Yildiz
83.8,2542,4.47,2026-10-31T11:48:00.000,12.89,492.9,1.7,47.94,OK,A. Demir
78.7,3226,4.84,2026-10-31T11:50:00.000,14.9,539.9,1.76,48.05,OK,D. Sahin
85.2,2980,4.75,2026-10-31T11:56:00.000,12.63,513.5,1.55,48.15,OK,C. Yildiz
80.3,2504,4.47,2026-10-31T12:00:00.000,12.67,481.7,1.89,48.21,OK,D. Sahin
85.5,2831,4.24,2026-10-31T12:03:00.000,14.33,523.2,1.7,48.28,OK,D. Sahin
88.1,2907,4.59,2026-10-31T12:11:00.000,14.81,509.4,1.88,48.39,OK,A. Demir
82.7,2776,4.58,2026-10-31T12:19:00.000,13.2,497,1.68,48.47,OK,A. Demir
83.1,2338,5.1,2026-10-31T12:22:00.000,12.19,441.3,1.64,48.53,OK,B. Kaya
83.5,2385,4.14,2026-10-31T12:28:00.000,10.54,464.5,1.84,48.61,OK,B. Kaya
85.4,2626,4.23,2026-10-31T12:35:00.000,13.19,501.7,2.4,48.71,OK,A. Demir
81.9,2617,4.66,2026-10-31T12:42:00.000,12.1,504,2.16,48.76,OK,C. Yildiz
84,1762,4.15,2026-10-31T12:45:00.000,9.09,416,1.42,48.88,OK,B. Kaya
83.1,2988,4.74,2026-10-31T12:48:00.000,13.23,477.6,2.4,48.93,OK,B. Kaya
82.1,3037,4.19,2026-10-31T12:53:00.000,14.25,520.3,2.12,49.05,OK,C. Yildiz
,2420,3.95,2026-10-31T13:00:00.000,9.47,464,1.51,49.1,OK,E. Aydin
81,2712,4.26,2026-10-31T13:07:00.000,13.13,503.3,1.45,49.2,WARNING,D. Sahin
84.3,2899,4.48,2026-10-31T13:11:00.000,12.7,506,1.97,49.23,OK,C. Yildiz
82.8,2829,4.57,2026-10-31T13:19:00.000,13.05,512.3,2.2,49.31,OK,E. Aydin
81.5,2647,3.96,2026-10-31T13:21:00.000,13.37,484,1.47,49.41,OK,E. Aydin
85.7,2527,4.04,2026-10-31T13:25:00.000,11.94,476.2,1.68,49.52,OK,E. Aydin
79.8,2662,4.21,2026-10-31T13:31:00.000,12.87,455.7,1.85,49.59,OK,E. Aydin
82.9,2539,4.43,2026-10-31T13:34:00.000,12.38,483.2,1.57,49.65,OK,E. Aydin
82.6,2332,4.32,2026-10-31T13:40:00.000,11.69,471.5,1.26,49.76,OK,A. Demir
80,1793,4.41,2026-10-31T13:47:00.000,12.11,427.8,1.88,49.8,OK,E. Aydin
84.4,2360,4.39,2026-10-31T13:49:00.000,10.68,464.4,1.71,49.91,OK,C. Yildiz
80.5,1814,3.01,2026-10-31T13:55:00.000,9.38,429.8,1.75,49.99,OK,C. Yildiz
85.4,2149,3.91,2026-10-31T13:57:00.000,12.08,401.9,1.58,50.02,OK,D. Sahin
86.4,2164,4.47,2026-10-31T14:00:00.000,11.24,457.3,1.46,50.06,WARNING,E. Aydin
80.3,2396,3.68,2026-10-31T14:05:00.000,11.74,454.7,1.74,50.12,OK,E. Aydin
78.5,1677,4.33,2026-10-31T14:11:00.000,9.97,408.5,1.72,50.18,OK,C. Yildiz
87.1,2323,4.36,2026-10-31T14:17:00.000,10.4,449.5,1.5,50.26,OK,D. Sahin
84.5,2490,4.37,2026-10-31T14:21:00.000,11.03,496.5,1.57,50.33,OK,C. Yildiz
81.6,2734,4.63,2026-10-31T14:27:00.000,13.71,506.3,1.53,50.39,OK,E. Aydin
85.4,2662,4.22,2026-10-31T14:32:00.000,14.18,478.8,2.36,50.45,OK,E. Aydin
74.6,1956,4.32,2026-10-31T14:36:00.000,9.51,422.6,1.36,50.49,OK,B. Kaya
78.6,1190,3.26,2026-10-31T14:43:00.000,7.73,364.9,1.03,50.56,OK,D. Sahin
73.5,1527,3.84,2026-10-31T14:48:00.000,8.62,391.8,1.31,50.68,OK,B. Kaya
81.4,1813,4.02,2026-10-31T14:53:00.000,10.08,405.4,1.54,50.76,OK,C. Yildiz
81.5,2162,4.11,2026-10-31T15:01:00.000,9.9,413.9,2.08,0.09,OK,C. Yildiz
77.8,1590,4.23,2026-10-31T15:04:00.000,8.23,389.7,1.07,0.14,OK,D. Sahin
77.9,1305,3.87,2026-10-31T15:12:00.000,10.12,352.8,1.54,0.19,OK,B. Kaya
78.5,1196,2.98,2026-10-31T15:19:00.000,5.72,338.8,1.54,0.21,OK,C. Yildiz
80.7,1913,3.76,2026-10-31T15:21:00.000,8.98,427.6,1.84,0.33,OK,D. Sahin
77.2,1676,,2026-10-31T15:27:00.000,8.49,401.4,1.38,0.4,OK,D. Sahin
84.8,2383,4.27,2026-10-31T15:32:00.000,12.5,493.1,2.16,0.48,OK,D. Sahin
76.5,1288,3.54,2026-10-31T15:38:00.000,7.75,358.7,0.98,0.59,OK,E. Aydin
81,1511,3.78,2026-10-31T15:45:00.000,7.15,379.8,1.04,0.62,OK,B. Kaya
83.5,2111,4.11,2026-10-31T15:52:00.000,11.26,432.9,1.36,0.72,OK,E. Aydin
79.5,1976,3.71,2026-10-31T15:57:00.000,11.75,421.2,1.5,0.84,OK,B. Kaya
80.6,1155,3.69,2026-10-31T16:05:00.000,8.19,364.1,0.84,0.88,OK,D. Sahin
71.4,800,3.77,2026-10-31T16:13:00.000,7.82,294.1,1.35,0.9,OK,A. Demir
78.8,1308,3.57,2026-10-31T16:15:00.000,7.86,351.4,0.85,0.97,OK,C. Yildiz
76,1066,2.78,2026-10-31T16:23:00.000,8.09,358.3,1.17,1.02,OK,D. Sahin
76.1,1356,3.27,2026-10-31T16:31:00.000,10.17,384.5,1.28,1.05,OK,E. Aydin
74.1,1315,3.82,2026-10-31T16:34:00.000,7.9,368.5,0.89,1.11,OK,E. Aydin
85,1565,2.87,2026-10-31T16:36:00.000,9.69,394.3,1.06,1.14,OK,B. Kaya
80.7,1196,3.33,2026-10-31T16:39:00.000,6.71,337.5,2.14,1.19,OK,B. Kaya
77,1139,3.5,2026-10-31T16:46:00.000,5.89,328.8,1.05,1.31,OK,E. Aydin
79.3,1297,3.45,2026-10-31T16:52:00.000,9.12,375,1.28,1.35,OK,B. Kaya
85.3,1427,3.5,2026-10-31T16:57:00.000,8.58,370.2,0.91,1.37,OK,C. Yildiz
75.6,1365,2.87,2026-10-31T17:05:00.000,8.38,339.3,1.17,1.44,OK,D. Sahin
73.5,991,3.33,2026-10-31T17:10:00.000,7.95,334.4,1.24,1.53,OK,D. Sahin
80.3,1382,4.4,2026-10-31T17:14:00.000,8.66,371.3,0.98,1.64,OK,B. Kaya
73.8,855,3.18,2026-10-31T17:16:00.000,6.82,299,1.08,1.75,OK,D. Sahin
74.5,873,3.21,2026-10-31T17:20:00.000,7.39,291.3,1.02,1.86,OK,C. Yildiz
77,1145,3.67,2026-10-31T17:25:00.000,9.17,331.2,0.78,1.92,OK,A. Demir
74.4,877,3.34,2026-10-31T17:32:00.000,6.57,316.9,1.53,1.99,OK,B. Kaya
74.6,1209,3.18,2026-10-31T17:35:00.000,6.04,366.2,0.97,2.03,OK,A. Demir
78.6,1330,3.41,2026-10-31T17:38:00.000,8.05,344.7,1.99,2.07,OK,C. Yildiz
84.8,2261,4.28,2026-10-31T17:41:00.000,10.07,452.7,1.35,2.18,OK,B. Kaya
75.6,1397,4.01,2026-10-31T17:47:00.000,8.82,368.8,1.02,2.27,OK,B. Kaya
74.4,800,3.22,2026-10-31T17:52:00.000,7.89,304.4,1.5,2.35,OK,B. Kaya
79,954,3.46,2026-10-31T17:57:00.000,6.41,335.3,0.82,2.42,OK,A. Demir
73.8,829,4.07,2026-10-31T17:59:00.000,9.06,319.6,0.87,2.5,OK,A. Demir
76,817,3.12,2026-10-31T18:07:00.000,6.52,320.7,0.91,2.61,OK,B. Kaya
75.5,1167,3.54,2026-10-31T18:11:00.000,7.99,350.1,0.94,2.65,OK,B. Kaya
81.4,1709,3.85,2026-10-31T18:17:00.000,9.03,419.2,1,2.7,OK,B. Kaya
75,1400,3.41,2026-10-31T18:23:00.000,7.59,350,1.24,2.75,OK,B. Kaya
77.4,1178,3.45,2026-10-31T18:30:00.000,7.41,364.6,1.25,2.85,OK,A. Demir
76.1,800,3.16,2026-10-31T18:32:00.000,7.14,326.1,1.54,2.88,OK,B. Kaya
76.9,1098,3.89,2026-10-31T18:39:00.000,8.43,322.3,1.1,2.97,OK,B. Kaya
78,1051,3.12,2026-10-31T18:46:00.000,6.91,300.8,0.8,3.02,OK,B. Kaya
76.9,1052,4.17,2026-10-31T18:49:00.000,8.31,348.2,1.25,3.06,OK,B. Kaya
76.9,908,,2026-10-31T18:53:00.000,7.33,310.6,0.93,3.14,OK,D. Sahin
75.6,800,3.66,2026-10-31T18:55:00.000,6.04,294.1,1.74,3.17,OK,B. Kaya
81.6,1462,3.42,2026-10-31T18:59:00.000,10.05,394.7,1.1,3.24,OK,E. Aydin
71.2,800,3.44,2026-10-31T19:02:00.000,7.37,286.7,0.97,3.35,OK,E. Aydin
75.8,800,3.33,2026-10-31T19:08:00.000,6.83,307.5,1.39,3.42,OK,C. Yildiz
75.7,800,3.28,2026-10-31T19:13:00.000,4.94,296.2,1.6,3.52,OK,B. Kaya
77.4,1115,3.01,2026-10-31T19:19:00.000,5.97,356.1,1.36,3.61,OK,E. Aydin
76.6,800,3.46,2026-10-31T19:23:00.000,7.36,296.6,0.73,3.66,OK,B. Kaya
73.4,1113,4.05,2026-10-31T19:30:00.000,6.82,326.8,1.25,3.7,OK,A. Demir
72.8,1276,4.34,2026-10-31T19:32:00.000,8.02,321.8,0.86,3.75,OK,B. Kaya
,958,3.88,2026-10-31T19:34:00.000,7.63,340.4,0.78,3.79,OK,D. Sahin
73.8,1071,2.1,2026-10-31T19:37:00.000,6.4,340.4,0.93,3.9,WARNING,A. Demir
80.7,1465,3.39,2026-10-31T19:41:00.000,8.76,368.2,1.16,3.94,WARNING,D. Sahin
79.4,1074,3.53,2026-10-31T19:48:00.000,8.01,325.5,1.27,3.99,OK,C. Yildiz
74.8,800,3.55,2026-10-31T19:53:00.000,6.73,319.2,1.15,4.01,OK,A. Demir
78,1218,3.52,2026-10-31T20:00:00.000,7.76,343.2,1.48,4.03,OK,D. Sahin
77.7,1143,3.67,2026-10-31T20:03:00.000,7.77,319.3,0.95,4.11,OK,D. Sahin
75.4,800,3.34,2026-10-31T20:07:00.000,6.51,319.7,0.67,4.22,OK,A. Demir
76.1,,3.43,2026-10-31T20:09:00.000,7.16,333.8,1.6,4.3,OK,B. Kaya
78.7,943,3.59,2026-10-31T20:13:00.000,7.33,314.9,0.89,4.36,OK,E. Aydin
71.4,980,3.59,2026-10-31T20:16:00.000,5.83,328.3,1.19,4.44,OK,A. Demir
72.3,,3.07,2026-10-31T20:19:00.000,6.63,327,0.75,4.48,OK,C. Yildiz
72.1,991,3.3,2026-10-31T20:22:00.000,7.5,319.6,1.35,4.58,OK,A. Demir
76.5,813,3.49,2026-10-31T20:28:00.000,6.52,320.9,0.69,4.64,OK,C. Yildiz
74.5,1198,4.38,2026-10-31T20:31:00.000,8.57,357.1,1.1,4.69,OK,A. Demir
77.4,935,3.64,2026-10-31T20:38:00.000,8.61,321.3,0.92,4.76,OK,A. Demir
71.6,876,3.29,2026-10-31T20:42:00.000,5.73,295.7,1.66,4.87,OK,A. Demir
74.3,1199,3.12,2026-10-31T20:47:00.000,6.75,332.5,1.25,4.91,OK,C. Yildiz
77.4,800,2.95,2026-10-31T20:50:00.000,5.14,317.5,1.17,5.02,OK,D. Sahin
80.3,1365,3.23,2026-10-31T20:57:00.000,8.26,364.5,1.41,5.12,OK,E. Aydin
80,1357,3.4,2026-10-31T21:01:00.000,8.86,368.3,1.6,5.17,OK,E. Aydin
73.6,800,2.93,2026-10-31T21:05:00.000,6.32,335.8,1.04,5.26,OK,D. Sahin
75.7,800,2.87,2026-10-31T21:10:00.000,6.13,322.2,1.34,5.32,OK,A. Demir
77.9,1485,3.54,2026-10-31T21:12:00.000,8.11,381.8,0.99,5.37,OK,B. Kaya
80.3,2040,4.2,2026-10-31T21:20:00.000,11.23,429.7,1.76,5.4,OK,E. Aydin
83,2064,4.19,2026-10-31T21:25:00.000,9.48,434.5,1.51,5.49,OK,E. Aydin
75.2,1388,3.18,2026-10-31T21:32:00.000,8.08,358.2,1.78,5.52,OK,C. Yildiz
80.9,1532,3.82,2026-10-31T21:39:00.000,8.22,381.7,1.76,5.56,OK,D. Sahin
75.2,1389,3.9,2026-10-31T21:44:00.000,8.32,388.6,1.18,5.65,OK,B. Kaya
78.4,1330,3.67,2026-10-31T21:46:00.000,6.06,316.9,1.59,5.73,OK,A. Demir
76.6,1064,2.57,2026-10-31T21:54:00.000,6.57,353.5,1.47,5.83,OK,B. Kaya
78.7,1636,3.81,2026-10-31T21:59:00.000,9.25,384.2,1.59,5.87,OK,C. Yildiz
78.8,1521,3.57,2026-10-31T22:06:00.000,8.73,396.1,0.96,5.97,OK,C. Yildiz
76,1789,3.98,2026-10-31T22:12:00.000,9.66,431.1,1.67,6.08,OK,A. Demir
79.5,1789,,2026-10-31T22:15:00.000,10.54,403.7,2.01,6.16,OK,C. Yildiz
81.8,1927,4,2026-10-31T22:23:00.000,9.2,418.6,1.67,6.23,OK,B. Kaya
79.8,1532,3.76,2026-10-31T22:29:00.000,8.45,397.1,0.98,6.26,OK,C. Yildiz
80.6,1401,3.45,2026-10-31T22:31:00.000,8.4,361.5,0.92,6.33,OK,B. Kaya
83.2,1873,4.12,2026-10-31T22:36:00.000,10.14,428.4,1.17,6.43,OK,E. Aydin
79.1,1842,4.13,2026-10-31T22:39:00.000,9.71,430.2,1.39,6.55,OK,A. Demir
84.6,2055,3.86,2026-10-31T22:44:00.000,11.29,415.5,1.25,6.62,OK,C. Yildiz
85.5,1966,4.13,2026-10-31T22:50:00.000,11.2,422.8,1.73,6.67,OK,D. Sahin
77.9,1174,3.95,2026-10-31T22:52:00.000,6.21,365.6,0.79,6.75,OK,B. Kaya
78.5,1617,3.43,2026-10-31T23:00:00.000,9.77,367.1,1.17,6.84,OK,E. Aydin
77.9,800,3.29,2026-10-31T23:08:00.000,4.97,298.1,0.83,6.94,OK,A. Demir
81.3,1834,4.21,2026-10-31T23:15:00.000,10.82,390.3,1.8,6.99,OK,B. Kaya
76.2,1871,3.85,2026-10-31T23:20:00.000,10.69,403.5,1.1,7.02,OK,E. Aydin
80.5,1692,4.06,2026-10-31T23:28:00.000,8.89,396.8,1.3,7.06,OK,A. Demir
74.3,1662,3.66,2026-10-31T23:32:00.000,9.41,357.8,1.23,7.16,OK,B. Kaya
82.2,2350,4.28,2026-10-31T23:37:00.000,11.61,460.7,1.88,7.22,OK,E. Aydin
84.3,2596,4.88,2026-10-31T23:39:00.000,12.04,499.7,1.55,7.32,OK,E. Aydin
85.4,2842,4.43,2026-10-31T23:41:00.000,12.83,501.7,2.03,7.41,OK,B. Kaya
83.8,2115,3.48,2026-10-31T23:43:00.000,11.92,438.1,1.33,7.45,OK,A. Demir
82.4,2207,4.29,2026-10-31T23:45:00.000,12.12,453.2,1.47,7.55,OK,B. Kaya
82.5,1999,3.79,2026-10-31T23:47:00.000,11.17,437.7,1.22,7.64,OK,B. Kaya
82.2,2023,,2026-10-31T23:54:00.000,10.16,426.9,1.31,7.7,OK,B. Kaya
83.1,2452,4.21,2026-10-31T23:57:00.000,10.42,463.2,1.98,7.77,OK,E. Aydin
79.9,2591,4.47,2026-10-31T23:59:00.000,14.34,505.7,1.57,7.89,OK,B. Kaya
86.8,2405,4.57,2026-11-01T00:05:00.000,12.44,473.1,1.5,7.93,OK,C. Yildiz
77.2,2345,3.41,2026-11-01T00:08:00.000,10.93,446.9,1.64,7.95,OK,B. Kaya
80.3,2921,4.6,2026-11-01T00:12:00.000,12.6,529,1.57,8.02,OK,B. Kaya
84.2,2224,4.94,2026-11-01T00:18:00.000,11.16,435,1.54,8.06,OK,E. Aydin
86.4,2886,4.24,2026-11-01T00:20:00.000,13.33,533.1,2.31,8.11,OK,A. Demir
82.2,2464,4.39,2026-11-01T00:26:00.000,13.54,436.8,1.33,8.13,OK,C. Yildiz
80.7,1838,3.71,2026-11-01T00:31:00.000,11.03,428.9,1.29,8.2,OK,B. Kaya
86.7,2587,4.29,2026-11-01T00:38:00.000,13.03,505.5,2.14,8.26,OK,B. Kaya
84.9,2759,4.1,2026-11-01T00:44:00.000,12.74,493.5,2.08,8.36,OK,D. Sahin
77.4,2385,3.88,2026-11-01T00:49:00.000,11.04,464.5,1.94,8.43,OK,C. Yildiz
85.8,2629,4.21,2026-11-01T00:52:00.000,14.74,478,2.28,8.45,OK,D. Sahin
82.5,3005,4.22,2026-11-01T00:58:00.000,16.54,509.2,1.77,8.55,OK,E. Aydin
83.5,2085,3.98,2026-11-01T01:02:00.000,10.01,456.3,1.66,8.63,OK,D. Sahin
84.5,2862,3.91,2026-11-01T01:07:00.000,13.77,500.2,1.93,8.71,OK,B. Kaya
88.3,2390,4.22,2026-11-01T01:11:00.000,11.98,483.5,1.32,8.76,OK,B. Kaya
85.3,2928,3.88,2026-11-01T01:16:00.000,13.24,525.7,1.94,8.87,OK,B. Kaya
85.5,2857,4.31,2026-11-01T01:19:00.000,14.19,522.8,1.84,8.9,OK,B. Kaya
80,2800,4.09,2026-11-01T01:26:00.000,12.6,490.5,2.29,8.95,OK,B. Kaya
87.5,2906,4.45,2026-11-01T01:30:00.000,13.26,523,1.59,8.97,OK,B. Kaya
85.4,3029,4.22,2026-11-01T01:33:00.000,14.17,546.4,1.63,9.06,OK,A. Demir
83.7,2978,4.44,2026-11-01T01:38:00.000,13.6,519.1,1.63,9.17,OK,B. Kaya
84.2,2623,3.83,2026-11-01T01:46:00.000,13.21,488.2,1.54,9.22,OK,A. Demir
83.1,2636,3.86,2026-11-01T01:53:00.000,12.38,489.4,1.83,9.27,OK,E. Aydin
78.2,2888,4.84,2026-11-01T01:59:00.000,12.99,502.5,2.08,9.35,OK,E. Aydin
90.1,3078,4.34,2026-11-01T02:01:00.000,13.54,535.5,2.02,9.46,OK,C. Yildiz
85.6,3055,4.1,2026-11-01T02:05:00.000,12.36,546,2.2,9.48,OK,C. Yildiz
89.2,3563,4.67,2026-11-01T02:13:00.000,15.15,591.7,1.89,9.53,OK,B. Kaya
86.4,3289,4.15,2026-11-01T02:17:00.000,16.59,517.2,1.84,9.63,OK,C. Yildiz
89.6,3697,4.5,2026-11-01T02:19:00.000,15.98,589.5,2.2,9.7,OK,B. Kaya
88.8,3411,4.68,2026-11-01T02:23:00.000,15.62,549.6,2.35,9.74,OK,C. Yildiz
86,3286,4.42,2026-11-01T02:31:00.000,16.14,552.5,2.07,9.82,OK,D. Sahin
80,3022,4.75,2026-11-01T02:35:00.000,12.83,520.1,2.24,9.84,OK,C. Yildiz
83.3,3281,5.08,2026-11-01T02:39:00.000,15.79,566.4,1.75,9.94,OK,A. Demir
87.7,3027,4.55,2026-11-01T02:43:00.000,14.2,565.8,1.58,10.03,OK,C. Yildiz
81.8,3027,4.62,2026-11-01T02:50:00.000,13.53,535.6,2.03,10.09,OK,B. Kaya
88.2,3599,4.49,2026-11-01T02:57:00.000,16.51,582.2,2.46,10.16,OK,A. Demir
89.4,3862,4.83,2026-11-01T03:04:00.000,15.45,612.6,2.05,10.22,OK,B. Kaya
89,2911,4.16,2026-11-01T03:08:00.000,13.09,530,1.71,10.28,OK,D. Sahin
86.4,2998,4.47,2026-11-01T03:12:00.000,13.39,518.1,2.17,10.39,OK,D. Sahin
84.1,3303,4.59,2026-11-01T03:17:00.000,14.99,547.4,1.85,10.48,OK,B. Kaya
89.3,2859,3.99,2026-11-01T03:25:00.000,13.51,507,2.9,10.54,OK,E. Aydin
82.9,3208,4.26,2026-11-01T03:28:00.000,15.41,535.9,2.01,10.66,OK,D. Sahin
86.4,3311,4.53,2026-11-01T03:30:00.000,16.37,547,2.07,10.71,OK,E. Aydin
83.2,3258,4.72,2026-11-01T03:33:00.000,16.1,556.3,1.73,10.81,OK,D. Sahin
84.3,2922,4.98,2026-11-01T03:38:00.000,13.99,508.9,2.01,10.85,OK,C. Yildiz
86,3709,4.46,2026-11-01T03:41:00.000,16.25,578.3,2.16,10.89,OK,E. Aydin
88,3382,4.57,2026-11-01T03:48:00.000,16.26,567.8,2.24,11,OK,A. Demir
87.6,3100,,2026-11-01T03:51:00.000,13.67,519.7,1.63,11.04,OK,D. Sahin
85,3039,4.24,2026-11-01T03:59:00.000,14.4,559.8,2.12,11.13,OK,A. Demir
90.2,3333,4.35,2026-11-01T04:03:00.000,16.72,565.3,2.35,11.22,OK,B. Kaya
83.2,3418,4.98,2026-11-01T04:08:00.000,15.84,546.1,2.15,11.33,OK,C. Yildiz
89.3,3711,5.04,2026-11-01T04:11:00.000,16.28,602.2,1.98,11.37,OK,A. Demir
84.3,3518,4.38,2026-11-01T04:18:00.000,14.97,544.2,1.78,11.43,OK,E. Aydin
87.9,3126,4.5,2026-11-01T04:23:00.000,14.71,540.2,2.56,11.54,OK,B. Kaya
87.6,3685,4.71,2026-11-01T04:26:00.000,16.53,592.7,2.19,11.62,OK,D. Sahin
90.6,3881,5.18,2026-11-01T04:31:00.000,17.92,617.4,2,11.65,OK,A. Demir
89.1,3157,4.55,2026-11-01T04:38:00.000,14.21,531.6,1.65,11.72,OK,A. Demir
87.1,3011,4.29,2026-11-01T04:41:00.000,16.83,529.1,2.68,11.79,OK,C. Yildiz
88.4,3361,3.79,2026-11-01T04:43:00.000,14.69,553.3,2.5,11.88,OK,B. Kaya
90.2,3457,4.71,2026-11-01T04:46:00.000,14.65,555.7,2.54,11.94,OK,A. Demir
86.3,3464,5.05,2026-11-01T04:50:00.000,17.2,554.2,1.92,11.99,OK,E. Aydin
82.7,2892,4.71,2026-11-01T04:56:00.000,12.71,522.5,2.08,12.04,OK,B. Kaya
94.3,3743,5.68,2026-11-01T05:03:00.000,15.67,596.3,2.56,12.1,OK,A. Demir
87.1,3264,4.19,2026-11-01T05:08:00.000,15.37,527.4,2.16,12.2,OK,E. Aydin
87.9,3373,4.7,2026-11-01T05:12:00.000,15.61,565.4,1.68,12.3,OK,A. Demir
94.4,3622,4.01,2026-11-01T05:18:00.000,16.98,590.7,1.77,12.33,OK,D. Sahin
90.7,3770,4.97,2026-11-01T05:21:00.000,15.87,602.5,2.18,12.4,OK,A. Demir
83.3,3418,4.77,2026-11-01T05:23:00.000,15.74,566.4,2.09,12.46,OK,E. Aydin
84.7,3449,5.04,2026-11-01T05:28:00.000,15.33,555.6,2.26,12.49,OK,C. Yildiz
84.7,3156,4.7,2026-11-01T05:32:00.000,15.49,552.1,1.95,12.58,OK,C. Yildiz
88.2,3948,5.2,2026-11-01T05:37:00.000,15.13,596.6,2.14,12.65,OK,C. Yildiz
91.3,4034,5.17,2026-11-01T05:41:00.000,17.63,625.4,2.38,12.75,OK,E. Aydin
92.1,3636,4.36,2026-11-01T05:46:00.000,15.74,594.7,2.13,12.86,OK,D. Sahin
85.3,3356,5.21,2026-11-01T05:50:00.000,15.3,564.6,2.47,12.97,OK,E. Aydin
83.9,3412,4.6,2026-11-01T05:54:00.000,15.22,553.9,2.27,13.05,WARNING,D. Sahin
83.9,2954,4.63,2026-11-01T05:59:00.000,14.33,497.6,2.34,13.1,OK,C. Yildiz
90.5,3508,5,2026-11-01T06:04:00.000,16.13,535.6,2.22,13.12,OK,D. Sahin
89.6,3502,5.64,2026-11-01T06:09:00.000,16.47,574.4,2.22,13.21,OK,C. Yildiz
87.5,3586,4.32,2026-11-01T06:11:00.000,15.39,592,3.35,13.33,WARNING,D. Sahin
83.4,2937,4.57,2026-11-01T06:18:00.000,13.3,532.5,1.81,13.41,OK,E. Aydin
82,2821,4.34,2026-11-01T06:26:00.000,12.06,496.5,2.1,13.44,OK,C. Yildiz
84.2,3503,4.76,2026-11-01T06:31:00.000,15.4,555.5,1.75,13.47,OK,D. Sahin
81.1,3550,4.92,2026-11-01T06:34:00.000,15.45,572.2,2.91,13.52,OK,B. Kaya
87.5,2939,4.15,2026-11-01T06:41:00.000,13.52,532.1,2.1,13.59,OK,D. Sahin
87.7,3398,5.51,2026-11-01T06:46:00.000,16.24,560.7,1.81,13.66,OK,E. Aydin
90.9,2909,4.63,2026-11-01T06:51:00.000,13.94,520.7,2.44,13.68,OK,B. Kaya
86.7,3167,4.82,2026-11-01T06:54:00.000,14.44,554.3,2.16,13.76,OK,C. Yildiz
83.8,3431,4.81,2026-11-01T07:00:00.000,14.84,536.7,1.7,13.81,OK,D. Sahin
83,2931,3.98,2026-11-01T07:03:00.000,14.13,517.9,1.81,13.89,OK,C. Yildiz
86.2,2963,3.81,2026-11-01T07:11:00.000,13.71,517.5,2.55,14.01,OK,D. Sahin
83.3,3310,4.93,2026-11-01T07:18:00.000,15.17,559.7,1.82,14.11,OK,C. Yildiz
83.8,2796,4.58,2026-11-01T07:25:00.000,12.71,483,2.35,14.19,OK,B. Kaya
76,2831,4.03,2026-11-01T07:28:00.000,13.67,463.1,1.74,14.22,OK,A. Demir
92,2871,5.01,2026-11-01T07:32:00.000,13.99,516.3,1.8,14.32,OK,E. Aydin
91.7,2900,4.55,2026-11-01T07:39:00.000,12.71,507.2,1.7,14.35,OK,C. Yildiz
88.7,3252,4.49,2026-11-01T07:45:00.000,15.25,551.9,2.19,14.44,OK,E. Aydin
85.5,2998,4.4,2026-11-01T07:53:00.000,14.38,521,1.72,14.55,OK,D. Sahin
89,3782,4.7,2026-11-01T07:55:00.000,18.96,596.6,2.34,14.63,OK,E. Aydin
83.6,2523,3.87,2026-11-01T07:57:00.000,11.93,488.1,2.02,14.67,OK,C. Yildiz
84.6,3392,4.28,2026-11-01T08:03:00.000,15.88,544.9,2.64,14.74,OK,A. Demir
84.8,2850,4.68,2026-11-01T08:11:00.000,13.82,514.7,1.72,14.85,OK,C. Yildiz
88.3,3357,4.59,2026-11-01T08:13:00.000,15.84,575.3,1.97,14.93,OK,D. Sahin
80.7,2959,4.66,2026-11-01T08:19:00.000,13.48,528.9,1.6,15.04,OK,D. Sahin
85,2652,4.22,2026-11-01T08:21:00.000,12.27,494.2,1.55,15.11,OK,C. Yildiz
83.9,3169,4.4,2026-11-01T08:23:00.000,13.87,524.2,1.62,15.18,OK,C. Yildiz
83.4,2214,4.36,2026-11-01T08:27:00.000,10.91,428.1,1.44,15.27,OK,C. Yildiz
79.6,2260,4.55,2026-11-01T08:31:00.000,11.65,456.3,1.7,15.31,OK,E. Aydin
86.6,2334,4.18,2026-11-01T08:36:00.000,11.54,456.5,1.76,15.38,OK,E. Aydin
85.7,2683,4.73,2026-11-01T08:42:00.000,12.91,493.9,1.52,15.48,OK,B. Kaya
82.4,2598,4.33,2026-11-01T08:46:00.000,12.69,492.8,1.61,15.53,OK,A. Demir
79.8,2508,4.05,2026-11-01T08:52:00.000,12.12,450.4,1.94,15.64,OK,C. Yildiz
81.9,2604,4.09,2026-11-01T08:55:00.000,13.05,466.6,1.71,15.7,OK,D. Sahin
81.4,2233,4.99,2026-11-01T08:58:00.000,11.96,451.8,1.81,15.8,OK,A. Demir
86.2,2748,4.31,2026-11-01T09:06:00.000,13.2,489.4,1.64,15.91,OK,C. Yildiz
86.1,3322,4.67,2026-11-01T09:12:00.000,16.6,554.4,1.91,16,OK,A. Demir
80.2,2278,5.01,2026-11-01T09:20:00.000,11.26,451.1,1.64,16.04,OK,B. Kaya
82.5,2070,3.62,2026-11-01T09:22:00.000,11.75,432.6,1.77,16.16,OK,A. Demir
78.1,2326,4.2,2026-11-01T09:28:00.000,13.25,451.6,1.36,16.24,OK,A. Demir
87.6,3091,4.17,2026-11-01T09:32:00.000,14.51,556.2,1.99,16.28,OK,A. Demir
75.3,1721,3.39,2026-11-01T09:39:00.000,9.83,406,2.01,16.36,OK,D. Sahin
83.5,2450,4.02,2026-11-01T09:42:00.000,11.44,475.4,1.37,16.46,OK,C. Yildiz
77.9,1901,4.05,2026-11-01T09:47:00.000,11.13,433.8,1.16,16.55,OK,D. Sahin
83.9,1670,3.52,2026-11-01T09:51:00.000,9,410,1.62,16.61,OK,D. Sahin
84.9,2568,4.54,2026-11-01T09:55:00.000,13.05,495.6,1.64,16.64,OK,E. Aydin
84.1,2559,3.82,2026-11-01T09:57:00.000,13.86,472.6,2.16,16.75,OK,E. Aydin
77.6,1346,3.66,2026-11-01T10:03:00.000,9.01,342.1,1.85,16.83,OK,A. Demir
79.4,1839,2.85,2026-11-01T10:11:00.000,10.63,432.7,1.18,16.89,OK,C. Yildiz
75.8,1408,3.92,2026-11-01T10:16:00.000,8.14,351.5,1.64,16.98,OK,C. Yildiz
84.8,2455,4.17,2026-11-01T10:18:00.000,11.73,450,1.51,17.08,OK,D. Sahin
80.2,1677,3.54,2026-11-01T10:26:00.000,10,388.2,1.31,17.19,OK,B. Kaya
77.9,2087,4.18,2026-11-01T10:28:00.000,10.55,423.3,1.31,17.23,OK,B. Kaya
83.1,2465,4.71,2026-11-01T10:30:00.000,12.61,451.6,2,17.33,OK,A. Demir
85.1,2575,4.48,2026-11-01T10:34:00.000,12.61,474.2,1.58,17.4,OK,E. Aydin
82.7,2076,4.33,2026-11-01T10:41:00.000,12,427.8,1.19,17.44,OK,B. Kaya
83.1,1757,3.58,2026-11-01T10:46:00.000,12.04,398.9,1.39,17.52,OK,C. Yildiz
82.5,2205,3.9,2026-11-01T10:53:00.000,10.89,428.6,1.39,17.57,OK,B. Kaya
80.1,1699,3.92,2026-11-01T10:56:00.000,9.91,401.7,1.57,17.61,OK,E. Aydin
86.7,1658,4.16,2026-11-01T11:01:00.000,10.39,405.8,1.19,17.65,OK,D. Sahin
79.6,1532,4.11,2026-11-01T11:07:00.000,10.82,372.5,1.07,17.75,OK,B. Kaya
78.2,2086,4.31,2026-11-01T11:09:00.000,11.69,411.6,1.94,17.8,OK,E. Aydin
79.8,1847,4.54,2026-11-01T11:15:00.000,10.38,429.4,1.45,17.85,OK,D. Sahin
79.2,1709,3.98,2026-11-01T11:22:00.000,9.32,414.9,1.85,17.95,OK,C. Yildiz
75.8,1143,3.99,2026-11-01T11:27:00.000,7.52,334.1,0.95,18.01,OK,E. Aydin
84.1,1766,3.86,2026-11-01T11:33:00.000,10.57,407.4,1.18,18.12,OK,E. Aydin
81.3,1861,3.73,2026-11-01T11:35:00.000,11.23,410.3,1.37,18.15,OK,C. Yildiz
82.8,1930,4.13,2026-11-01T11:42:00.000,11.64,410.3,1.8,18.26,OK,D. Sahin
84.2,2040,3.73,2026-11-01T11:47:00.000,8.95,429.8,1.88,18.32,OK,E. Aydin
75.8,1596,3.61,2026-11-01T11:49:00.000,8.84,394.7,1.07,18.41,OK,E. Aydin
76.6,1301,4.29,2026-11-01T11:56:00.000,8.59,328.2,0.95,18.51,OK,B. Kaya
79.6,1736,3.76,2026-11-01T12:03:00.000,10.49,408.6,1.85,18.62,OK,E. Aydin
74.9,1023,3.01,2026-11-01T12:11:00.000,6.08,332.9,2.14,18.74,OK,E. Aydin
82.5,1762,3.85,2026-11-01T12:18:00.000,9.25,430.9,1.1,18.82,OK,E. Aydin
77.8,1185,3.89,2026-11-01T12:24:00.000,7.58,346.9,0.85,18.86,OK,E. Aydin
76.8,1606,3.55,2026-11-01T12:32:00.000,10.37,380.6,1.04,18.94,OK,B. Kaya
76.4,1012,3.51,2026-11-01T12:35:00.000,7.47,319,1.01,18.99,OK,B. Kaya
74.7,1052,3.37,2026-11-01T12:38:00.000,6.41,310,1.72,19.01,OK,B. Kaya
72.1,1081,3.75,2026-11-01T12:42:00.000,7.95,326.5,0.89,19.06,OK,B. Kaya
75.9,1393,3.52,2026-11-01T12:48:00.000,6.98,321.2,0.91,19.1,OK,D. Sahin
73.4,1550,,2026-11-01T12:54:00.000,9.18,389.4,1.05,19.17,OK,E. Aydin
75.4,860,2.64,2026-11-01T13:02:00.000,6.49,308.7,1.31,19.2,OK,E. Aydin
78.9,1132,2.46,2026-11-01T13:08:00.000,6.99,323.4,0.85,19.25,OK,D. Sahin
77.8,1126,3.81,2026-11-01T13:11:00.000,7.87,353.5,1.44,19.35,OK,E. Aydin
79.4,1338,3.78,2026-11-01T13:13:00.000,9.35,363.8,1.02,19.46,OK,A. Demir
76.3,1424,4,2026-11-01T13:17:00.000,9.19,349.8,1,19.48,OK,B. Kaya
70.3,812,3.92,2026-11-01T13:25:00.000,6.88,293.3,0.85,19.51,OK,B. Kaya
76.2,1095,3.39,2026-11-01T13:27:00.000,5.8,333.8,0.88,19.56,OK,C. Yildiz
75.2,1209,2.93,2026-11-01T13:34:00.000,6.88,341.6,1.4,19.63,OK,C. Yildiz
80.1,915,3.05,2026-11-01T13:41:00.000,8.69,308.8,1.29,19.65,OK,E. Aydin
75.6,1336,3.86,2026-11-01T13:43:00.000,9.42,370.1,0.87,19.71,OK,A. Demir
77.2,1144,3.62,2026-11-01T13:49:00.000,6.01,340.2,1.3,19.74,OK,A. Demir
73.3,851,3.64,2026-11-01T13:55:00.000,5.64,314.8,0.96,19.82,OK,A. Demir
73.9,800,2.9,2026-11-01T14:01:00.000,5.62,295,1.09,19.92,OK,B. Kaya
79.8,1621,4.48,2026-11-01T14:08:00.000,8.98,390.6,1.25,19.95,OK,E. Aydin
74.3,1081,3.12,2026-11-01T14:10:00.000,6.27,323.9,1.66,20.01,OK,D. Sahin
75.4,5056,3.61,2026-11-01T14:13:00.000,7.4,350.1,1.1,20.09,OK,A. Demir
73.8,800,3.16,2026-11-01T14:15:00.000,7,309.1,0.93,20.11,OK,D. Sahin
79.8,1180,3.25,2026-11-01T14:18:00.000,8.36,358.6,0.79,20.22,OK,A. Demir
80.4,2032,3.85,2026-11-01T14:26:00.000,11.13,412.2,1.63,20.32,OK,D. Sahin
77,1106,3.17,2026-11-01T14:30:00.000,5.7,355,0.9,20.39,OK,E. Aydin
80,1483,4.14,2026-11-01T14:32:00.000,8.78,370.1,1.01,20.5,OK,C. Yildiz
78.2,1097,4.09,2026-11-01T14:34:00.000,7.55,341.5,1.14,20.54,OK,A. Demir
80.4,986,3.41,2026-11-01T14:40:00.000,7.05,343.3,0.75,20.61,OK,D. Sahin
75.9,1185,3.54,2026-11-01T14:42:00.000,7.91,367.4,1.43,20.72,OK,A. Demir
78.2,1005,3.08,2026-11-01T14:47:00.000,6.79,314.9,1.53,20.8,OK,E. Aydin
76.6,1533,3.38,2026-11-01T14:54:00.000,8.01,364.8,1.25,20.92,WARNING,C. Yildiz
71.3,1183,3.86,2026-11-01T14:58:00.000,7.13,338.6,1.06,20.97,OK,A. Demir
74.1,1376,3,2026-11-01T15:04:00.000,9.03,341,1.3,21.08,OK,B. Kaya
80.6,1588,3.14,2026-11-01T15:10:00.000,9.38,396.7,1.22,21.12,OK,A. Demir
81.3,1608,3.74,2026-11-01T15:14:00.000,10.13,368.9,1.48,21.16,OK,B. Kaya
70.6,1114,3.39,2026-11-01T15:19:00.000,6.05,359.8,1.14,21.23,OK,A. Demir
80,1084,3.07,2026-11-01T15:24:00.000,7.47,366.2,0.76,21.33,OK,C. Yildiz
75.2,1068,3.54,2026-11-01T15:29:00.000,7,346.2,0.99,21.41,WARNING,C. Yildiz
76.7,883,2.33,2026-11-01T15:33:00.000,5.99,299.9,0.98,21.45,OK,A. Demir
72.1,800,3.26,2026-11-01T15:41:00.000,7.52,320.3,0.97,21.51,OK,A. Demir
78.5,1147,2.78,2026-11-01T15:46:00.000,5.88,334.8,0.8,21.57,OK,C. Yildiz
81.3,822,2.83,2026-11-01T15:48:00.000,7.58,308.3,1.15,21.66,OK,B. Kaya
78.6,1313,3.66,2026-11-01T15:54:00.000,6.86,375,1.39,21.68,OK,D. Sahin
73.4,800,3.72,2026-11-01T16:00:00.000,5.91,295.4,1.43,21.78,OK,B. Kaya
77.9,1150,3.44,2026-11-01T16:08:00.000,7.54,355.7,0.95,21.87,OK,A. Demir
77.6,800,3.78,2026-11-01T16:14:00.000,4.65,307.2,0.83,21.99,OK,C. Yildiz
76.7,800,2.98,2026-11-01T16:22:00.000,6.67,318.2,0.83,22.03,OK,E. Aydin
74.4,892,3.53,2026-11-01T16:28:00.000,4.83,319.8,0.79,22.08,OK,E. Aydin
72.7,800,3.21,2026-11-01T16:30:00.000,6.21,305.9,1.5,22.15,OK,C. Yildiz
71.8,1020,3.86,2026-11-01T16:36:00.000,7.72,328.7,1.18,22.27,OK,B. Kaya
,823,3.93,2026-11-01T16:44:00.000,5.71,316.4,0.73,22.38,OK,C. Yildiz
81,1639,3.51,2026-11-01T16:47:00.000,9.2,380.2,1.42,22.48,OK,C. Yildiz
79.7,1277,2.82,2026-11-01T16:55:00.000,8.13,405.3,1.84,22.59,OK,E. Aydin
78.3,1251,2.87,2026-11-01T17:01:00.000,8.09,345.4,1.42,22.66,OK,E. Aydin
77.8,986,3.88,2026-11-01T17:03:00.000,6,345.1,1.02,22.77,OK,E. Aydin
80.8,1696,3.61,2026-11-01T17:08:00.000,8.29,413.6,1.2,22.85,OK,D. Sahin
79.7,1315,3.61,2026-11-01T17:13:00.000,9.24,353.3,1.32,22.92,OK,A. Demir
79.6,1044,3.24,2026-11-01T17:16:00.000,6.63,336.7,1.01,23.04,OK,C. Yildiz
74.2,1378,3.82,2026-11-01T17:19:00.000,8.48,352.8,1.23,23.1,OK,B. Kaya
77.1,1003,3.69,2026-11-01T17:27:00.000,5.5,329.6,0.92,23.14,OK,A. Demir
77.4,1332,3.62,2026-11-01T17:33:00.000,7.42,358.2,0.89,23.16,OK,B. Kaya
78.5,1491,4.18,2026-11-01T17:38:00.000,8.59,388.8,0.93,23.2,OK,B. Kaya
75.9,1155,2.96,2026-11-01T17:42:00.000,8.07,346.1,0.95,23.26,OK,D. Sahin
80.9,2027,,2026-11-01T17:49:00.000,11.64,412.7,1.88,23.32,OK,C. Yildiz
79.5,1191,3.15,2026-11-01T17:52:00.000,7.97,360.9,0.93,23.39,OK,A. Demir
77.8,843,3,2026-11-01T17:57:00.000,6.26,311.9,0.67,23.44,OK,E. Aydin
75.9,1684,3.45,2026-11-01T18:02:00.000,9.07,392,1.62,23.48,OK,B. Kaya
82.3,1669,3.95,2026-11-01T18:09:00.000,7.66,401.9,1.52,23.59,OK,D. Sahin
78.4,1002,3.12,2026-11-01T18:12:00.000,6.91,315,1.08,23.64,OK,C. Yildiz
80.2,1466,3.12,2026-11-01T18:14:00.000,6.57,377.1,1.05,23.72,OK,E. Aydin
84.7,1904,3.5,2026-11-01T18:20:00.000,11.18,406,1.87,23.8,OK,B. Kaya
85.3,2027,3.91,2026-11-01T18:24:00.000,9.42,443,1.24,23.91,OK,C. Yildiz
82.8,1544,3.68,2026-11-01T18:29:00.000,10.35,374.4,1.04,23.98,OK,D. Sahin
82.9,1541,3.93,2026-11-01T18:36:00.000,9.35,383.8,1.06,24.07,OK,A. Demir
78.2,1754,3.68,2026-11-01T18:38:00.000,11.35,410.3,1.66,24.1,OK,D. Sahin
81.7,1662,3.64,2026-11-01T18:46:00.000,9.35,378.5,1.31,24.13,OK,D. Sahin
85.8,1743,3.26,2026-11-01T18:52:00.000,8.72,410,1.86,24.23,OK,C. Yildiz
82.5,2004,3.74,2026-11-01T19:00:00.000,10.56,415.9,1.75,24.3,OK,D. Sahin
76.1,1901,3.84,2026-11-01T19:07:00.000,10.91,405.8,1.27,24.33,OK,A. Demir
82.1,1404,3.22,2026-11-01T19:10:00.000,7.54,374.4,1.51,24.36,OK,A. Demir
87.3,2747,4.11,2026-11-01T19:12:00.000,14.41,492.1,1.46,24.4,OK,E. Aydin
79.5,1502,3.87,2026-11-01T19:17:00.000,8.88,372.9,1.83,24.43,OK,E. Aydin
80.9,1688,3.93,2026-11-01T19:19:00.000,8.6,406.2,1.74,24.54,OK,E. Aydin
79.2,2298,4.07,2026-11-01T19:22:00.000,10.8,434.5,1.25,24.59,OK,A. Demir
77.1,1948,3.87,2026-11-01T19:29:00.000,8.43,404,1.35,24.67,OK,E. Aydin
79.6,1464,3.47,2026-11-01T19:34:00.000,8.54,356.2,1.2,24.71,OK,A. Demir
84.3,2732,3.67,2026-11-01T19:39:00.000,11.78,503.5,2.62,24.82,OK,D. Sahin
79.3,1472,2.82,2026-11-01T19:42:00.000,9.18,378,0.98,24.85,OK,B. Kaya
79.2,1960,3.51,2026-11-01T19:45:00.000,11.41,406.4,1.63,24.88,OK,E. Aydin
77.5,1869,3.74,2026-11-01T19:53:00.000,9.79,412.2,1.68,24.93,OK,A. Demir
81.3,1794,4.29,2026-11-01T19:55:00.000,10.16,400.2,1.61,25.02,OK,E. Aydin
81.1,1903,4.39,2026-11-01T19:57:00.000,9.38,414.5,1.34,25.1,OK,D. Sahin
81.2,2206,3.77,2026-11-01T20:04:00.000,10.76,420.9,2.15,25.18,OK,B. Kaya
78,2060,4.21,2026-11-01T20:09:00.000,11.31,454.9,1.68,25.23,OK,A. Demir
85.2,2210,,2026-11-01T20:15:00.000,12.03,437.5,2.11,25.29,OK,A. Demir
83.6,2345,3.78,2026-11-01T20:18:00.000,13.15,477.1,1.28,25.35,OK,A. Demir
80.9,2521,4.41,2026-11-01T20:26:00.000,12.62,487.4,1.76,25.44,OK,E. Aydin
87,2502,4.13,2026-11-01T20:31:00.000,11.98,474.5,2.19,25.48,OK,B. Kaya
81.3,,4.08,2026-11-01T20:37:00.000,11.9,468.9,1.37,25.54,OK,A. Demir
85.7,2751,4.45,2026-11-01T20:45:00.000,13.6,479.3,1.83,25.6,OK,C. Yildiz
80,2599,3.78,2026-11-01T20:48:00.000,12.02,500.6,1.5,25.68,OK,D. Sahin
80.3,2696,4.64,2026-11-01T20:53:00.000,13.78,464.6,1.58,25.78,OK,A. Demir
82.7,2584,4.54,2026-11-01T20:59:00.000,13.63,466.4,1.64,25.83,OK,E. Aydin
86.7,2355,4.15,2026-11-01T21:03:00.000,11.16,455.1,1.89,25.92,OK,A. Demir
84.1,2793,4.63,2026-11-01T21:11:00.000,13.22,519.1,1.58,26.04,OK,D. Sahin
85.1,2359,4.02,2026-11-01T21:18:00.000,12.2,470.2,1.42,26.09,OK,C. Yildiz
79.7,2067,3.66,2026-11-01T21:25:00.000,9.55,402.5,1.33,26.12,OK,B. Kaya
84.3,2676,4.29,2026-11-01T21:30:00.000,12.29,480.2,1.7,26.2,OK,C. Yildiz
85.4,2340,3.79,2026-11-01T21:36:00.000,12.35,429.4,1.94,26.31,OK,C. Yildiz
83.4,2834,4.23,2026-11-01T21:42:00.000,15.3,531.1,1.54,26.42,OK,E. Aydin
88.3,2643,3.97,2026-11-01T21:48:00.000,13.16,488,1.55,26.49,OK,D. Sahin
81.4,2346,3.94,2026-11-01T21:55:00.000,11.44,432.1,1.44,26.55,OK,E. Aydin
85.3,3036,4.07,2026-11-01T21:57:00.000,14.82,508.4,1.78,26.67,OK,A. Demir
84,2727,3.86,2026-11-01T21:59:00.000,14.28,494.1,1.45,26.73,OK,D. Sahin
85.9,2949,4.25,2026-11-01T22:06:00.000,14.73,527.2,1.97,26.81,OK,C. Yildiz
80.7,2524,3.66,2026-11-01T22:10:00.000,14.06,470.5,1.5,26.91,OK,E. Aydin
