RPM,Timestamp,Oil Press,Motor Sicakligi,Yakit Tuketimi,Egzoz Sicakligi,Sogutma Sivisi Sicakligi,Titresim,Calisma Suresi,Test Durumu,Ambient Temperature
2932,2026-07-15T14:35:00.000,5.15,97.8,13.64,527.79999999999995,93.6,1.72,0.12,OK,33.9
1934,2026-07-15T14:38:00.000,4.4000000000000004,86,9.76,438.6,85.7,1.21,0.2,OK,39.799999999999997
2197,2026-07-15T14:44:00.000,3.87,87.7,11.27,452.5,83.9,1.53,0.25,OK,25.7
2826,2026-07-15T14:50:00.000,4.82,95.7,13.5,518,88.8,2.2000000000000002,0.27,OK,26.2
2491,2026-07-15T14:53:00.000,3.98,89,11.4,479,80.3,2.2599999999999998,0.32,OK,25
2246,2026-07-15T14:55:00.000,4.3,91.1,11.62,450.2,82.7,1.31,0.38,OK,29.4
2056,2026-07-15T14:58:00.000,3.92,93.3,10.57,465.8,90.3,1.7,0.49,OK,27.7
2011,2026-07-15T15:02:00.000,3.8,90.8,11.75,441.5,80.3,1.93,0.57999999999999996,OK,33.5
1985,2026-07-15T15:06:00.000,3.46,90.1,9.15,447.7,81.3,1.1399999999999999,0.68,OK,32.200000000000003
2808,2026-07-15T15:12:00.000,4.08,93.1,12.8,538.20000000000005,86.3,1.7,0.76,OK,28.6
2772,2026-07-15T15:16:00.000,4.43,97.9,14.37,504.1,90.3,2.2999999999999998,0.8,OK,33.700000000000003
2708,2026-07-15T15:21:00.000,4.28,89.8,13.16,538.1,85.9,1.77,0.87,OK,31.6
2168,2026-07-15T15:25:00.000,3.77,94.8,10.26,460.4,87.4,1.2,0.98,OK,27.3
2481,2026-07-15T15:32:00.000,4.6100000000000003,92.1,12.13,490,88.7,2.09,1.1000000000000001,OK,31.1
2726,2026-07-15T15:35:00.000,4.29,92.1,11.32,517.1,91.1,1.69,1.18,OK,27.8
3081,2026-07-15T15:39:00.000,4.43,95.3,14.85,528.29999999999995,89.6,2.19,1.22,OK,39.1
2794,2026-07-15T15:41:00.000,4.12,89.7,12.5,496,84.9,1.44,1.28,OK,24.9
2741,2026-07-15T15:47:00.000,4.38,89.9,13.12,499.7,85.3,2.08,1.3,OK,38.5
2397,2026-07-15T15:49:00.000,4.2300000000000004,95,12.04,481.6,87.5,1.59,1.42,OK,29.7
3064,2026-07-15T15:53:00.000,4.53,88.6,13.96,518.79999999999995,80.8,2.2400000000000002,1.53,OK,26.5
2678,2026-07-15T16:01:00.000,4.3899999999999997,95.2,10.56,484.6,87.6,1.78,1.63,OK,38.1
2308,2026-07-15T16:03:00.000,3.78,90.9,11.29,483.3,84.4,1.25,1.69,OK,31.2
2518,2026-07-15T16:11:00.000,3.72,94.3,10.06,473.3,88.3,1.56,1.77,OK,34.1
3092,2026-07-15T16:16:00.000,4.4000000000000004,89.9,15.73,548.79999999999995,85.9,1.72,1.86,OK,28.8
3128,2026-07-15T16:18:00.000,4.62,93.1,14.17,525.1,87.9,1.73,1.88,OK,29.6
1964,2026-07-15T16:23:00.000,4.1500000000000004,92.2,9.56,426.7,88.7,1.24,1.97,OK,33.5
2894,2026-07-15T16:26:00.000,5.08,96.7,11.74,524.20000000000005,86.1,1.75,2.04,OK,37.799999999999997
2498,2026-07-15T16:33:00.000,4.32,93.3,12.77,520.6,86.9,2.0499999999999998,2.15,OK,39.700000000000003
3112,2026-07-15T16:35:00.000,3.72,96.4,14.77,548.9,87.6,2.04,2.2400000000000002,OK,33.799999999999997
3202,2026-07-15T16:39:00.000,4.84,101.7,14.53,565.5,96.2,1.82,2.27,WARNING,36.9
2642,2026-07-15T16:42:00.000,4.29,97.5,12.69,503.2,93.8,1.65,2.29,OK,36.4
3043,2026-07-15T16:48:00.000,4.12,98.9,13.4,530.1,93.3,1.72,2.37,OK,36.299999999999997
3354,2026-07-15T16:54:00.000,4.8600000000000003,96.7,14.53,578.5,91.5,1.73,2.44,OK,26.2
3440,2026-07-15T17:02:00.000,4.76,98.4,16.63,578.9,91.1,2.66,2.5,OK,35.200000000000003
2806,2026-07-15T17:06:00.000,4.1100000000000003,93.4,12.97,535.4,87,1.84,2.61,OK,35
3499,2026-07-15T17:13:00.000,4.71,96,16.05,563.1,87.7,2.17,2.68,OK,25.7
3230,2026-07-15T17:18:00.000,4.13,102.6,14.45,585.5,97.2,1.96,2.7,WARNING,37.700000000000003
2986,2026-07-15T17:20:00.000,4.26,99.5,13.78,542.5,93.5,2.19,2.79,OK,40.200000000000003
3145,2026-07-15T17:26:00.000,4.01,94.8,16.39,534.9,87.8,2.0499999999999998,2.82,OK,31.2
3473,2026-07-15T17:28:00.000,4.8499999999999996,91.3,16.88,576,83.3,2.58,2.9,OK,28.8
3484,2026-07-15T17:35:00.000,4.74,100.8,16.32,573.4,96.3,1.88,2.96,WARNING,38
3543,2026-07-15T17:42:00.000,5.0599999999999996,99,15.82,606.5,94.2,2.12,3.07,OK,28.1
3006,2026-07-15T17:45:00.000,4.74,94.4,14.73,531.9,87.3,1.87,3.16,OK,33.799999999999997
3334,2026-07-15T17:47:00.000,4.3499999999999996,95.4,13.57,552.6,92.7,2.44,3.27,OK,33.5
3186,2026-07-15T17:55:00.000,4.66,91.4,14.58,537.4,88,1.7,3.32,OK,32.9
3357,2026-07-15T18:01:00.000,4.7,99,14.57,559.9,93.4,2,3.44,OK,28.2
3118,2026-07-15T18:09:00.000,4.16,95.7,15.04,568.6,90.8,1.79,3.51,OK,35.700000000000003
3863,2026-07-15T18:14:00.000,5.18,98.7,17.739999999999998,599.9,95.2,1.96,3.58,OK,27.8
3312,2026-07-15T18:21:00.000,4.49,92.1,16.13,557,84.2,1.93,3.62,OK,24.9
3280,2026-07-15T18:27:00.000,4.33,94.1,14.92,561.79999999999995,88.7,1.87,3.65,OK,36.799999999999997
3494,2026-07-15T18:31:00.000,4.58,98.6,15.65,577,88.7,3.13,3.71,WARNING,21.8
3736,2026-07-15T18:37:00.000,4.21,97.4,17.13,583.29999999999995,95.3,1.9,3.79,OK,31.4
3372,2026-07-15T18:39:00.000,3.98,95,16.45,599,91.7,1.67,3.88,OK,32.1
3255,2026-07-15T18:41:00.000,4.66,103,13.61,563.29999999999995,95.6,2.4,3.97,WARNING,29.6
3682,2026-07-15T18:46:00.000,4.5199999999999996,99.2,16.239999999999998,581.70000000000005,91.7,2.27,4,OK,26.1
3987,2026-07-15T18:52:00.000,4.5,99.1,15.39,616.9,97.6,2.31,4.0199999999999996,OK,37.200000000000003
3880,2026-07-15T18:55:00.000,4.28,100.8,17.96,623.1,97,1.9,4.1100000000000003,WARNING,31.2
3043,2026-07-15T19:02:00.000,4.0199999999999996,89.5,13.52,527.5,88.2,1.93,4.16,OK,24.2
3662,2026-07-15T19:10:00.000,4.49,96.7,16.690000000000001,574.9,88.9,1.99,4.1900000000000004,OK,29.3
3370,2026-07-15T19:13:00.000,3.89,96.2,14.09,573.6,91.8,1.73,4.3099999999999996,OK,37.9
3843,2026-07-15T19:20:00.000,5.07,99.3,16.87,598.29999999999995,91.5,1.87,4.41,OK,29
4040,2026-07-15T19:27:00.000,5.07,102.8,17.170000000000002,650,98.8,2.06,4.4400000000000004,WARNING,27.2
2569,2026-07-15T19:30:00.000,3.91,88.6,11.8,492.1,83.1,1.41,4.4800000000000004,OK,30
3405,2026-07-15T19:34:00.000,5.01,102,16.28,575.70000000000005,99.4,1.74,4.58,WARNING,33.1
3240,2026-07-15T19:41:00.000,4.25,97,14.03,607.20000000000005,94.2,2.09,4.62,OK,27.3
3149,2026-07-15T19:44:00.000,4.4800000000000004,92.7,15.6,535.79999999999995,86.7,2.2000000000000002,4.72,OK,29.2
3073,2026-07-15T19:52:00.000,4.8899999999999997,95.4,15.67,539.29999999999995,88,1.61,4.75,OK,41.1
3237,2026-07-15T19:59:00.000,4.42,93.5,14.36,576.79999999999995,87.4,1.81,4.78,OK,28.2
3289,2026-07-15T20:03:00.000,4.8600000000000003,92.5,16.54,568.4,85.7,2.35,4.84,OK,24.4
3263,2026-07-15T20:06:00.000,4.79,94.4,15.74,543.29999999999995,84.4,2.14,4.91,OK,32.200000000000003
2673,2026-07-15T20:13:00.000,4.08,88.1,14.9,500.8,81.2,1.91,5.01,OK,27.6
3420,2026-07-15T20:18:00.000,4.53,95.1,17.09,586.9,84.6,1.92,5.0599999999999996,OK,25.8
3738,2026-07-15T20:24:00.000,4.32,97.7,16.760000000000002,564.70000000000005,89.4,1.92,5.13,OK,21.5
3166,2026-07-15T20:32:00.000,3.51,94,15.54,541.6,82.8,1.91,5.16,OK,29.7
2779,2026-07-15T20:36:00.000,3.99,93.5,13.02,539.4,87.3,2.21,5.18,OK,26.1
3378,2026-07-15T20:38:00.000,4.6500000000000004,99,16.54,563.29999999999995,90.6,2.17,5.27,OK,29
3707,2026-07-15T20:42:00.000,4.37,95.8,15.44,621.1,90.2,2.36,5.35,OK,36.9
3380,2026-07-15T20:50:00.000,4.83,94.7,14.94,556.5,90.3,1.87,5.42,OK,29.6
3060,2026-07-15T20:58:00.000,4.29,91.7,13.59,538.1,82.2,2.15,5.49,OK,31.9
2936,2026-07-15T21:04:00.000,4.7300000000000004,91.2,13.44,524.1,84.8,1.65,5.56,OK,30.8
3538,2026-07-15T21:08:00.000,4.25,102.5,15.59,582,98.9,1.74,5.65,WARNING,37.799999999999997
3197,2026-07-15T21:15:00.000,4.47,95.4,14.69,525.9,84.9,2.2999999999999998,5.7,OK,34.1
3083,2026-07-15T21:22:00.000,3.97,98.9,14.88,559.29999999999995,89.5,2.06,5.79,OK,40.6
3038,2026-07-15T21:26:00.000,3.73,95.8,14.25,529.79999999999995,88.1,1.57,5.88,OK,32.1
3313,2026-07-15T21:32:00.000,4.42,100.5,15.51,600.29999999999995,93.5,2.14,5.93,WARNING,40.299999999999997
3261,2026-07-15T21:35:00.000,4.09,97.2,14.03,556.29999999999995,90.9,1.77,6.04,OK,33.9
3223,2026-07-15T21:42:00.000,4.47,97.4,14.2,555.29999999999995,89.7,1.69,6.14,OK,35.6
2850,2026-07-15T21:49:00.000,4.47,92,13.08,523.29999999999995,82.7,1.97,6.18,OK,36.5
2811,2026-07-15T21:55:00.000,3.77,93.7,13.25,503.9,85.7,1.53,6.25,OK,29
2924,2026-07-15T22:00:00.000,4.6399999999999997,93.6,14.85,524.70000000000005,87.5,2.15,6.32,OK,26.5
3235,2026-07-15T22:08:00.000,4.0999999999999996,95.1,14.89,530.70000000000005,90,2.0499999999999998,6.4,OK,36.9
3307,2026-07-15T22:11:00.000,4.37,89.5,14.41,567.29999999999995,86.8,2.34,6.48,OK,24.5
3608,2026-07-15T22:18:00.000,4.47,98.9,16.68,570.9,94.9,2.13,6.57,OK,33.6
2781,2026-07-15T22:26:00.000,4.28,99.1,13.3,533.20000000000005,93.1,1.47,6.66,OK,39.200000000000003
3307,2026-07-15T22:30:00.000,4.8,91.3,14.86,551.6,86.3,2.65,6.7,OK,28.6
2430,2026-07-15T22:37:00.000,4.24,93.5,13.25,470.7,89,1.46,6.74,OK,36.9
3133,2026-07-15T22:44:00.000,4.24,92.3,15.17,535.5,88.6,2.1,6.76,OK,40.4
2459,2026-07-15T22:51:00.000,4.24,94.8,12.06,491.8,88.2,1.6,6.8,OK,33.4
2536,2026-07-15T22:57:00.000,4.38,96.7,12.27,501,93.7,1.48,6.91,OK,34.299999999999997
3205,2026-07-15T23:02:00.000,4.28,96.3,14.44,548,91.2,2.17,6.94,OK,33.6
2971,2026-07-15T23:07:00.000,3.8,96.7,12.66,521.4,92.8,1.72,7.04,OK,32.1
2783,2026-07-15T23:15:00.000,4.1399999999999997,94.3,12.98,495.6,81.400000000000006,1.82,7.14,OK,31.6
2381,2026-07-15T23:17:00.000,4.4400000000000004,91.6,11.84,438.4,88.4,1.45,7.25,OK,38.1
2973,2026-07-15T23:22:00.000,4.96,96.5,12.71,552.20000000000005,87.2,1.54,7.29,OK,38.799999999999997
2848,2026-07-15T23:24:00.000,3.54,95,12.48,524.9,87.7,1.47,7.4,OK,33.9
3045,2026-07-15T23:29:00.000,4.49,96.2,16.25,558.6,89.4,2.67,7.45,OK,36.700000000000003
2158,2026-07-15T23:35:00.000,4.0199999999999996,93.8,12.52,471.4,87.6,1.43,7.53,OK,37.299999999999997
2956,2026-07-15T23:39:00.000,4.87,94.2,13.19,544.29999999999995,88.8,2.08,7.55,OK,27.2
2523,2026-07-15T23:47:00.000,4.18,92.7,11.67,480.6,81.8,1.63,7.6,OK,32.1
2787,2026-07-15T23:50:00.000,4.33,93.4,13.74,514.9,86.3,2.0299999999999998,7.63,OK,34.799999999999997
2636,2026-07-15T23:55:00.000,4.05,93.3,12.35,484,84.1,1.58,7.75,OK,25.7
2332,2026-07-16,3.64,95.2,11.74,482.7,88.3,1.29,7.77,OK,39.4
2457,2026-07-16T00:02:00.000,3.87,93.2,12.06,485.2,87,1.43,7.83,OK,31.5
2266,2026-07-16T00:06:00.000,4.12,90.4,10.99,468.8,84.9,1.91,7.88,OK,33.9
2361,2026-07-16T00:12:00.000,3.62,91.7,10.42,470.3,86.9,2.2200000000000002,7.98,OK,40.5
2197,2026-07-16T00:18:00.000,4.3499999999999996,92.5,10.45,475.4,85.9,1.54,8.08,OK,28.3
2627,2026-07-16T00:22:00.000,4.3,89.7,12.34,485.3,84,1.53,8.18,OK,25.3
2156,2026-07-16T00:28:00.000,3.38,89.7,10.47,436.4,82.5,1.48,8.3000000000000007,OK,28.1
2623,2026-07-16T00:31:00.000,4.3099999999999996,88.5,11.55,513.79999999999995,82.1,1.42,8.35,OK,27.5
3541,2026-07-16T00:38:00.000,4.4400000000000004,101.4,17.39,599.9,96.1,1.89,8.39,WARNING,42.5
2279,2026-07-16T00:44:00.000,4.58,89.8,11.92,456.7,85.9,2.27,8.5,OK,35.4
1785,2026-07-16T00:47:00.000,3.18,87,9.5500000000000007,389.1,83.3,1.34,8.6199999999999992,OK,33.6
3046,2026-07-16T00:52:00.000,4.37,94.2,14.74,530.6,90.2,1.55,8.6999999999999993,OK,37
2401,2026-07-16T00:58:00.000,3.75,93.1,11.67,444.7,90.7,2.31,8.82,OK,29.6
2204,2026-07-16T01:05:00.000,4.1900000000000004,90.5,13.34,442,79.400000000000006,1.68,8.94,OK,29.2
2088,2026-07-16T01:11:00.000,4.2300000000000004,88.8,13.42,436.4,81.400000000000006,1.99,9.02,OK,28.8
1821,2026-07-16T01:14:00.000,3.21,93,11.4,434.9,83.8,1.62,9.0399999999999991,OK,27.4
2041,2026-07-16T01:19:00.000,3.89,92.1,11.54,443.3,86.8,1.64,9.07,OK,31.1
1856,2026-07-16T01:26:00.000,4.37,86.9,9.66,406.8,81.099999999999994,1.1100000000000001,9.11,OK,39
1830,2026-07-16T01:34:00.000,4.05,88.5,8.17,437.5,82.8,2.33,9.18,OK,34.6
2275,2026-07-16T01:39:00.000,4.58,86.6,12.66,440.7,81.8,1.33,9.2799999999999994,OK,30.1
2380,2026-07-16T01:41:00.000,4.16,92.9,11.38,445.2,83.6,1.66,9.33,OK,38.299999999999997
1931,2026-07-16T01:46:00.000,3.28,93,10.28,448.1,84.2,1.29,9.3800000000000008,OK,31.5
2156,2026-07-16T01:53:00.000,3.34,91.8,11.43,446.8,83.2,1.83,9.44,OK,30.7
2685,2026-07-16T01:57:00.000,4.0199999999999996,92,13.43,512.4,84.1,2.48,9.5,OK,27
1628,2026-07-16T02:05:00.000,3.36,89.5,9.51,391.2,81.400000000000006,1.1299999999999999,9.58,OK,38
1321,2026-07-16T02:07:00.000,4.05,87.5,7.43,361.1,83.2,1.64,9.6199999999999992,OK,27.7
2155,2026-07-16T02:14:00.000,4.6500000000000004,86.8,10.9,428.3,81.7,1.57,9.67,OK,30.2
1578,2026-07-16T02:19:00.000,3.84,87.3,8.74,398.1,83.7,1.1000000000000001,9.75,OK,26.7
1622,2026-07-16T02:26:00.000,3.84,88.7,10.15,411.5,83.4,1.01,9.84,OK,28.7
1822,2026-07-16T02:29:00.000,3.46,85.7,9.58,429.4,86.5,1.67,9.8699999999999992,OK,27.3
2184,2026-07-16T02:36:00.000,4.13,89.2,10.9,474.6,83.3,2.1,9.9700000000000006,OK,31.2
1769,2026-07-16T02:44:00.000,3.13,96.7,9.77,433.4,93.7,1.1000000000000001,10.039999999999999,OK,40
954,2026-07-16T02:52:00.000,2.83,88.1,6.57,324.89999999999998,79.099999999999994,1.19,10.16,OK,34.299999999999997
1794,2026-07-16T02:56:00.000,4.25,88.1,9.77,435,83.9,1.3,10.26,OK,41.9
1723,2026-07-16T02:58:00.000,3.81,86.3,8.57,409.2,82.2,1.55,10.29,OK,26.4
1314,2026-07-16T03:04:00.000,3.68,89.1,7.08,387.3,82.6,1.1499999999999999,10.37,OK,37.700000000000003
993,2026-07-16T03:12:00.000,2.34,92.2,6.45,343.3,84.6,1.47,10.46,OK,32.200000000000003
1430,2026-07-16T03:19:00.000,3.3,93.3,8.8000000000000007,392.4,86.8,1.2,10.5,OK,43.1
800,2026-07-16T03:22:00.000,2.95,88.3,5.5,328.6,81.8,1.19,10.56,OK,32.200000000000003
888,2026-07-16T03:26:00.000,3.58,86.8,6.84,316,84.8,1.75,10.67,OK,31.6
1016,2026-07-16T03:29:00.000,3.61,86.3,7.93,316.39999999999998,82.9,1.27,10.74,OK,41.2
1027,2026-07-16T03:36:00.000,3.56,89.9,5.76,343,84.6,1.31,10.79,OK,29.6
1749,2026-07-16T03:38:00.000,3.69,93.1,8.77,440.7,90.2,1.95,10.9,OK,37
1366,2026-07-16T03:42:00.000,3.93,91,7.05,377.2,83.3,1.62,10.98,OK,31.4
1518,2026-07-16T03:44:00.000,3.22,94.2,7.55,399.5,91.2,1.19,11.04,OK,37.200000000000003
1447,2026-07-16T03:46:00.000,3.39,90.9,6.5,387.6,86.5,1.1000000000000001,11.11,OK,26.8
814,2026-07-16T03:51:00.000,3.78,85.4,6.51,338.6,81.3,0.69,11.23,OK,31.4
1134,2026-07-16T03:54:00.000,3.37,87.3,6.66,337.5,80.400000000000006,0.98,11.27,OK,30.6
1231,2026-07-16T04:02:00.000,3.82,89.8,7.99,379.8,82.5,1.72,11.36,OK,39.799999999999997
1245,2026-07-16T04:07:00.000,3.2,91.5,8.7100000000000009,368.4,87.3,1.01,11.43,OK,39
1440,2026-07-16T04:15:00.000,3.53,90.8,7.67,387.4,83.9,1.59,11.53,OK,38.700000000000003
1577,2026-07-16T04:20:00.000,3.95,90,9.7200000000000006,405.4,79.900000000000006,1.1100000000000001,11.65,OK,34.799999999999997
1365,2026-07-16T04:23:00.000,3.94,87,9.3000000000000007,374.6,81.7,0.92,11.69,OK,29
1834,2026-07-16T04:27:00.000,3.71,89.3,9.32,425.4,84.6,1.39,11.77,OK,30.2
1354,2026-07-16T04:30:00.000,2.96,89.6,6.46,369,79.8,0.89,11.88,OK,35.700000000000003
997,2026-07-16T04:36:00.000,2.9,90.7,5.9,365.6,82.5,1.1399999999999999,11.9,OK,36.5
1618,2026-07-16T04:40:00.000,3.51,85.9,11.37,398.6,76.400000000000006,1.05,11.93,OK,28.8
800,2026-07-16T04:45:00.000,3.29,88.2,6.07,341.5,78.2,0.98,11.96,OK,42.1
1326,2026-07-16T04:47:00.000,3.18,88.1,9.06,381.9,80,1.1299999999999999,12.08,OK,29.8
1073,2026-07-16T04:49:00.000,3.41,92.4,7.27,370.7,86.6,1.1399999999999999,12.15,OK,38.200000000000003
812,2026-07-16T04:54:00.000,3.29,83.3,4.7699999999999996,334.6,76.5,1.4,12.26,OK,27.5
1174,2026-07-16T04:58:00.000,3.22,85,8.06,359.5,78.3,1.17,12.28,OK,31.2
989,2026-07-16T05:05:00.000,2.56,90,6.4,359.9,83.5,1.56,12.36,OK,31.7
800,2026-07-16T05:11:00.000,3.33,86,8.07,329.8,80.599999999999994,0.98,12.44,OK,28.9
1132,2026-07-16T05:15:00.000,2.74,87.6,6.79,385.8,83.5,1.8,12.47,OK,39
800,2026-07-16T05:23:00.000,3.42,88.4,7.83,329.1,76.599999999999994,0.71,12.54,OK,33.299999999999997
1092,2026-07-16T05:26:00.000,4.1100000000000003,83,8.84,351.4,75.3,1.29,12.64,OK,35.6
996,2026-07-16T05:32:00.000,3.28,85.8,5.69,352.2,80.400000000000006,0.95,12.68,OK,30.2
1184,2026-07-16T05:35:00.000,3.18,88,8.27,353.6,81.099999999999994,1.6,12.76,OK,32.5
800,2026-07-16T05:43:00.000,3.66,88,5.98,339.3,84.7,0.71,12.79,OK,36
800,2026-07-16T05:47:00.000,3.1,81.5,7.35,311.2,77.2,1.58,12.87,OK,24.3
1053,2026-07-16T05:52:00.000,3.41,84.3,7.55,337.2,78.8,1.04,12.92,OK,31.1
2020,2026-07-16T05:57:00.000,4.01,96.2,10.74,440.6,92.1,2.25,13.02,OK,37.799999999999997
1056,2026-07-16T06:00:00.000,3.03,85.3,6.81,311.60000000000002,75.8,1.38,13.07,OK,26.4
850,2026-07-16T06:06:00.000,3.72,84.9,7,332.7,75.8,0.9,13.18,OK,27
1308,2026-07-16T06:09:00.000,3.84,87.7,6.81,372.2,79.3,1.1599999999999999,13.25,OK,39.299999999999997
800,2026-07-16T06:15:00.000,3.95,84.7,7.15,323,82.5,1.1399999999999999,13.31,OK,38.1
1151,2026-07-16T06:17:00.000,3.57,84.9,8.2799999999999994,361.2,78.599999999999994,1.6,13.4,OK,29.1
1018,2026-07-16T06:21:00.000,3.12,90.8,7.53,349.6,84.3,1,13.43,OK,37.4
1376,2026-07-16T06:29:00.000,3.06,86.4,7.47,386.5,80.8,0.89,13.53,OK,31.6
1234,2026-07-16T06:34:00.000,3.44,87.5,6.95,355.5,81,0.84,13.65,OK,34.9
837,2026-07-16T06:39:00.000,3.16,91.1,5.84,316.7,81.599999999999994,1.04,13.71,OK,37.6
800,2026-07-16T06:46:00.000,3.54,91.3,5.49,327.39999999999998,81.900000000000006,1.9,13.74,OK,33.799999999999997
800,2026-07-16T06:52:00.000,3.14,80.400000000000006,6.57,318.39999999999998,72.599999999999994,1.08,13.84,OK,26.4
1120,2026-07-16T06:59:00.000,3.12,83,6.96,352.8,73.2,0.95,13.9,OK,37.6
1003,2026-07-16T07:01:00.000,2.66,84.1,6.67,343.5,75.099999999999994,1.33,13.95,OK,30
1037,2026-07-16T07:06:00.000,3.27,84.4,6.71,378,76.900000000000006,1.25,14.03,OK,33.200000000000003
1123,2026-07-16T07:13:00.000,3.06,89,6.38,324.89999999999998,86.7,0.94,14.15,OK,35.700000000000003
800,2026-07-16T07:20:00.000,3,87.5,5.81,330.2,81.900000000000006,1.0900000000000001,14.21,OK,40.200000000000003
1013,2026-07-16T07:23:00.000,3.18,88.5,8.0399999999999991,340.2,84.2,1.05,14.28,OK,41.5
1055,2026-07-16T07:31:00.000,3.29,90.8,7.94,363.1,88.7,0.99,14.31,OK,40
800,2026-07-16T07:34:00.000,2.88,81,6.74,323.39999999999998,75.599999999999994,2.0699999999999998,14.38,OK,35.5
864,2026-07-16T07:41:00.000,2.96,84.6,7.87,323.7,81.3,1.06,14.48,OK,33.4
1226,2026-07-16T07:46:00.000,3.92,85,7.31,344.1,72.3,1.68,14.56,OK,23.5
1346,2026-07-16T07:52:00.000,3.36,88.6,7.9,368.8,85.2,0.87,14.6,OK,24.5
831,2026-07-16T07:56:00.000,3.42,85.6,7.31,321.2,77.2,1.72,14.68,OK,32.6
1301,2026-07-16T07:58:00.000,3.27,90.6,8.0299999999999994,357.6,82.5,1.06,14.71,OK,39.6
925,2026-07-16T08:05:00.000,3.14,85.9,5.91,349.3,79.400000000000006,0.77,14.73,OK,34.799999999999997
847,2026-07-16T08:12:00.000,3.54,85.3,5.39,347,79.400000000000006,0.76,14.77,OK,31
1838,2026-07-16T08:19:00.000,3.57,88.1,9.1,408.9,84.1,1.38,14.86,OK,27
1040,2026-07-16T08:23:00.000,3.6,86.4,8.2899999999999991,318.60000000000002,80.7,1.01,14.98,OK,33.700000000000003
800,2026-07-16T08:25:00.000,3.34,87.5,6.49,316.89999999999998,77.900000000000006,1.4,15.01,OK,39.200000000000003
1065,2026-07-16T08:30:00.000,3.15,88.4,7.51,328.2,83.3,0.76,15.1,WARNING,24.7
1143,2026-07-16T08:38:00.000,2.94,88,7.54,366.1,82.6,1.84,15.2,OK,31.6
1574,2026-07-16T08:45:00.000,3.88,86.3,8.3800000000000008,382.7,78,1.04,15.29,OK,23.6
1148,2026-07-16T08:51:00.000,3.13,87.3,5.15,332.6,79.400000000000006,1.2,15.37,OK,27.6
1425,2026-07-16T08:54:00.000,3.37,90.9,7.01,368.2,84,1.07,15.47,OK,40.700000000000003
1685,2026-07-16T09:01:00.000,3.46,89.1,10.51,386.4,79,1.1499999999999999,15.56,OK,24.9
1129,2026-07-16T09:09:00.000,2.76,84.4,8.1300000000000008,361.8,77.8,1.01,15.64,OK,25.7
1456,2026-07-16T09:16:00.000,3.53,87.7,10.039999999999999,372.9,81.900000000000006,0.93,15.71,OK,24.4
1354,2026-07-16T09:19:00.000,2.71,89.9,8.4700000000000006,376.1,83.9,1.18,15.73,OK,34.6
1477,2026-07-16T09:22:00.000,3.8,83,9.3000000000000007,381.1,75.2,1.96,15.81,OK,24.2
1456,2026-07-16T09:29:00.000,3.77,86.3,7.44,365.9,83.7,1.22,15.88,OK,27.6
1494,2026-07-16T09:35:00.000,3.48,90.6,7.3,369.2,84.9,1.57,15.93,OK,41.8
1367,2026-07-16T09:42:00.000,3.06,85.7,9.25,370.3,80.400000000000006,1.68,16.05,OK,26.2
1500,2026-07-16T09:46:00.000,3.74,88.3,9.01,407.7,83.2,1.48,16.14,OK,41.1
1420,2026-07-16T09:51:00.000,2.2799999999999998,80.8,8.4700000000000006,363.7,74.3,1.31,16.18,WARNING,27.1
2356,2026-07-16T09:59:00.000,4.01,93.5,11.29,502.7,83.9,1.34,16.3,OK,26
1777,2026-07-16T10:05:00.000,4.2,85.1,11.35,404.4,79.099999999999994,1.32,16.41,OK,34.6
1592,2026-07-16T10:12:00.000,3.66,93.1,8.31,388.7,88.2,1.51,16.46,OK,28.7
1499,2026-07-16T10:17:00.000,3.35,85.5,10.09,376.7,78.8,1.05,16.57,OK,21.9
1986,2026-07-16T10:22:00.000,3.4,90.3,10.47,403.9,83.7,2.06,16.59,OK,37
1385,2026-07-16T10:30:00.000,4.3899999999999997,83.6,6.54,379.5,78.5,1.04,16.670000000000002,OK,29.7
1248,2026-07-16T10:38:00.000,3.27,85.9,8.43,358.8,80.2,1.35,16.72,OK,42.2
1249,2026-07-16T10:42:00.000,3.36,84.4,7.81,349.8,78.8,1.1000000000000001,16.739999999999998,OK,28.4
2206,2026-07-16T10:45:00.000,3.74,93,10.83,483.2,88.5,1.45,16.8,OK,35.200000000000003
2216,2026-07-16T10:47:00.000,3.58,94.2,11.36,453.7,89.3,1.92,16.899999999999999,OK,27.7
1865,2026-07-16T10:53:00.000,2.93,84.8,7.7,429.4,76,2.27,17.02,OK,25.9
1641,2026-07-16T10:59:00.000,3.39,91.5,9.42,404.5,83.2,1.0900000000000001,17.05,OK,37.4
1673,2026-07-16T11:07:00.000,3.64,85.9,9.4499999999999993,415.1,81.900000000000006,1.3,17.16,OK,36.799999999999997
2609,2026-07-16T11:13:00.000,3.8,93,14.3,500.8,85.2,1.54,17.22,OK,39.200000000000003
1892,2026-07-16T11:18:00.000,2.85,90.5,12.22,435.7,82.7,1.53,17.3,OK,27.7
2073,2026-07-16T11:22:00.000,3.98,88.4,10.5,434.1,83.3,1.62,17.34,OK,31.4
1829,2026-07-16T11:28:00.000,3.68,93.6,10.79,429.8,87.8,1.67,17.37,OK,30.7
2044,2026-07-16T11:33:00.000,4.34,93.5,11.86,440,84.7,1.58,17.47,OK,34.4
2174,2026-07-16T11:41:00.000,3.87,92.1,11.2,437,83.8,1.3,17.57,OK,29.1
2704,2026-07-16T11:48:00.000,3.56,91,13.19,486.3,80.599999999999994,1.49,17.649999999999999,OK,25.9
2071,2026-07-16T11:52:00.000,4.34,88,10.41,432.6,80.599999999999994,1.39,17.71,OK,28.4
2312,2026-07-16T11:54:00.000,4.46,91.6,10.41,470.3,85.7,1.32,0.04,OK,34
2036,2026-07-16T11:58:00.000,3.37,90,11.63,448.7,85.8,1.18,0.14000000000000001,OK,25.6
2257,2026-07-16T12:01:00.000,4.1500000000000004,91.9,10.52,477.6,88.4,1.62,0.25,OK,29.5
2341,2026-07-16T12:03:00.000,4.54,88.9,11.46,489.9,86.2,1.84,0.31,OK,26.5
2180,2026-07-16T12:10:00.000,4.53,88.6,12.08,441.3,81,1.51,0.34,OK,27.3
2364,2026-07-16T12:12:00.000,4.53,88.8,10.53,488.9,82.8,1.51,0.42,OK,33.1
2063,2026-07-16T12:19:00.000,3.89,97.9,10.45,436.1,91.2,1.21,0.51,OK,36.4
2517,2026-07-16T12:21:00.000,4.12,90.5,13.59,485.1,84.3,1.75,0.59,OK,30.7
2390,2026-07-16T12:26:00.000,3.88,87.8,10.59,451.2,82.5,1.36,0.68,OK,29.8
2207,2026-07-16T12:33:00.000,3.77,85.4,10.83,438.5,79.8,1.76,0.75,OK,31.8
2389,2026-07-16T12:35:00.000,3.62,89,10.71,449.3,81.400000000000006,2.04,0.85,OK,24.6
2917,2026-07-16T12:43:00.000,4.49,95.5,14.59,527.5,90.4,1.72,0.95,OK,30.5
2452,2026-07-16T12:48:00.000,4.03,90.9,13.83,465.9,83.6,2.17,1.06,OK,25.4
2667,2026-07-16T12:51:00.000,4.0599999999999996,92.3,13.92,491.1,85.6,1.98,1.08,OK,28
2695,2026-07-16T12:53:00.000,4.1399999999999997,95,13.26,497.1,90.7,1.51,1.1299999999999999,OK,29.2
2778,2026-07-16T12:59:00.000,4.6399999999999997,94,13.06,504.3,87.6,1.56,1.17,OK,25.1
2217,2026-07-16T13:04:00.000,4.1900000000000004,91.3,11.96,468.4,86.4,1.52,1.26,OK,39.200000000000003
2269,2026-07-16T13:09:00.000,3.28,91.4,12.03,480.8,86.8,1.29,1.29,OK,26.9
2397,2026-07-16T13:13:00.000,4.91,91.5,10.76,456.3,86.6,1.33,1.35,OK,26.9
2899,2026-07-16T13:20:00.000,4.74,92,12.65,520.70000000000005,88.3,1.48,1.46,OK,26.8
2806,2026-07-16T13:22:00.000,4.0599999999999996,97.7,11.91,524.70000000000005,84.6,1.91,1.52,OK,31
2815,2026-07-16T13:24:00.000,4.29,93.3,13.57,515.20000000000005,90.2,1.85,1.55,OK,35.4
2725,2026-07-16T13:32:00.000,4.21,92,12.79,536.9,85.9,1.92,1.61,OK,29.6
2330,2026-07-16T13:36:00.000,3.65,91.3,12.2,465.1,83.2,1.78,1.69,OK,32.700000000000003
2610,2026-07-16T13:43:00.000,4,96.3,13.74,481.3,86.1,1.38,1.78,OK,33.799999999999997
2919,2026-07-16T13:50:00.000,3.96,97,14.03,520.70000000000005,89.9,1.6,1.9,OK,29.7
2811,2026-07-16T13:55:00.000,4.55,98.5,13.26,524.6,92,1.77,1.97,OK,35.1
2958,2026-07-16T14:00:00.000,3.75,97.6,15.01,540,92,1.64,2.09,OK,34.4
2374,2026-07-16T14:04:00.000,3.79,93.4,10.44,468.9,85.1,1.35,2.17,OK,36.6
2939,2026-07-16T14:07:00.000,3.99,95.8,13.84,532,85.5,2.44,2.25,OK,25.7
2236,2026-07-16T14:12:00.000,4.55,94.5,11.13,486.3,89.6,1.97,2.37,OK,38.799999999999997
2533,2026-07-16T14:20:00.000,4.41,91.7,12.23,516.20000000000005,82.9,1.95,2.4,OK,27.4
2672,2026-07-16T14:28:00.000,4.4000000000000004,91,12.38,518.5,81.2,1.47,2.4700000000000002,OK,25.4
2389,2026-07-16T14:30:00.000,4.42,92.9,13.03,492,85.7,1.85,2.4900000000000002,OK,35.1
2774,2026-07-16T14:33:00.000,4.29,91.5,11.64,519.70000000000005,89.4,1.79,2.57,OK,25.8
3173,2026-07-16T14:39:00.000,4.42,96.4,15.21,549.1,91.7,2.09,2.65,OK,29.5
3504,2026-07-16T14:43:00.000,4.6100000000000003,97.9,14.86,582,89.7,2.52,2.77,OK,35.9
2928,2026-07-16T14:48:00.000,4.18,94.3,11.91,540.20000000000005,86.2,2.1,2.82,OK,24.5
2905,2026-07-16T14:53:00.000,4.58,94.1,14.06,537.6,86.3,2.0099999999999998,2.89,OK,24
3111,2026-07-16T14:57:00.000,4.7699999999999996,96,14.85,553.1,93.5,2.2200000000000002,2.98,OK,33
3077,2026-07-16T15:04:00.000,4.67,94.6,15.5,556.29999999999995,89.9,1.86,3.05,OK,32.700000000000003
2834,2026-07-16T15:11:00.000,4.16,91.3,13.46,486.1,82.6,1.65,3.14,OK,28.3
3395,2026-07-16T15:19:00.000,4.4000000000000004,97,16.239999999999998,577.6,89.5,2.2000000000000002,3.22,OK,33
3118,2026-07-16T15:24:00.000,5.21,97,15.21,528.29999999999995,93.8,2,3.26,OK,34
3006,2026-07-16T15:29:00.000,4.29,91.4,14.16,525.6,87.3,1.91,3.38,OK,30
3052,2026-07-16T15:37:00.000,4.96,89,13.03,529.9,84.3,1.71,3.4,OK,23.9
4089,2026-07-16T15:44:00.000,4.84,100.7,18.46,634.79999999999995,94.2,2.65,3.43,WARNING,35.9
3550,2026-07-16T15:52:00.000,4.59,93.8,16.73,569.70000000000005,86.7,2.2200000000000002,3.5,OK,25.5
3173,2026-07-16T15:59:00.000,4.59,99.5,13.8,568.5,93.8,1.76,3.53,OK,36
2451,2026-07-16T16:01:00.000,4.59,94.9,11.75,492.9,92.5,1.58,3.63,OK,27.2
2719,2026-07-16T16:03:00.000,4.4000000000000004,90.1,11.43,520.29999999999995,85.6,2.25,3.71,OK,26.5
3356,2026-07-16T16:08:00.000,4.41,92.6,16.079999999999998,558,87.6,2.0499999999999998,3.79,OK,32.200000000000003
3234,2026-07-16T16:13:00.000,5.34,97,13.95,556.1,90,2.84,3.86,OK,29.1
2942,2026-07-16T16:21:00.000,4.4400000000000004,94.1,14.36,566.79999999999995,93.2,1.62,3.92,OK,26.4
3308,2026-07-16T16:26:00.000,4.46,97.8,15.82,560.4,92.1,1.79,4,OK,32.700000000000003
3101,2026-07-16T16:34:00.000,4.6399999999999997,97.3,14.91,523,94,2.11,4.03,OK,30.6
3145,2026-07-16T16:41:00.000,4.12,93.2,14.6,557.6,84.2,1.99,4.08,OK,25.7
3315,2026-07-16T16:46:00.000,4.83,97.3,15.99,580.1,94.1,1.95,4.16,OK,36.799999999999997
3025,2026-07-16T16:49:00.000,4.0199999999999996,95.7,14.01,554.5,89.7,2.13,4.1900000000000004,OK,25.2
2901,2026-07-16T16:51:00.000,4.54,95.8,14.59,542.29999999999995,92,1.85,4.3099999999999996,OK,31.4
2916,2026-07-16T16:59:00.000,4.8499999999999996,98.4,13.32,517.79999999999995,98.5,1.51,4.4000000000000004,OK,25.7
3252,2026-07-16T17:04:00.000,4.21,96.6,16,569.1,91.6,2.89,4.5,OK,30.1
2842,2026-07-16T17:09:00.000,4.32,95.3,13.66,527.79999999999995,91.7,1.53,4.57,OK,32.6
4165,2026-07-16T17:11:00.000,5.0999999999999996,104.8,18.05,650,102.8,2.11,4.62,WARNING,40.799999999999997
3726,2026-07-16T17:18:00.000,5.0599999999999996,104.2,16.559999999999999,610.4,99.3,2.1800000000000002,4.74,WARNING,34.200000000000003
3652,2026-07-16T17:26:00.000,4.91,99.2,17.37,614.20000000000005,90.8,1.88,4.83,OK,29
3090,2026-07-16T17:33:00.000,4.46,95,13.92,549.79999999999995,91.4,2.35,4.91,OK,32.5
3102,2026-07-16T17:39:00.000,4.95,91.9,14.6,544.29999999999995,89.7,1.7,4.9800000000000004,OK,23.4
2901,2026-07-16T17:44:00.000,4.38,97.1,12.77,520.79999999999995,92.5,2.12,5.05,OK,39.5
4038,2026-07-16T17:48:00.000,4.75,96.9,17.21,642.4,89.9,2.0499999999999998,5.13,OK,31.1
3861,2026-07-16T17:51:00.000,4.43,103.2,17.489999999999998,621,95.7,1.99,5.22,WARNING,42
3622,2026-07-16T17:58:00.000,5.13,99.2,15.62,599.9,93,1.85,5.29,OK,33.700000000000003
3340,2026-07-16T18:04:00.000,5.05,99.5,16.059999999999999,569.6,95.1,2.1800000000000002,5.35,OK,37.700000000000003
3241,2026-07-16T18:10:00.000,4.63,90.5,16.16,560.9,86,1.86,5.37,OK,26.4
3548,2026-07-16T18:18:00.000,4.1100000000000003,103,15.4,596.9,98.3,1.87,5.49,WARNING,39.700000000000003
3923,2026-07-16T18:20:00.000,4.74,94.9,16.73,603,88.4,2,5.6,OK,25.6
3581,2026-07-16T18:27:00.000,5.18,97.3,16.84,604,91.6,2.0299999999999998,5.67,OK,42.5
2958,2026-07-16T18:35:00.000,4.6100000000000003,88.9,14.13,534.20000000000005,83,1.91,5.7,OK,27.7
3070,2026-07-16T18:38:00.000,3.9,94.8,12.93,546.9,93.9,1.87,5.75,OK,35
3492,2026-07-16T18:42:00.000,4.82,98.1,14.98,586.4,93.4,2.2200000000000002,5.77,OK,33.4
3016,2026-07-16T18:45:00.000,4.37,94.7,14.19,523,86.3,1.84,5.81,OK,30.6
3142,2026-07-16T18:51:00.000,4.75,97.6,16.260000000000002,551,94.3,1.8,5.86,OK,31.9
3823,2026-07-16T18:57:00.000,4.6500000000000004,101.8,17.75,607.5,90.9,1.85,5.96,WARNING,30.9
3172,2026-07-16T19:05:00.000,4.91,98.5,16.88,561.79999999999995,91.4,1.87,6.06,OK,28.2
2717,2026-07-16T19:08:00.000,4.13,94,13.03,517.70000000000005,90.2,1.58,6.08,OK,34.6
4265,2026-07-16T19:10:00.000,4.03,102.8,16.29,650,99.3,2.2599999999999998,6.16,WARNING,41.2
3621,2026-07-16T19:12:00.000,4.5,98.7,18.420000000000002,597.4,93.5,2.0099999999999998,6.19,OK,36.299999999999997
3202,2026-07-16T19:18:00.000,4.57,96.7,13.86,562.20000000000005,90.2,2.12,6.29,OK,38.5
3206,2026-07-16T19:22:00.000,4.4800000000000004,102.1,13.45,557.4,89.8,1.74,6.33,WARNING,35.700000000000003
2448,2026-07-16T19:28:00.000,3.89,93.9,12.86,465.5,87.8,2.99,6.41,OK,33.5
3037,2026-07-16T19:31:00.000,3.83,97.7,15.41,531.9,87.7,1.57,6.45,OK,36.200000000000003
2897,2026-07-16T19:36:00.000,4.72,95.3,14.77,534.5,88,1.51,6.53,OK,27.2
3173,2026-07-16T19:44:00.000,5.0199999999999996,98,15,549.70000000000005,88.7,1.69,6.58,OK,27.8
3690,2026-07-16T19:49:00.000,4.4400000000000004,97.5,14.73,576.1,88.1,2.87,6.63,OK,31
3254,2026-07-16T19:53:00.000,4.8,98.3,15.21,560.4,94.7,2,6.69,OK,34.5
3791,2026-07-16T19:57:00.000,5.05,97.3,18.010000000000002,603.5,87.6,2.17,6.78,OK,20.2
2571,2026-07-16T20:01:00.000,3.72,91,12.92,487.3,85.2,2.5,6.87,OK,38.4
2499,2026-07-16T20:09:00.000,4.24,91.5,12.23,490.5,85.9,1.61,6.97,OK,30.8
3451,2026-07-16T20:17:00.000,5.61,98.2,16.510000000000002,610.20000000000005,90.8,2.68,7,OK,37.6
3031,2026-07-16T20:19:00.000,3.92,96.6,14.99,522.1,88.1,2.23,7.02,OK,27.1
3135,2026-07-16T20:27:00.000,4.84,104.2,14.11,581.29999999999995,98.7,1.72,7.1,WARNING,30.6
2939,2026-07-16T20:33:00.000,4.3600000000000003,91.9,14.22,525.70000000000005,88.4,1.99,7.21,OK,24.3
2993,2026-07-16T20:36:00.000,4.3099999999999996,92.2,13.9,546.29999999999995,87.4,2.42,7.33,OK,24.9
3141,2026-07-16T20:42:00.000,4.87,98.6,14.73,558,96.2,1.62,7.45,OK,38.6
2964,2026-07-16T20:50:00.000,4.18,90.9,13.84,525.70000000000005,87.1,2.06,7.5,OK,32.6
2651,2026-07-16T20:53:00.000,4.24,90.9,12.53,503.4,87,1.61,7.58,OK,38.700000000000003
3641,2026-07-16T21:01:00.000,4.7,96.7,15.59,572.4,89.2,1.89,7.61,OK,27.9
2833,2026-07-16T21:09:00.000,3.95,93.4,13.8,509.3,87.8,1.69,7.65,OK,32.9
2704,2026-07-16T21:14:00.000,4.63,95.7,13.54,511.8,87.9,1.43,7.73,OK,27.8
2626,2026-07-16T21:22:00.000,4.3600000000000003,91.4,12.17,475.5,82.3,1.73,7.83,OK,27
2840,2026-07-16T21:28:00.000,5.12,90.9,12.45,514.70000000000005,86.8,1.69,7.9,OK,30.6
2608,2026-07-16T21:31:00.000,4.24,90.4,12.53,479.1,81.400000000000006,1.64,8.02,OK,29.8
1955,2026-07-16T21:34:00.000,3.74,92.2,10.119999999999999,442.8,85.1,1.33,8.07,OK,26.5
2549,2026-07-16T21:39:00.000,4.01,93.7,13.32,498.7,86,1.58,8.1,OK,41.2
2231,2026-07-16T21:46:00.000,3.87,90.1,12.21,477.8,83.4,1.9,8.17,OK,28.5
2675,2026-07-16T21:52:00.000,4.74,93.1,11.74,507.7,87.9,1.99,8.2899999999999991,OK,32.299999999999997
2542,2026-07-16T21:58:00.000,3.94,91.3,12.21,471.3,88.2,1.88,8.36,OK,30.3
2292,2026-07-16T22:00:00.000,4.1100000000000003,95.1,11.81,462,88.6,2.3199999999999998,8.39,OK,40.799999999999997
2824,2026-07-16T22:06:00.000,4.13,97.6,13.06,502.6,91.7,1.94,8.4499999999999993,OK,26.9
2441,2026-07-16T22:11:00.000,3.6,93.6,13.31,487.4,87.5,1.33,8.5500000000000007,OK,29.8
2305,2026-07-16T22:14:00.000,4.07,95.8,10.220000000000001,465.5,92,1.3,8.6300000000000008,OK,38.299999999999997
2280,2026-07-16T22:19:00.000,3.48,87.7,10.87,459.3,81.2,2.08,8.74,OK,24.2
2243,2026-07-16T22:24:00.000,4.0199999999999996,94,11.4,462.1,91.5,1.46,8.77,OK,36.799999999999997
2525,2026-07-16T22:29:00.000,3.91,97.2,11.67,475,90.9,1.49,8.84,OK,34.5
2045,2026-07-16T22:35:00.000,3.72,89.7,10.29,445.2,82.4,1.69,8.93,OK,29
2313,2026-07-16T22:39:00.000,3.97,90.4,9.9499999999999993,478.5,87.7,1.45,8.98,OK,24.9
2082,2026-07-16T22:44:00.000,3.85,93.9,11.88,439,81.099999999999994,1.25,9.07,OK,35.299999999999997
2003,2026-07-16T22:47:00.000,3.73,92.9,11.04,436.7,90.9,1.46,9.14,OK,25.2
2363,2026-07-16T22:49:00.000,4.17,96.5,9.9600000000000009,489.5,93.8,2.1800000000000002,9.23,OK,36.4
1841,2026-07-16T22:55:00.000,3.78,86.1,10.84,406.1,80.8,1.36,9.31,OK,28.5
2320,2026-07-16T22:59:00.000,4.96,94.5,11.42,470.5,89,2.02,9.4,OK,37.6
2216,2026-07-16T23:07:00.000,3.58,89.1,10.91,461.8,81.099999999999994,1.92,9.4499999999999993,OK,27.5
2543,2026-07-16T23:11:00.000,3.75,91.6,12.53,502.5,85.8,1.7,9.56,OK,28.9
1433,2026-07-16T23:16:00.000,3.4,85.1,8.15,381.6,82.1,0.93,9.6199999999999992,OK,32.4
2375,2026-07-16T23:24:00.000,3.72,93.4,11.79,464.1,87,1.75,9.7200000000000006,OK,38.299999999999997
1883,2026-07-16T23:27:00.000,4.21,86.9,9.18,426.3,83.2,1.83,9.77,OK,26.9
1334,2026-07-16T23:35:00.000,4.05,89.1,7.84,369.1,84,1,9.84,OK,38.700000000000003
1700,2026-07-16T23:43:00.000,3.51,89.4,8.8000000000000007,407.7,86.1,1.1299999999999999,9.9,OK,26.9
2080,2026-07-16T23:45:00.000,4.05,90.4,11.21,428.3,84.5,1.91,10,OK,25.9
1842,2026-07-16T23:49:00.000,3.87,91.1,9.84,411.2,83.4,1.88,10.09,OK,27
2315,2026-07-16T23:55:00.000,3.84,91.6,11.53,476.2,87,1.6,10.17,OK,34.4
1696,2026-07-17T00:03:00.000,3.92,84.3,8.56,405.2,76.3,1.17,10.24,OK,28.1
1775,2026-07-17T00:06:00.000,3.93,95.4,10.33,418.7,92.4,1.52,10.27,OK,38.4
1694,2026-07-17T00:12:00.000,3.05,90.9,9.83,398.1,82.6,1.18,10.32,WARNING,32.5
1373,2026-07-17T00:17:00.000,3.03,90.9,9.36,400.3,84.6,1.3,10.34,OK,37.5
1693,2026-07-17T00:19:00.000,3.54,90.2,9.73,417.3,82.2,1.52,10.42,OK,29.7
1599,2026-07-17T00:25:00.000,3.47,91.2,9.0299999999999994,434.7,82.9,2.13,10.46,OK,38
1680,2026-07-17T00:27:00.000,3.63,93.4,9.94,400.7,86.8,1.64,10.49,OK,38
1644,2026-07-17T00:33:00.000,3.32,87.7,8.61,381.1,82.7,0.98,10.57,OK,32.6
1597,2026-07-17T00:41:00.000,3.21,91.5,8.6999999999999993,408.4,84.5,1.73,10.66,OK,34.1
1605,2026-07-17T00:45:00.000,3.44,92.2,8.6300000000000008,402.5,86.4,0.98,10.69,OK,41
1930,2026-07-17T00:52:00.000,3.38,89.7,11.38,427.4,80.099999999999994,2.21,10.76,OK,27.6
1178,2026-07-17T00:56:00.000,3.8,85.8,7.54,340.9,83.3,1.51,10.79,OK,31.6
1243,2026-07-17T01:03:00.000,3.77,86.9,7.96,364.9,83.8,0.89,10.82,OK,27.1
1968,2026-07-17T01:08:00.000,4,92.6,9.82,428.8,89.8,1.61,10.9,OK,41.9
1893,2026-07-17T01:11:00.000,4.0999999999999996,91.9,10.38,415.6,85.4,1.2,10.99,OK,29.7
1516,2026-07-17T01:13:00.000,3.4,88.9,8.7799999999999994,382.9,82.2,1.2,11.04,OK,37.5
2111,2026-07-17T01:16:00.000,3.77,87.7,12.12,421.1,84.6,1.57,11.1,OK,27.9
1552,2026-07-17T01:19:00.000,3.7,90.3,8.83,411.2,81,1,11.17,OK,32.1
2015,2026-07-17T01:22:00.000,4.03,97.9,11.15,448,94.8,1.45,11.28,OK,39.1
1849,2026-07-17T01:25:00.000,3.84,93,9.1,425.7,89.7,1.53,11.36,OK,41
1887,2026-07-17T01:28:00.000,3.86,90.6,10.18,446.8,85.5,1.45,11.47,OK,34.6
895,2026-07-17T01:34:00.000,3.31,87.7,6.96,325.8,80.8,1.53,11.51,OK,21.3
1511,2026-07-17T01:37:00.000,3.87,90.7,7.95,377.7,84.6,1.85,11.59,OK,35.799999999999997
1230,2026-07-17T01:39:00.000,3.77,87.9,8.01,373,85.7,0.91,11.67,OK,35.4
800,2026-07-17T01:47:00.000,3.04,88.4,5.31,310.10000000000002,79.099999999999994,0.88,11.72,OK,26.6
1690,2026-07-17T01:54:00.000,3.88,88.5,7.43,375.1,80.400000000000006,1.07,11.75,OK,35.700000000000003
1624,2026-07-17T02:02:00.000,2.86,90.4,9.35,412.6,84.1,1.38,11.84,OK,40.299999999999997
1138,2026-07-17T02:06:00.000,2.78,85.4,8.3800000000000008,356.1,80.3,0.94,11.88,OK,22.2
957,2026-07-17T02:09:00.000,3.03,95.2,4.95,344.6,89.9,1.19,11.96,OK,40
1178,2026-07-17T02:17:00.000,3.18,83.8,8.3000000000000007,335.5,75.400000000000006,1.21,12.01,OK,27.7
800,2026-07-17T02:22:00.000,3.79,83.4,7.3,327.60000000000002,73.7,1.1499999999999999,12.07,OK,34.799999999999997
800,2026-07-17T02:24:00.000,3.05,85.4,4.4800000000000004,315.3,82.3,1.39,12.15,OK,29.4
1011,2026-07-17T02:30:00.000,3.36,91,6.94,360.8,82.9,1.34,12.2,OK,35.5
1319,2026-07-17T02:34:00.000,3.5,89.6,7,383.4,85.5,1.68,12.25,OK,30.3
1027,2026-07-17T02:41:00.000,2.8,85,8.8800000000000008,330.2,77.900000000000006,1.06,12.36,OK,32.700000000000003
886,2026-07-17T02:45:00.000,3.33,83.3,6.67,307.7,77.599999999999994,0.74,12.48,OK,33
800,2026-07-17T02:52:00.000,3.19,83.5,4.78,326.10000000000002,83.1,1.1200000000000001,12.52,OK,30.5
1914,2026-07-17T02:56:00.000,4.34,89,11.03,433.3,78.8,4.2,12.63,OK,25.4
800,2026-07-17T03:03:00.000,2.95,87.1,5.95,329.7,82.2,5.55,12.65,OK,35.200000000000003
800,2026-07-17T03:11:00.000,3.37,86,6.32,323.10000000000002,80.8,0.97,12.67,OK,36.4
834,2026-07-17T03:18:00.000,3.4,83.7,5.46,337.7,75.400000000000006,0.97,12.76,OK,26.9
1210,2026-07-17T03:23:00.000,3.07,88.6,8.41,411.7,81,1.38,12.81,OK,40
1060,2026-07-17T03:31:00.000,2.48,86.2,7.68,372.5,79,1.19,12.86,OK,24.3
800,2026-07-17T03:34:00.000,3.17,85.2,7,326.2,80.099999999999994,0.87,12.92,OK,27.4
1080,2026-07-17T03:40:00.000,3.74,87.5,6.85,362.2,77.7,1.03,12.96,OK,28.8
1397,2026-07-17T03:46:00.000,3.6,87.2,7.57,375.2,83.5,1.41,13.07,OK,24.8
1077,2026-07-17T03:53:00.000,3.69,80.8,8.0299999999999994,308.5,75.400000000000006,0.83,13.1,OK,27.2
1057,2026-07-17T04:00:00.000,3.06,88.4,8.1199999999999992,372.8,77.599999999999994,0.89,13.19,OK,38.799999999999997
1056,2026-07-17T04:06:00.000,3.59,84.2,5.54,333.6,77.400000000000006,0.9,13.24,OK,29
800,2026-07-17T04:09:00.000,2.4900000000000002,88.8,6.61,307.39999999999998,86.4,0.85,13.31,OK,29.2
1157,2026-07-17T04:15:00.000,3.58,84.3,7.78,369.2,77.099999999999994,1.22,13.39,OK,32.5
1365,2026-07-17T04:21:00.000,2.92,84.5,8.2899999999999991,408,80.5,1.58,13.43,OK,37
1475,2026-07-17T04:29:00.000,3.71,91.4,9.23,399.1,91.2,1.71,13.53,OK,35.700000000000003
1154,2026-07-17T04:33:00.000,3.15,87.7,5.33,354.3,74.3,1.18,13.57,OK,32.299999999999997
1012,2026-07-17T04:40:00.000,3.54,88.9,8.57,362.4,81.400000000000006,0.81,13.6,OK,40.6
1667,2026-07-17T04:43:00.000,3.6,92.1,11.45,415.2,84.4,1.33,13.63,OK,39
1057,2026-07-17T04:45:00.000,3.7,85,7.43,325.7,83.2,0.96,13.75,OK,26.6
850,2026-07-17T04:47:00.000,3.34,84.8,6.94,310.89999999999998,76,1.45,13.81,OK,32.799999999999997
800,2026-07-17T04:49:00.000,3.17,87.6,5.62,318.3,82.9,0.91,13.92,OK,38.700000000000003
800,2026-07-17T04:54:00.000,3.58,84.6,6.96,327.10000000000002,75.599999999999994,0.78,14.02,OK,39
863,2026-07-17T04:58:00.000,3.33,87.4,6.5,343.1,80,1.56,14.11,OK,23.8
1721,2026-07-17T05:04:00.000,4.28,89.3,9.33,405.2,81.3,1.92,14.23,OK,37.4
800,2026-07-17T05:12:00.000,3.17,83.1,6.12,335,78.7,0.95,14.32,OK,34.700000000000003
1600,2026-07-17T05:19:00.000,3.5,91.2,8.27,424.1,86.4,1.17,14.41,OK,36.700000000000003
1003,2026-07-17T05:23:00.000,2.99,82.8,8.18,334.9,77.8,0.8,14.44,OK,26
1451,2026-07-17T05:30:00.000,3.29,91.7,10.039999999999999,368.8,87.1,1.36,14.55,OK,33.5
800,2026-07-17T05:33:00.000,3.13,79.900000000000006,5.57,325.7,73.099999999999994,0.69,14.59,OK,29.4
1104,2026-07-17T05:36:00.000,3.12,83.3,7.75,374,74.400000000000006,1.02,14.7,OK,34.200000000000003
800,2026-07-17T05:40:00.000,3.38,85.7,7.02,316.2,81.599999999999994,0.94,14.79,OK,36.700000000000003
1144,2026-07-17T05:43:00.000,2.92,86.1,6.56,379.7,78.400000000000006,0.94,14.88,OK,27.2
1426,2026-07-17T05:47:00.000,3.23,84.9,8.01,369.4,75.8,1.1000000000000001,14.93,OK,26.1
1504,2026-07-17T05:51:00.000,2.81,87.7,8.2200000000000006,387,81.8,1.43,14.98,OK,31.2
1179,2026-07-17T05:58:00.000,3.08,91.5,8.69,383.9,87.2,0.98,15.09,OK,31.9
1072,2026-07-17T06:05:00.000,3.74,85.5,8.07,343.3,80.5,1.01,15.18,OK,34.299999999999997
1244,2026-07-17T06:09:00.000,3.26,83.7,8.48,339.6,77.099999999999994,1.24,15.21,OK,33.200000000000003
1031,2026-07-17T06:16:00.000,2.98,87.8,6.76,357.1,85.8,0.85,15.27,OK,39.4
1049,2026-07-17T06:18:00.000,3.05,84.7,7.48,325,83.5,0.83,15.38,OK,35.700000000000003
1125,2026-07-17T06:25:00.000,3.45,88.1,8.4700000000000006,369.6,75.7,1.1399999999999999,15.44,OK,31.1
1367,2026-07-17T06:32:00.000,3.9,89.4,9.59,390.8,81.599999999999994,1.43,15.53,OK,32.5
1809,2026-07-17T06:38:00.000,4.01,91.3,9.1300000000000008,443.9,85.8,1.19,15.63,OK,38.799999999999997
1782,2026-07-17T06:46:00.000,3.21,92.8,7.86,408,85.5,1.85,15.66,OK,40.1
1236,2026-07-17T06:49:00.000,3.89,86.7,6.8,350.6,77.8,0.93,15.76,OK,39.799999999999997
1084,2026-07-17T06:55:00.000,3.64,89.3,6.83,353.4,84.1,1.47,15.84,OK,32.6
1135,2026-07-17T07:01:00.000,3.51,86.1,7.71,347.4,81.5,1.21,15.94,OK,34.299999999999997
896,2026-07-17T07:09:00.000,2.76,91.4,7.11,315.2,81.099999999999994,1.24,16.04,OK,37
1691,2026-07-17T07:17:00.000,3.34,89,9.36,403.5,84.3,1.1499999999999999,16.09,OK,33.4
972,2026-07-17T07:21:00.000,3.01,83.7,7.24,336.4,75.8,1.27,16.13,OK,26.4
800,2026-07-17T07:27:00.000,2.95,87,6.89,332.5,78.5,1.57,16.18,OK,40.1
1763,2026-07-17T07:31:00.000,3.75,90.6,9.1300000000000008,419.7,80.900000000000006,1.1299999999999999,16.21,OK,29.7
1773,2026-07-17T07:38:00.000,2.69,95.1,9.33,420.6,86,1.56,16.28,OK,38.700000000000003
1180,2026-07-17T07:41:00.000,2.9,89.1,8.1300000000000008,385.5,80.8,1.1000000000000001,16.37,OK,36.200000000000003
1689,2026-07-17T07:48:00.000,3.52,94.4,9.7799999999999994,410,91.3,1.1499999999999999,16.41,OK,30.4
1148,2026-07-17T07:53:00.000,3.72,83.9,6.33,342.4,81.7,0.83,16.5,OK,27.8
1602,2026-07-17T07:59:00.000,3.51,87.5,9.8000000000000007,394.7,82.5,1.04,16.54,OK,28
1788,2026-07-17T08:07:00.000,3.81,86.2,9.8699999999999992,421.2,74.400000000000006,1.18,16.62,OK,28.5
1932,2026-07-17T08:13:00.000,4.16,91.7,9.33,426.1,88.5,2.38,16.64,OK,41.7
1855,2026-07-17T08:19:00.000,3.47,89.6,9.8000000000000007,431.4,84.1,1.49,16.670000000000002,OK,36.4
1081,2026-07-17T08:23:00.000,2.99,84,7.08,354.1,77.099999999999994,1.19,16.739999999999998,OK,35.700000000000003
1878,2026-07-17T08:30:00.000,3.35,91.9,9.26,419,86.9,1.35,16.8,OK,29.3
2564,2026-07-17T08:32:00.000,4.04,93,12.59,484.9,87,1.58,16.829999999999998,OK,25.1
1966,2026-07-17T08:36:00.000,3.6,88.5,10.64,460,82.8,1.83,16.87,OK,27.3
1373,2026-07-17T08:43:00.000,4.03,90.2,9.41,382.7,88.8,1.1000000000000001,16.95,OK,37.6
1638,2026-07-17T08:47:00.000,3.74,85.9,7.76,359.8,80.2,1.05,17.03,OK,23.1
1736,2026-07-17T08:51:00.000,3.9,90.7,9.69,403.1,85.2,1.3,17.12,OK,38.299999999999997
1129,2026-07-17T08:54:00.000,3.04,86.4,7.03,362.5,81.5,1.54,17.21,OK,24.7
2009,2026-07-17T08:57:00.000,3.83,89.3,10.220000000000001,436.1,82.4,1.28,17.25,OK,25.8
1881,2026-07-17T09:02:00.000,3.64,91.4,11.92,428.2,90.4,1.34,17.36,OK,36.299999999999997
1927,2026-07-17T09:08:00.000,3.9,85.3,11.18,434.4,80.099999999999994,1.33,17.420000000000002,OK,30.2
2019,2026-07-17T09:13:00.000,3.97,90.9,11.61,428,81.5,1.74,17.52,OK,23.9
1840,2026-07-17T09:15:00.000,3.59,92.4,10.19,428.3,83.8,1.21,17.54,OK,28.2
2422,2026-07-17T09:18:00.000,3.94,96.6,12.09,481.5,92.2,1.44,17.600000000000001,OK,37.4
2217,2026-07-17T09:22:00.000,4.3499999999999996,90.2,10.220000000000001,460.3,83,1.51,17.690000000000001,OK,31.2
1996,2026-07-17T09:25:00.000,3.47,93.8,12.03,436.4,85.6,1.68,17.739999999999998,OK,34.1
2368,2026-07-17T09:28:00.000,4.2699999999999996,93.6,10.93,470.3,83.2,1.8,17.829999999999998,OK,32.4
2367,2026-07-17T09:35:00.000,4.16,89.3,12.17,475.9,89.5,1.43,17.87,OK,28
1938,2026-07-17T09:37:00.000,4.07,88.6,9.94,415.6,82.2,1.24,17.97,OK,27.4
2242,2026-07-17T09:45:00.000,3.86,90.8,11.04,451,81.099999999999994,1.4,18.03,OK,28.6
2271,2026-07-17T09:47:00.000,4.38,87.4,10.16,481.6,81.900000000000006,1.58,18.13,OK,36.799999999999997
2157,2026-07-17T09:53:00.000,3.67,93.6,11.31,464,85.5,1.23,18.170000000000002,OK,38.5
1917,2026-07-17T10:00:00.000,3.99,87,8.56,438.4,83.8,1.49,18.28,OK,29.4
2206,2026-07-17T10:03:00.000,4.1399999999999997,88.5,9,454.1,85.9,1.98,18.350000000000001,OK,29.5
2894,2026-07-17T10:05:00.000,4.38,94.6,13.12,526.1,87.3,1.98,18.38,OK,29.7
2253,2026-07-17T10:10:00.000,4.3099999999999996,93,11.78,451.7,86.6,1.52,18.47,OK,39.799999999999997
2824,2026-07-17T10:13:00.000,4.7,90.7,12.34,516.1,84.1,1.76,18.59,OK,26.9
2526,2026-07-17T10:17:00.000,4.34,94.6,10.57,494.8,88.7,1.34,18.62,OK,36.5
2625,2026-07-17T10:23:00.000,4.83,90,14.34,505.9,82.9,1.43,18.71,OK,26.2
2167,2026-07-17T10:26:00.000,3.78,90.6,12.92,448.9,85.1,1.8,18.82,OK,36.9
3031,2026-07-17T10:32:00.000,4.28,97,14.71,539.4,94.1,1.71,18.850000000000001,OK,26.7
3372,2026-07-17T10:40:00.000,4.66,99.2,14.96,613.4,91.8,1.77,18.940000000000001,OK,39.799999999999997
2435,2026-07-17T10:46:00.000,4.0199999999999996,91.1,12.49,478.3,88.7,1.51,19.05,OK,22.3
3163,2026-07-17T10:48:00.000,4.3,99.9,15.16,543.1,91.5,1.97,19.09,OK,32.200000000000003
2289,2026-07-17T10:50:00.000,3.47,92.5,12.01,474.5,86.9,1.58,19.18,OK,36.200000000000003
2741,2026-07-17T10:53:00.000,4.51,93.6,13.76,511.1,89.3,1.62,19.29,OK,36.5
2376,2026-07-17T10:59:00.000,3.99,92.9,12.33,461.8,88.1,1.49,19.36,OK,40
2945,2026-07-17T11:04:00.000,4.2699999999999996,100.8,13.49,543.4,95.4,1.87,19.46,WARNING,36.700000000000003
2767,2026-07-17T11:11:00.000,3.91,92.3,13.23,524.4,88.8,1.83,19.510000000000002,OK,25.3
2846,2026-07-17T11:18:00.000,4.17,92.8,14.16,507,83.8,1.88,19.54,OK,34.200000000000003
3347,2026-07-17T11:20:00.000,4.6500000000000004,96.9,15.59,586.9,91,2.11,19.63,OK,31.3
3348,2026-07-17T11:22:00.000,4.18,93.6,16.02,553.70000000000005,85.4,2.19,19.72,OK,25.6
2876,2026-07-17T11:24:00.000,4.2699999999999996,92.7,12.79,507.4,85.1,1.77,19.82,OK,28.3
3347,2026-07-17T11:26:00.000,4.3600000000000003,102.3,15.49,577.4,95.2,2.44,19.86,WARNING,37.6
3385,2026-07-17T11:32:00.000,4.54,98.5,14.62,584.5,93.3,2.2000000000000002,19.97,OK,36.799999999999997
3394,2026-07-17T11:37:00.000,4.58,92,15.44,577.9,85.6,2.16,20.010000000000002,OK,24.8
3079,2026-07-17T11:39:00.000,3.95,95.2,13.67,546.1,91.2,2.15,20.100000000000001,OK,34.799999999999997
3164,2026-07-17T11:44:00.000,4.8099999999999996,91.9,14.31,527.5,84.4,1.84,20.149999999999999,OK,34.299999999999997
2970,2026-07-17T11:50:00.000,3.53,91.7,14.72,513.4,87.1,1.83,20.23,OK,26
3907,2026-07-17T11:57:00.000,4.9400000000000004,101.4,17.68,619.6,95.1,2,20.3,WARNING,30.5
3250,2026-07-17T12:01:00.000,4.88,96.5,13.98,566.70000000000005,93.8,2.7,20.34,OK,39.799999999999997
3100,2026-07-17T12:09:00.000,4.33,103,13.92,548.4,93.6,2.57,20.37,WARNING,34.9
3324,2026-07-17T12:13:00.000,4.1399999999999997,90,15.88,570.9,84.1,1.89,20.420000000000002,OK,31.4
3261,2026-07-17T12:17:00.000,4.83,93.4,16.59,583.70000000000005,87,1.82,20.48,OK,24.4
3905,2026-07-17T12:20:00.000,4.32,98.4,17.93,606.20000000000005,91.7,2.84,20.56,OK,27.3
3193,2026-07-17T12:25:00.000,4.38,95.1,14.09,552.20000000000005,87.7,1.98,20.61,OK,27.4
3485,2026-07-17T12:33:00.000,5.03,99.1,15.55,592.1,94.5,2.62,20.69,OK,33.299999999999997
3190,2026-07-17T12:39:00.000,4.43,97.1,14.97,566.5,92.3,1.77,20.8,OK,38.6
2657,2026-07-17T12:42:00.000,4.18,95.4,13.1,507,93,1.63,20.83,OK,26.3
3262,2026-07-17T12:46:00.000,5,91.8,15.09,551.4,89.1,1.98,20.88,OK,25.9
3574,2026-07-17T12:54:00.000,4.1900000000000004,95.5,15.21,562.9,92.8,1.83,20.99,OK,25.2
3336,2026-07-17T12:58:00.000,4.6100000000000003,94,14.78,556.79999999999995,84.9,1.83,21.07,OK,32.299999999999997
2896,2026-07-17T13:06:00.000,4.3499999999999996,92.1,13.86,529.70000000000005,86.1,1.73,21.11,OK,26.4
3867,2026-07-17T13:10:00.000,4.59,99.3,16.66,638.29999999999995,97.1,1.98,21.15,OK,35.6
2907,2026-07-17T13:18:00.000,4.0999999999999996,95.4,14.56,509.4,87.1,1.52,21.22,OK,28.2
3063,2026-07-17T13:25:00.000,4.8,92.1,12.62,554.5,88.6,1.95,21.31,OK,28.4
2949,2026-07-17T13:31:00.000,3.72,92.9,14.97,541.5,85.4,1.82,21.39,OK,26.3
2989,2026-07-17T13:35:00.000,4.29,96.5,15.85,537.9,89.1,1.59,21.46,OK,36.9
3375,2026-07-17T13:40:00.000,4.34,96.6,15.65,558.29999999999995,92.6,2.04,21.54,OK,29.6
3581,2026-07-17T13:44:00.000,4.8099999999999996,93.6,15.36,605.29999999999995,91.4,2.0299999999999998,21.61,OK,26.2
3168,2026-07-17T13:52:00.000,4.28,96.8,16.03,550.29999999999995,89.7,2.42,21.7,OK,32.799999999999997
3577,2026-07-17T13:55:00.000,4.71,102.7,15.74,603.79999999999995,93.7,2.17,21.8,WARNING,39.9
3654,2026-07-17T13:59:00.000,4.68,101.8,15.59,590.20000000000005,95.6,2.09,21.86,WARNING,34.9
3274,2026-07-17T14:02:00.000,4.53,97.8,15.24,541,89.5,1.93,21.95,OK,40.200000000000003
2863,2026-07-17T14:09:00.000,4.24,97.3,14.57,534.9,92.6,1.57,22.04,OK,37.299999999999997
3926,2026-07-17T14:11:00.000,4.93,99.3,18.989999999999998,629.20000000000005,93.1,2.4,22.14,OK,33.299999999999997
3163,2026-07-17T14:18:00.000,4.51,98.8,14.03,560.9,91.8,2.85,22.24,OK,32.700000000000003
2626,2026-07-17T14:24:00.000,4.16,96.5,12.81,486.4,87.8,1.84,22.34,OK,36.9
3264,2026-07-17T14:29:00.000,4.47,95.2,15.02,569.70000000000005,90.9,2.0699999999999998,22.43,OK,38.6
3604,2026-07-17T14:33:00.000,5.0599999999999996,98.3,15.69,603.9,92.5,1.77,22.48,OK,35.200000000000003
3656,2026-07-17T14:37:00.000,4.42,98.2,16.52,634.79999999999995,89.6,2.0099999999999998,22.58,OK,38.700000000000003
3000,2026-07-17T14:41:00.000,5.13,96.2,14.5,531.79999999999995,95,1.59,22.68,OK,36.9
2748,2026-07-17T14:45:00.000,3.97,90.6,13.4,479.6,84.8,1.45,22.77,OK,29.5
3499,2026-07-17T14:48:00.000,4.51,95.3,14.9,572.79999999999995,91.3,3.02,22.84,WARNING,24.6
3569,2026-07-17T14:54:00.000,4.05,98.2,16.059999999999999,583.79999999999995,96.4,2.12,22.89,OK,35.299999999999997
3775,2026-07-17T14:57:00.000,4.6900000000000004,100.3,15.7,612.9,94.7,1.94,22.94,WARNING,39.799999999999997
3730,2026-07-17T15:01:00.000,5.07,100.9,15.13,618,94.1,2.27,23,WARNING,39.299999999999997
3424,2026-07-17T15:04:00.000,4.33,91.5,15.46,558.9,85,2.11,23.1,OK,24.8
3044,2026-07-17T15:08:00.000,4.8499999999999996,98.2,14.56,558.29999999999995,92.9,1.67,23.16,OK,35.4
3189,2026-07-17T15:10:00.000,4.3899999999999997,99.1,14.69,556.79999999999995,89.8,2.04,23.26,OK,35.6
3265,2026-07-17T15:13:00.000,4,99.3,14.65,531.9,94.1,2.2400000000000002,23.3,OK,29.5
3021,2026-07-17T15:19:00.000,4.0999999999999996,95.3,14.35,535.6,86.2,1.66,23.33,OK,32.799999999999997
3710,2026-07-17T15:26:00.000,4.93,99,18.03,594.20000000000005,92.5,2.4,23.42,OK,32
3681,2026-07-17T15:28:00.000,4.53,102.5,16.59,607.79999999999995,95.5,2.1800000000000002,23.45,WARNING,38.6
2821,2026-07-17T15:33:00.000,4.87,91.4,15.35,528.6,85.3,1.54,23.51,OK,27
3186,2026-07-17T15:36:00.000,4.24,96.2,14.5,534.79999999999995,92.2,1.71,23.56,OK,27.6
4007,2026-07-17T15:39:00.000,4.91,98.6,17.420000000000002,627.29999999999995,94.3,2.2799999999999998,23.62,OK,35.1
3680,2026-07-17T15:47:00.000,4.53,99,16.61,625.29999999999995,89.9,2.52,23.68,OK,29.7
3325,2026-07-17T15:54:00.000,4.8899999999999997,95.7,12.95,558.4,88.8,1.85,23.79,OK,24.1
3628,2026-07-17T15:59:00.000,4.21,97.2,16.329999999999998,584,88.7,1.95,23.86,OK,37.799999999999997
3806,2026-07-17T16:05:00.000,4.0999999999999996,98.8,15.92,639.9,90.3,2.0299999999999998,23.91,WARNING,26.8
3247,2026-07-17T16:07:00.000,4.3099999999999996,97.7,15.51,567.5,88.2,2.27,23.99,OK,41.8
2722,2026-07-17T16:12:00.000,4.16,92.7,12.51,527.20000000000005,84.7,1.62,24.09,OK,28.5
3481,2026-07-17T16:18:00.000,4.03,99.7,15.1,573.70000000000005,95.1,2.09,24.17,OK,33.200000000000003
3481,2026-07-17T16:26:00.000,4.78,98.7,15.81,576.1,92.1,1.75,24.27,OK,26.5
2792,2026-07-17T16:28:00.000,4.5,95.5,12.66,501,91.6,1.96,24.32,OK,32.5
3217,2026-07-17T16:36:00.000,4.38,95.4,14.1,561.70000000000005,93.1,1.86,24.4,OK,28.6
2829,2026-07-17T16:42:00.000,4.0199999999999996,97.1,13.36,511.3,95.8,2.13,24.51,OK,35.6
2510,2026-07-17T16:50:00.000,4.6399999999999997,90.5,13.56,470.1,84.8,1.35,24.63,OK,24.8
3143,2026-07-17T16:56:00.000,4.04,98.6,14.32,554,94.1,1.65,24.71,OK,34
3553,2026-07-17T17:00:00.000,4.88,96.6,17.93,591.20000000000005,97.1,2.19,24.75,OK,34
3135,2026-07-17T17:03:00.000,4.3,94.9,15.56,544.9,91.9,2.23,24.78,OK,30.3
3063,2026-07-17T17:05:00.000,4.5199999999999996,91.6,13.9,536.6,91.5,1.78,24.84,OK,25.6
2512,2026-07-17T17:09:00.000,4.4000000000000004,91.1,12.62,507.9,84.8,1.48,24.9,OK,24.9
3175,2026-07-17T17:17:00.000,4.54,100.8,14.92,573.4,95.7,1.83,24.94,WARNING,35.9
2738,2026-07-17T17:25:00.000,3.54,100,12.98,516.70000000000005,89.8,2.56,25.01,OK,40.4
2635,2026-07-17T17:33:00.000,4.45,97.7,12.99,514.5,88.1,1.78,25.04,OK,32.1
3192,2026-07-17T17:35:00.000,3.85,91.9,13.78,559.9,87.3,1.63,25.08,OK,21.8
2433,2026-07-17T17:39:00.000,4.21,100.9,13.15,496.1,93.3,1.34,25.19,WARNING,37.700000000000003
2759,2026-07-17T17:41:00.000,4.37,97.8,13.22,504.8,89.3,1.73,25.31,OK,34.700000000000003
2406,2026-07-17T17:44:00.000,3.94,93.4,12.8,450.7,87.8,1.46,25.41,OK,25.1
2676,2026-07-17T17:51:00.000,4.37,93,12.41,529.4,91.1,1.9,25.44,OK,26.2
1988,2026-07-17T17:58:00.000,3.48,85.1,12.22,429.7,77.900000000000006,1.39,25.53,OK,25.2
2918,2026-07-17T18:04:00.000,3.87,94.7,13.5,533.29999999999995,85.4,2.04,25.65,OK,37.5
2837,2026-07-17T18:07:00.000,4.4800000000000004,94.2,12.72,505,88.2,1.72,25.7,OK,34.799999999999997
3435,2026-07-17T18:09:00.000,4.51,96.3,13.65,571.6,86.6,2.09,25.74,OK,30.2
2731,2026-07-17T18:12:00.000,4.75,93.9,13.2,496.3,86.9,1.65,25.8,OK,35.799999999999997
2302,2026-07-17T18:19:00.000,3.85,93.6,12.24,454.2,90,2.12,25.88,OK,38
2937,2026-07-17T18:21:00.000,3.96,97.1,14.56,536.20000000000005,89.2,1.71,25.93,OK,35.799999999999997
2900,2026-07-17T18:26:00.000,5.23,96.6,13.68,532.20000000000005,88.9,1.93,25.95,OK,38.299999999999997
2990,2026-07-17T18:31:00.000,3.87,95.6,13.04,535.79999999999995,88.5,1.62,26.06,OK,35.799999999999997
1817,2026-07-17T18:38:00.000,3.8,87.1,11.31,418,82.3,2.19,26.17,OK,23.1
2229,2026-07-17T18:40:00.000,3.96,94.2,11.07,471.5,86.7,1.96,26.22,OK,27.4
2127,2026-07-17T18:45:00.000,4.1399999999999997,91.9,9.14,410.4,87.7,1.72,26.33,OK,38.1
2951,2026-07-17T18:51:00.000,4.2300000000000004,95.5,13.69,542.20000000000005,84.7,1.62,26.41,OK,26.3
2668,2026-07-17T18:58:00.000,4.09,94,11.05,536.70000000000005,87.2,2.25,26.46,OK,32.700000000000003
2752,2026-07-17T19:00:00.000,4.25,87.9,10.89,479.5,80.099999999999994,1.65,26.5,OK,25.5
1947,2026-07-17T19:04:00.000,4.34,98.4,9.8699999999999992,415.4,96.1,1.89,26.57,OK,40.200000000000003
2343,2026-07-17T19:12:00.000,4.29,94.8,10.71,449.2,85.7,1.8,26.63,OK,29.4
1697,2026-07-17T19:17:00.000,3.3,94.6,8.8800000000000008,431,87.7,1.29,26.7,OK,29.8
1851,2026-07-17T19:24:00.000,3.51,94.3,9.8699999999999992,411.9,85.2,1.51,26.74,OK,39.700000000000003
2250,2026-07-17T19:32:00.000,3.9,93,10.26,466.6,91.1,1.89,26.85,OK,35.799999999999997
2254,2026-07-17T19:39:00.000,3.64,92.7,11.89,471,85.7,1.51,26.89,OK,29.2
2284,2026-07-17T19:45:00.000,3.41,92.4,10.57,463.3,85.8,1.86,27,OK,38.1
1889,2026-07-17T19:47:00.000,3.52,90.8,9.65,421,81.599999999999994,1.72,27.11,OK,42.6
2236,2026-07-17T19:55:00.000,3.6,95.2,11.65,460.6,90.7,1.37,27.15,OK,24.4
2059,2026-07-17T19:59:00.000,4.42,89.4,12.17,421.8,81.2,1.38,27.17,OK,28
2577,2026-07-17T20:07:00.000,4.17,93.8,12.01,506.4,80.599999999999994,1.58,27.26,OK,32.4
1848,2026-07-17T20:13:00.000,3.21,90.9,9.4700000000000006,441.1,83.1,1.24,27.3,OK,30.4
1326,2026-07-17T20:21:00.000,3.35,86.8,8.84,374.9,84.9,1.0900000000000001,27.38,OK,30.3
2155,2026-07-17T20:26:00.000,4.04,93.7,11,443.2,91.2,2.09,27.47,OK,31
2027,2026-07-17T20:33:00.000,4.08,91.9,10.6,441.2,88.5,2.08,27.51,OK,37
1569,2026-07-17T20:35:00.000,3.57,97.2,9.23,405.2,89.7,1.03,27.62,OK,29.9
1737,2026-07-17T20:40:00.000,3.92,83.7,8.9600000000000009,395.6,75.099999999999994,1.47,27.7,OK,27.2
1891,2026-07-17T20:44:00.000,3.73,88.5,10.28,425.4,80.3,1.52,27.74,OK,31.3
1662,2026-07-17T20:46:00.000,3.54,93.9,11.22,407.7,87.6,1.67,27.79,OK,39.6
1378,2026-07-17T20:52:00.000,4.66,85.3,8.1999999999999993,391.5,76,0.96,27.86,OK,36.799999999999997
1669,2026-07-17T20:57:00.000,3.42,89.9,11.21,393.4,84.6,1.39,27.93,OK,32.4
2021,2026-07-17T21:04:00.000,3.38,92,9.1999999999999993,438.3,87.3,1.39,28.02,OK,39.6
1557,2026-07-17T21:07:00.000,3.41,89.6,8.7200000000000006,383.6,82.2,1.03,28.1,OK,36.299999999999997
1731,2026-07-17T21:15:00.000,3.62,91.1,9.5500000000000007,413.6,79.5,1.1599999999999999,28.19,OK,26
1567,2026-07-17T21:21:00.000,3.02,90.1,7.73,402.1,80.2,1.37,28.27,OK,35.6
1172,2026-07-17T21:26:00.000,3.54,86.9,7.33,354.1,81.7,0.8,28.3,OK,38.5
1541,2026-07-17T21:29:00.000,3.33,91.3,8.24,410.7,85.4,1.28,28.39,OK,32.1
1397,2026-07-17T21:36:00.000,2.66,90.3,7.73,408.2,81.3,1.05,28.45,OK,38.5
1793,2026-07-17T21:40:00.000,3.75,84.9,9.82,362.2,79.3,1.4,28.51,OK,25.9
1936,2026-07-17T21:42:00.000,3.53,87.5,11.73,441,81.900000000000006,1.87,28.6,OK,26.5
1788,2026-07-17T21:46:00.000,4.0599999999999996,90.1,10.31,417.3,83.1,1.54,28.66,OK,33.799999999999997
1198,2026-07-17T21:50:00.000,3.01,88.3,8.44,362.3,80.8,1.24,28.76,OK,28.6
1025,2026-07-17T21:58:00.000,3.09,86.1,7.35,339.7,83,1.27,28.85,OK,31.6
879,2026-07-17T22:00:00.000,3.3,88.3,5.76,342.8,84.9,0.99,28.88,OK,32.1
1446,2026-07-17T22:06:00.000,3.39,88.2,8.4,385.5,85.1,1.37,28.98,OK,30.5
1117,2026-07-17T22:11:00.000,3.04,83.3,7.43,360.1,74.099999999999994,0.89,29.07,OK,24.2
954,2026-07-17T22:15:00.000,2.93,84.4,6.62,335.3,79.099999999999994,0.88,29.12,OK,24.5
2010,2026-07-17T22:23:00.000,4.22,93.2,10.27,450.5,89.5,1.9,29.23,OK,34.299999999999997
1473,2026-07-17T22:31:00.000,3.34,88.3,9.14,398.9,82.5,1.5,29.29,OK,33.4
1401,2026-07-17T22:37:00.000,3.08,87.3,9.27,377.4,77.599999999999994,1.1499999999999999,29.31,OK,39.799999999999997
1364,2026-07-17T22:45:00.000,3.38,88.4,9.51,389,84.8,1.49,29.36,OK,31.6
1812,2026-07-17T22:48:00.000,3.68,88.9,9.7799999999999994,426,78.7,1.06,29.43,OK,36.9
1169,2026-07-17T22:56:00.000,3.53,90.1,8.8000000000000007,365.2,81.8,0.85,29.52,OK,29
1427,2026-07-17T23:00:00.000,3.03,90.3,8.39,375.3,84.2,1,29.56,OK,28.6
1510,2026-07-17T23:06:00.000,4.1399999999999997,89.4,8.9,379.5,82,1.66,29.6,OK,37.6
1828,2026-07-17T23:12:00.000,3.52,91.6,10.27,429.6,84.3,1.4,29.69,OK,33.700000000000003
1162,2026-07-17T23:19:00.000,3.97,86.1,8.43,365.7,84.7,1.35,29.78,OK,29
1580,2026-07-17T23:24:00.000,3.62,93,10.81,398.4,83.6,1.36,29.9,OK,33
800,2026-07-17T23:28:00.000,3.38,82.9,5.16,329.9,75.2,0.84,30,OK,37.9
1861,2026-07-17T23:30:00.000,4.01,92.3,9.77,417.2,84.1,1.7,30.04,OK,38.299999999999997
1255,2026-07-17T23:35:00.000,3.27,86.7,8.3800000000000008,363.6,78.3,1.19,30.12,OK,38.4
1360,2026-07-17T23:37:00.000,2.96,91,7.27,372,82.7,1.1599999999999999,30.19,OK,39.799999999999997
800,2026-07-17T23:39:00.000,3.44,81.7,4.92,307.60000000000002,77.2,1.33,30.26,OK,35.6
800,2026-07-17T23:45:00.000,3.92,85.2,6.14,310.10000000000002,77.099999999999994,1.53,30.34,OK,27.5
837,2026-07-17T23:47:00.000,3.13,90.1,5.56,384,85.8,1.1499999999999999,30.36,OK,30.6
1061,2026-07-17T23:49:00.000,3.33,85.6,7.75,363.2,78.099999999999994,0.75,30.44,OK,33.1
956,2026-07-17T23:54:00.000,3.41,80.7,6.22,337.4,72.7,1.29,30.51,OK,25.3
894,2026-07-17T23:58:00.000,2.67,88.6,7.1,329.5,81.7,0.94,30.57,OK,36
962,2026-07-18T00:03:00.000,3.64,87.6,8.19,323.39999999999998,81.099999999999994,1.26,30.62,OK,40.799999999999997
800,2026-07-18T00:09:00.000,2.68,89.8,8.06,305.89999999999998,86.5,0.75,30.67,OK,39.9
1168,2026-07-18T00:13:00.000,3.85,90.3,7.87,360.1,87,1.22,30.72,OK,33.700000000000003
954,2026-07-18T00:18:00.000,3.3,89.9,6.17,356.5,81.099999999999994,1.62,30.79,OK,36.4
1342,2026-07-18T00:22:00.000,3.89,89.7,9.43,361.7,88.4,1.39,30.87,OK,39.6
840,2026-07-18T00:25:00.000,2.5099999999999998,89.7,6.67,340.7,80.900000000000006,1.02,30.96,OK,30
873,2026-07-18T00:30:00.000,3.48,87.9,6.8,335.6,81.099999999999994,1.38,31.01,OK,32.5
1057,2026-07-18T00:37:00.000,3.37,85.9,7.68,348.5,83.4,0.8,31.06,OK,36.200000000000003
1240,2026-07-18T00:44:00.000,3.33,86.1,6.88,402.9,79.900000000000006,1.08,31.09,OK,33.200000000000003
1403,2026-07-18T00:52:00.000,3.85,92.8,7.32,391.2,83.8,1.43,31.14,OK,37.4
986,2026-07-18T01:00:00.000,3.52,87.7,7.67,345.8,79.7,0.74,31.22,OK,30.9
1151,2026-07-18T01:04:00.000,3.43,85.6,7.16,345.7,77.599999999999994,1.03,31.28,OK,33.299999999999997
1015,2026-07-18T01:06:00.000,2.54,84.5,7.58,330.8,79.400000000000006,1.21,31.36,OK,27.9
903,2026-07-18T01:09:00.000,3.1,86.1,6.64,316.3,80.8,0.98,31.46,OK,33.299999999999997
800,2026-07-18T01:11:00.000,3.45,87.5,7.29,305.8,84.7,0.77,31.58,OK,31.8
1085,2026-07-18T01:14:00.000,3.1,86.2,8.7899999999999991,345.7,77.599999999999994,1.02,31.66,OK,32.1
800,2026-07-18T01:21:00.000,3.24,87.1,6.48,332.8,83.6,0.84,31.74,OK,25.5
1328,2026-07-18T01:27:00.000,3.66,89.4,8.94,347.6,84.9,1.6,31.82,OK,34.5
800,2026-07-18T01:31:00.000,3.56,89,6.3,325.60000000000002,78.099999999999994,0.81,31.89,OK,32.6
838,2026-07-18T01:34:00.000,3.27,83.9,7.62,312.10000000000002,81.2,0.92,31.92,OK,36.6
800,2026-07-18T01:38:00.000,2.81,88.2,4.95,338.1,83.6,1.75,31.97,OK,27.8
1240,2026-07-18T01:44:00.000,3.79,92.1,8.39,365.6,83.6,1.06,32.090000000000003,OK,38.9
956,2026-07-18T01:47:00.000,3.14,88.2,6.51,353.1,82.5,0.89,32.17,OK,39.299999999999997
1271,2026-07-18T01:51:00.000,3.61,85.9,8.52,356.9,76.2,1.8,32.200000000000003,OK,30.7
800,2026-07-18T01:58:00.000,2.92,86.9,6.21,331.8,85,0.86,32.28,OK,24.8
1792,2026-07-18T02:03:00.000,3.26,89.4,10.15,417.4,80.400000000000006,1.85,32.33,OK,34.5
800,2026-07-18T02:07:00.000,2.71,86.1,5.98,330.8,78.400000000000006,0.66,32.42,OK,34.6
1388,2026-07-18T02:11:00.000,3.96,90,5.81,397.1,78.400000000000006,1.64,32.53,OK,34.6
1307,2026-07-18T02:15:00.000,3.44,86.2,9.18,397.2,82.9,1.01,32.619999999999997,OK,37.200000000000003
1395,2026-07-18T02:17:00.000,3.72,90.2,6.67,384.7,85.3,1.1599999999999999,32.700000000000003,OK,42.3
875,2026-07-18T02:20:00.000,3.93,84.3,5.63,327.39999999999998,77.900000000000006,1.38,32.81,OK,35.299999999999997
1058,2026-07-18T02:24:00.000,3.67,82.7,7.63,363.4,78.099999999999994,0.92,32.869999999999997,OK,31.9
1332,2026-07-18T02:30:00.000,4.08,91.2,8.6,368.4,81.099999999999994,1.03,32.97,OK,24.7
1210,2026-07-18T02:34:00.000,3.04,85.1,8.6300000000000008,366.1,80.599999999999994,0.94,33.07,OK,29.6
908,2026-07-18T02:38:00.000,3.2,87.6,7.09,326.5,79.900000000000006,0.7,33.090000000000003,OK,32.200000000000003
1445,2026-07-18T02:43:00.000,3.15,94,9.64,390.5,87.8,1.17,33.15,OK,33.700000000000003
2062,2026-07-18T02:48:00.000,3.49,90.8,11.44,432.8,83.3,1.27,33.229999999999997,OK,37.200000000000003
1134,2026-07-18T02:53:00.000,3.15,84.3,6,361.1,78.900000000000006,1.06,33.29,OK,33.9
1472,2026-07-18T02:55:00.000,3.22,93.5,8.8000000000000007,390.9,88.1,1.19,33.409999999999997,OK,34.4
1401,2026-07-18T03:01:00.000,3.32,84.5,7.88,357.1,81.7,1.5,33.5,OK,26.6
1212,2026-07-18T03:04:00.000,3.44,85,9.34,340.2,82.9,1.8,33.53,OK,26.7
1645,2026-07-18T03:10:00.000,3.76,87.5,8.6999999999999993,403.6,81.099999999999994,1.1200000000000001,33.64,OK,30.8
1662,2026-07-18T03:18:00.000,3.98,88.5,10.039999999999999,420.6,86.4,1.33,33.659999999999997,OK,27.1
1215,2026-07-18T03:23:00.000,3.63,82.2,6.43,327.7,73.2,1.21,33.75,OK,29.9
1931,2026-07-18T03:29:00.000,4.43,94.4,10.119999999999999,432.9,85.3,1.23,33.78,OK,41.2
1457,2026-07-18T03:31:00.000,4.25,89.6,8.6999999999999993,378.5,87.1,1.04,33.89,OK,32.200000000000003
1853,2026-07-18T03:39:00.000,3.52,94.6,8.59,443.6,88.9,1.1200000000000001,33.97,OK,41.2
1622,2026-07-18T03:43:00.000,3.7,89.1,8.89,387.2,79.2,1.33,34.07,OK,23.4
1540,2026-07-18T03:48:00.000,3.54,91.8,9.32,397.8,90.1,1.39,34.17,OK,39.700000000000003
1548,2026-07-18T03:51:00.000,3.21,89.2,9.83,376.2,85.6,1.86,34.26,OK,36.700000000000003
1813,2026-07-18T03:59:00.000,4.03,91.1,10.66,439.7,82.5,1.51,34.36,OK,36
1217,2026-07-18T04:01:00.000,3.67,87.5,7.88,349.1,81.900000000000006,0.96,34.46,OK,39.1
1758,2026-07-18T04:07:00.000,3.93,90.6,10.06,433.4,81.8,2.04,34.5,OK,33.4
2113,2026-07-18T04:15:00.000,4.24,88.2,9.9,445.5,76.8,2.34,34.61,OK,27.5
1860,2026-07-18T04:18:00.000,3.5,92.6,8.48,414.6,85.2,1.59,34.67,OK,40.1
1097,2026-07-18T04:21:00.000,3.77,87.5,7.34,361.4,81,0.78,34.71,OK,39.1
1252,2026-07-18T04:26:00.000,3.86,86,6.68,375.4,81.900000000000006,1.43,34.79,OK,34.200000000000003
1771,2026-07-18T04:30:00.000,2.93,90.7,7.69,443,85.4,1.27,34.82,OK,25.2
1517,2026-07-18T04:32:00.000,3.37,91.9,8.5399999999999991,404.5,87.4,1.49,34.9,OK,36.9
2132,2026-07-18T04:40:00.000,4.07,91.6,10.68,461.1,84.2,1.29,34.979999999999997,OK,32.5
1683,2026-07-18T04:46:00.000,4.7,84.1,8.66,412.8,74,1.24,35.06,OK,28
2071,2026-07-18T04:52:00.000,3.95,91.2,11.08,394.4,79,1.28,35.1,OK,41.1
2586,2026-07-18T04:54:00.000,4.29,91.1,13.02,497.1,83.3,1.53,35.159999999999997,OK,23.7
1944,2026-07-18T05:02:00.000,3.71,90.3,10.69,447.5,80.2,1.89,35.26,OK,26.1
1611,2026-07-18T05:04:00.000,3.57,90.1,8.92,405.6,84.2,1.42,35.28,OK,31.2
2134,2026-07-18T05:12:00.000,4.4400000000000004,91,10.58,442.8,82.4,2.59,35.369999999999997,OK,28.2
2124,2026-07-18T05:20:00.000,3.93,91.1,9.83,439.1,80.099999999999994,2.67,35.409999999999997,OK,30.7
2142,2026-07-18T05:23:00.000,4.43,90.4,10.91,449.6,81.5,1.31,35.5,OK,29.8
2563,2026-07-18T05:30:00.000,4.0599999999999996,93.2,13.13,490.1,85.1,1.7,35.520000000000003,OK,37.700000000000003
1699,2026-07-18T05:37:00.000,3.77,92.5,9.32,416.5,87.7,1.82,35.57,OK,27.5
2494,2026-07-18T05:45:00.000,3.42,97,12.33,491.3,90.6,1.61,35.68,OK,37.700000000000003
1962,2026-07-18T05:49:00.000,3.57,93.8,10.58,448.3,87.9,1.3,35.71,OK,38.700000000000003
2687,2026-07-18T05:53:00.000,4.1399999999999997,98.5,12.79,479,84.2,1.44,35.82,OK,27.4
1491,2026-07-18T05:58:00.000,3.53,87.8,8.11,400.1,80.900000000000006,1.1000000000000001,35.92,OK,40.799999999999997
3045,2026-07-18T06:05:00.000,4.37,94.9,14.13,556.9,94.8,1.87,36.020000000000003,OK,30
2199,2026-07-18T06:11:00.000,3.9,89.6,11.44,429.3,81.599999999999994,2.33,36.090000000000003,OK,29
1900,2026-07-18T06:17:00.000,4.26,94.1,10.65,415.1,82.7,1.74,36.159999999999997,OK,23.8
2671,2026-07-18T06:24:00.000,4.03,94.8,14.76,516.79999999999995,88.3,1.68,36.270000000000003,OK,34.9
2562,2026-07-18T06:31:00.000,4.3899999999999997,90.3,12.56,494.4,80.8,1.59,36.369999999999997,OK,39
2572,2026-07-18T06:33:00.000,4.1500000000000004,93.9,12.9,476.7,92.9,1.71,36.46,OK,35.200000000000003
2768,2026-07-18T06:40:00.000,4.12,95.9,12.55,523.20000000000005,88.7,1.93,36.5,OK,33.6
2484,2026-07-18T06:45:00.000,4.8099999999999996,95.9,12.28,460.8,91.3,1.36,36.54,OK,39.1
2398,2026-07-18T06:49:00.000,4.3099999999999996,87.6,10.98,477.1,79.599999999999994,1.53,36.659999999999997,OK,30.3
2124,2026-07-18T06:57:00.000,3.87,89.1,9.68,467.1,85.4,1.98,36.71,OK,41.5
2519,2026-07-18T07:04:00.000,4.33,93.1,11.36,487.7,89.2,1.53,36.76,OK,34.299999999999997
2408,2026-07-18T07:08:00.000,4.26,91.8,11.94,488.3,86.3,1.82,36.799999999999997,OK,34.9
2612,2026-07-18T07:12:00.000,4.18,88.8,11.11,495.4,81,1.51,36.909999999999997,OK,25.2
2683,2026-07-18T07:20:00.000,3.9,89.8,13.12,486.9,85.8,1.85,36.93,OK,37.4
3279,2026-07-18T07:25:00.000,4.43,93.4,15.03,548.4,87.5,1.83,37.049999999999997,OK,28.6
2437,2026-07-18T07:30:00.000,3,91.2,10.85,473.3,88,1.44,37.159999999999997,OK,26.8
2676,2026-07-18T07:32:00.000,4,92.1,12.56,497.2,85.7,2.08,37.200000000000003,OK,27.7
2600,2026-07-18T07:35:00.000,4.42,90.3,12.31,509,82.7,1.55,37.26,OK,31.5
2288,2026-07-18T07:40:00.000,4.1100000000000003,89.6,12.19,484.7,86.2,1.25,37.29,OK,32.1
3824,2026-07-18T07:44:00.000,4.74,98.9,16.16,626.70000000000005,94.1,2.59,37.340000000000003,OK,35.6
2503,2026-07-18T07:49:00.000,4.29,91.2,13.43,506.1,86.8,1.73,37.42,OK,32.9
2985,2026-07-18T07:52:00.000,4.6900000000000004,97.1,13.67,539.79999999999995,89.2,1.73,37.46,OK,36.5
3476,2026-07-18T07:57:00.000,4.6900000000000004,97.1,15.34,539.79999999999995,92.6,2.4900000000000002,37.49,OK,25.5
2472,2026-07-18T08:01:00.000,4,92.5,10.33,483,87.5,1.93,37.590000000000003,OK,25.8
3236,2026-07-18T08:03:00.000,4.47,92.4,11.91,540,85.9,1.9,37.659999999999997,OK,27.5
2414,2026-07-18T08:08:00.000,3.75,92,11.56,487.2,84.6,2.08,37.74,OK,26.2
2695,2026-07-18T08:12:00.000,4.4800000000000004,95.4,11.43,505,94.3,2.12,37.83,OK,34.299999999999997
3195,2026-07-18T08:17:00.000,5.18,99.8,13.66,563,92.1,1.95,37.86,OK,32
2926,2026-07-18T08:19:00.000,3.84,100.1,13.47,535.20000000000005,93.4,2.23,37.96,WARNING,32.9
3552,2026-07-18T08:27:00.000,4.45,102.2,16.93,585.4,98.4,2.1800000000000002,38,WARNING,37.5
3109,2026-07-18T08:33:00.000,4.55,95.2,14.14,531.4,87.8,1.96,38.08,OK,34.4
3267,2026-07-18T08:37:00.000,4.43,95.3,14.65,551.1,84.2,2.9,38.14,OK,35.299999999999997
2863,2026-07-18T08:41:00.000,4.53,94,12.99,526.9,91.4,1.56,38.25,OK,31.6
2760,2026-07-18T08:46:00.000,3.95,93.2,13.39,530.5,91.4,2.4700000000000002,38.32,OK,33.6
2738,2026-07-18T08:52:00.000,3.46,99,15.23,522.5,96.3,1.84,38.4,OK,30.6
2834,2026-07-18T09:00:00.000,4.59,97.1,13.87,560.20000000000005,90.8,1.66,38.42,OK,32.799999999999997
2935,2026-07-18T09:04:00.000,4.59,96.9,12.7,540.4,89.5,1.79,38.49,OK,33.700000000000003
3601,2026-07-18T09:08:00.000,4.97,101.9,16.329999999999998,600.9,93.2,2.5499999999999998,38.6,WARNING,39.799999999999997
3353,2026-07-18T09:14:00.000,5.22,101.2,14.51,591.6,94.4,2.04,38.659999999999997,WARNING,36
2781,2026-07-18T09:19:00.000,4.08,95.6,14.03,493.6,90.8,1.54,38.700000000000003,OK,31
3099,2026-07-18T09:26:00.000,5.07,96.4,14.25,535.20000000000005,94.4,1.8,38.79,OK,36.9
3247,2026-07-18T09:30:00.000,5.03,97.9,15.22,569.4,95.8,2.58,38.9,OK,30.7
4298,2026-07-18T09:34:00.000,4.9800000000000004,102.7,19.39,650,95,2.33,38.93,WARNING,31.6
3288,2026-07-18T09:36:00.000,4.1399999999999997,95.2,16.79,581.70000000000005,86.4,2.63,39.049999999999997,OK,38
3456,2026-07-18T09:39:00.000,4.22,103.9,14.99,580.1,93,2.09,39.1,WARNING,34.5
2962,2026-07-18T09:43:00.000,4.63,91.8,12,538.29999999999995,83.7,2.84,39.14,OK,25
3572,2026-07-18T09:47:00.000,4.3,100.2,14.48,594.4,93,2.36,39.17,WARNING,26.3
3814,2026-07-18T09:54:00.000,4.91,98.8,16.489999999999998,641.79999999999995,89.2,3.42,39.26,WARNING,33.5
3287,2026-07-18T09:58:00.000,4.43,99.9,15.46,577.70000000000005,95.9,2.2599999999999998,39.299999999999997,OK,33.799999999999997
3565,2026-07-18T10:05:00.000,4.7699999999999996,98.6,15.82,598.70000000000005,93.6,1.78,39.42,OK,35
3559,2026-07-18T10:07:00.000,5.0599999999999996,93,15.93,576.20000000000005,87.4,3,39.5,WARNING,27.6
3389,2026-07-18T10:13:00.000,4.71,100.1,14.2,567.6,92.3,2.36,39.57,WARNING,33.700000000000003
3824,2026-07-18T10:16:00.000,5.0999999999999996,102.4,17.05,619.5,95.1,2.04,39.69,WARNING,31.2
3098,2026-07-18T10:18:00.000,5.12,94,14.6,549.79999999999995,87.8,2.5099999999999998,39.75,OK,25.3
3078,2026-07-18T10:21:00.000,3.7,100.3,12.49,553.5,96.2,2.29,39.81,WARNING,42.3
3389,2026-07-18T10:26:00.000,4.72,94.2,17.149999999999999,546.20000000000005,90.1,2,39.9,OK,27.9
3261,2026-07-18T10:30:00.000,4.49,98.2,15.64,556.9,94.1,1.83,39.96,OK,38.4
2376,2026-07-18T10:36:00.000,4.01,95,12.04,482.6,92.6,1.77,39.99,OK,30.9
3141,2026-07-18T10:39:00.000,3.72,97.3,16.45,535.5,90.7,2.34,40.049999999999997,OK,33.9
2653,2026-07-18T10:46:00.000,4.2300000000000004,96.4,12.33,510.8,86.6,1.66,40.130000000000003,OK,37.5
3288,2026-07-18T10:53:00.000,4.34,98.7,15.27,558.5,89.2,2.59,40.229999999999997,OK,30.5
3650,2026-07-18T10:57:00.000,4.93,103.5,14.91,613.20000000000005,94,2.4,40.35,WARNING,36.700000000000003
3418,2026-07-18T11:05:00.000,5.49,98.7,17.02,573.6,90.7,2.21,40.39,OK,27.3
3445,2026-07-18T11:13:00.000,4.24,96.7,16.16,577.1,92.2,2.06,40.47,OK,26.6
3341,2026-07-18T11:19:00.000,4.6900000000000004,96.8,14.56,569.9,93.1,2,40.54,OK,32.5
3467,2026-07-18T11:23:00.000,4.0199999999999996,96.9,15.07,586.6,90,1.72,40.61,OK,28.4
4378,2026-07-18T11:30:00.000,5.21,100,19.690000000000001,650,94.5,3.39,40.65,WARNING,39.4
3262,2026-07-18T11:34:00.000,4.83,98.5,16.309999999999999,544.70000000000005,90,1.87,40.729999999999997,OK,37.799999999999997
3375,2026-07-18T11:40:00.000,4.79,93.5,14.81,565.4,85.5,2.7,40.85,OK,29.9
3072,2026-07-18T11:44:00.000,4.88,96.9,14.96,545.20000000000005,89.4,1.65,40.9,OK,41.2
2701,2026-07-18T11:51:00.000,4.43,95.5,12.13,554.6,92.9,1.69,40.98,OK,30.7
3453,2026-07-18T11:56:00.000,4.03,96.4,16.13,590.20000000000005,87.5,1.85,41.06,OK,32.4
3748,2026-07-18T11:58:00.000,5.44,100.2,16.649999999999999,610.4,93.3,2.04,41.18,WARNING,24.3
4156,2026-07-18T12:01:00.000,4.5199999999999996,98.2,16.55,624,90.4,2.39,41.23,OK,23.8
3269,2026-07-18T12:09:00.000,5.15,98.6,14.47,560.5,87.7,2.39,41.27,OK,28.8
3233,2026-07-18T12:15:00.000,4.7699999999999996,93.5,15.57,587.5,88.4,1.88,41.36,OK,23.5
3641,2026-07-18T12:17:00.000,4.87,97.1,16.670000000000002,572.20000000000005,93.1,2.72,41.41,OK,29.2
3901,2026-07-18T12:20:00.000,5.45,102.6,16.059999999999999,622.5,100.1,2.92,41.47,WARNING,33.799999999999997
2857,2026-07-18T12:26:00.000,4.49,95.6,12.55,541.70000000000005,89.9,1.56,41.58,OK,37.700000000000003
3509,2026-07-18T12:32:00.000,5,97.6,14.25,616.70000000000005,96.3,1.78,41.67,OK,28.7
3903,2026-07-18T12:37:00.000,4.96,98,16.420000000000002,616.6,90.5,1.95,41.76,OK,31.4
3161,2026-07-18T12:43:00.000,4.3,90.3,14.73,551.29999999999995,86.8,2.06,41.83,OK,32.200000000000003
2828,2026-07-18T12:48:00.000,3.94,92.6,14.07,530,82.4,2.0099999999999998,41.86,OK,30.6
3493,2026-07-18T12:51:00.000,5.36,100.6,14.18,596.70000000000005,92.1,1.75,41.91,WARNING,30.1
2731,2026-07-18T12:55:00.000,4.76,94.6,13.18,513.9,87.9,2.5099999999999998,41.95,OK,30.7
3602,2026-07-18T13:02:00.000,4.66,98.8,15.1,614.4,95.3,2.33,42,OK,26.7
3864,2026-07-18T13:07:00.000,4.62,101.1,17.03,638.4,94.3,2.27,42.09,WARNING,30.7
2975,2026-07-18T13:11:00.000,4.91,96.2,15.55,540.9,93.1,1.53,42.11,OK,28.6
3711,2026-07-18T13:15:00.000,5.08,100.8,15.4,632.29999999999995,95.6,2.0099999999999998,42.16,WARNING,25.8
3333,2026-07-18T13:21:00.000,4.96,94.7,15.18,566.29999999999995,95,2.37,42.21,OK,27
3577,2026-07-18T13:23:00.000,5.1100000000000003,103.3,13.36,601.1,91.7,2.83,42.29,WARNING,39.299999999999997
2844,2026-07-18T13:27:00.000,4.7,95.4,13.94,517.5,90.1,1.83,42.36,OK,28.6
3269,2026-07-18T13:35:00.000,5.18,99.5,14.53,529.1,96.5,1.91,42.44,OK,39.799999999999997
3114,2026-07-18T13:37:00.000,4.79,90.7,15.46,542.20000000000005,82.4,1.87,42.5,OK,32.5
2732,2026-07-18T13:42:00.000,3.76,94.7,12.88,512.5,90.5,1.99,42.55,OK,30.6
2862,2026-07-18T13:50:00.000,4.1500000000000004,98.1,13.99,508.5,89.9,1.95,42.66,OK,36.9
3164,2026-07-18T13:54:00.000,4.6399999999999997,96.2,16.3,540.4,94.4,2.42,42.7,OK,30.8
2545,2026-07-18T14:02:00.000,4.21,96.2,12.97,510.2,91.1,1.83,42.75,OK,31.5
2494,2026-07-18T14:06:00.000,4.33,97.7,12.85,472.4,90.4,1.42,42.84,OK,37.799999999999997
2443,2026-07-18T14:10:00.000,4.1100000000000003,89.9,13.13,476.5,85.2,1.35,42.92,OK,23.3
2594,2026-07-18T14:12:00.000,3.63,95.1,12.92,510.7,88.3,1.53,42.99,OK,37.6
2941,2026-07-18T14:17:00.000,4.4400000000000004,95.6,13.11,513.20000000000005,87.4,1.96,43.07,OK,37.299999999999997
2637,2026-07-18T14:19:00.000,3.57,91.5,10.44,497.9,84.1,1.53,43.16,OK,27.7
3236,2026-07-18T14:22:00.000,3.91,96.9,14.27,563.79999999999995,92.9,1.73,43.19,OK,33.5
2257,2026-07-18T14:30:00.000,4.13,94.3,11.98,479.4,91.3,1.75,43.26,OK,39.200000000000003
2915,2026-07-18T14:33:00.000,4.0599999999999996,89.8,13.32,523.70000000000005,85.8,1.89,43.34,OK,32.700000000000003
2580,2026-07-18T14:40:00.000,4,93.3,12.36,500.9,85.9,1.95,43.43,OK,32
2645,2026-07-18T14:46:00.000,4.34,95.4,12.56,495.5,87.1,1.39,43.54,OK,35
2893,2026-07-18T14:50:00.000,4.13,94.4,13.13,530,88.5,2.54,43.65,OK,29.3
1704,2026-07-18T14:53:00.000,3.8,90.3,10.06,422.6,86.5,1.07,43.7,OK,35.799999999999997
1850,2026-07-18T14:56:00.000,4.2,85.9,10.48,396.9,78.5,1.58,43.72,OK,25.1
2547,2026-07-18T15:03:00.000,3.88,88.4,12.31,490.9,83.9,1.35,43.76,OK,25.7
2463,2026-07-18T15:05:00.000,3.92,89.5,12.76,519.29999999999995,77.900000000000006,1.66,43.79,OK,23.9
2012,2026-07-18T15:10:00.000,4.1100000000000003,84.9,10.59,422.9,74.7,1.32,43.89,OK,26.2
3184,2026-07-18T15:14:00.000,4.3499999999999996,94,14.77,551.70000000000005,90.5,1.95,43.97,WARNING,24
2048,2026-07-18T15:18:00.000,4.08,89.5,10.35,429.2,82.4,1.93,44.02,OK,34.200000000000003
2238,2026-07-18T15:24:00.000,4.1100000000000003,94.2,10.96,482.9,82.8,1.53,44.14,OK,39.200000000000003
2797,2026-07-18T15:29:00.000,4.18,91.5,12.86,518.4,86.8,1.71,44.21,OK,26.2
2129,2026-07-18T15:33:00.000,4.42,85.1,10.83,440.6,79.8,1.63,44.29,OK,26.2
2031,2026-07-18T15:35:00.000,3.44,88.4,11.08,449.7,83.1,2.2599999999999998,44.35,OK,31.7
2441,2026-07-18T15:39:00.000,4.28,92.4,11.59,494.4,82.8,2.19,44.46,OK,28.8
2015,2026-07-18T15:42:00.000,3.06,93.8,10.6,426.2,88.3,1.87,44.55,OK,35.9
2384,2026-07-18T15:46:00.000,4.07,92.2,12.86,481.5,84.4,1.48,44.65,OK,33.6
2395,2026-07-18T15:49:00.000,4.08,91.1,12.86,479.5,84.5,1.4,44.73,OK,23.7
2318,2026-07-18T15:54:00.000,3.56,94,10.69,471.4,86,1.45,44.84,OK,41
2568,2026-07-18T16:02:00.000,4.6900000000000004,91.4,14.63,490.2,85.1,2.2200000000000002,44.91,OK,26.4
1990,2026-07-18T16:05:00.000,3.43,90.8,11.04,449.4,86.6,2.5,45.02,OK,40.200000000000003
1919,2026-07-18T16:10:00.000,3.66,90.3,9.7799999999999994,408.9,85.4,1.2,45.13,OK,31.6
2036,2026-07-18T16:18:00.000,4.28,88.4,8.94,430.6,78.900000000000006,1.83,45.24,OK,27.9
1045,2026-07-18T16:25:00.000,3.35,88.3,7.95,350.6,87.9,0.89,45.29,OK,25.3
2081,2026-07-18T16:33:00.000,3.74,89.9,11.16,436.3,85.8,1.18,45.34,OK,33.700000000000003
1861,2026-07-18T16:39:00.000,3.53,90.4,9.18,423.8,80.900000000000006,1.1399999999999999,45.44,OK,30.9
2081,2026-07-18T16:47:00.000,3.88,90.5,10.88,440,86.3,1.57,45.54,OK,40
1604,2026-07-18T16:50:00.000,3.48,87.4,7.85,413.7,80.8,1.54,45.58,OK,27.6
2360,2026-07-18T16:55:00.000,4.08,90.5,10.53,470.2,84.3,1.88,45.65,OK,34.700000000000003
1787,2026-07-18T16:57:00.000,3.5,87.4,9.49,440.2,80.2,2.0299999999999998,45.74,OK,27.8
2124,2026-07-18T17:02:00.000,4.16,95.4,10.73,455.8,91.2,1.35,45.8,OK,38.4
1625,2026-07-18T17:08:00.000,3.4,88.7,10.53,418,84.5,1.57,45.9,OK,30.8
1938,2026-07-18T17:11:00.000,3.23,93.9,10.29,445.3,91.8,1.97,45.98,OK,37.1
1202,2026-07-18T17:13:00.000,4.37,86.8,7.3,382.3,81.2,1.71,46.01,OK,32.1
950,2026-07-18T17:18:00.000,3.59,86.6,6.17,333,78,1.83,46.08,OK,26.3
1619,2026-07-18T17:21:00.000,3.35,91.2,9.41,407.9,84.4,1.35,46.11,OK,32.299999999999997
1658,2026-07-18T17:27:00.000,3.32,89.4,7.05,385.9,78.400000000000006,1.32,46.13,OK,25.5
1604,2026-07-18T17:31:00.000,3.83,90.6,9.2200000000000006,380.9,85.9,1.05,46.18,OK,28.8
1511,2026-07-18T17:38:00.000,3.3,91.3,10.34,407.7,90.1,1.1499999999999999,46.27,OK,37.700000000000003
1445,2026-07-18T17:44:00.000,3.88,87.6,9.4600000000000009,372.9,86.3,1.51,46.32,OK,33.5
1797,2026-07-18T17:50:00.000,3.91,87.6,11.68,430.4,78.5,1.72,46.4,OK,36.9
2159,2026-07-18T17:53:00.000,4.0199999999999996,91,10.43,452.2,85.9,2.2000000000000002,46.44,OK,37.6
2416,2026-07-18T17:56:00.000,4.13,91.7,12.37,490.5,87.3,2.31,46.55,OK,24.4
1869,2026-07-18T18:03:00.000,4.22,94.7,9.89,443.9,86.2,1.97,46.66,OK,38.799999999999997
800,2026-07-18T18:08:00.000,3.06,88.1,7.4,289.8,83.2,0.66,46.74,OK,37.6
1806,2026-07-18T18:10:00.000,3.78,88.3,9.73,412.9,83.4,1.33,46.78,OK,28.6
1779,2026-07-18T18:16:00.000,3.46,87.2,10.69,397.6,77.099999999999994,1.56,46.9,OK,25.8
1358,2026-07-18T18:24:00.000,3.69,86.7,7.38,327.8,80.599999999999994,0.9,46.99,OK,26.8
1696,2026-07-18T18:27:00.000,3.35,89.9,9.3000000000000007,399.4,83.6,1.71,47.11,OK,27.9
1476,2026-07-18T18:35:00.000,3.97,87.1,8.39,361.1,81.5,1.55,47.21,OK,26
1324,2026-07-18T18:38:00.000,3.95,84,9.23,367.2,79.5,1.18,47.27,OK,21.7
1397,2026-07-18T18:44:00.000,2.93,85.8,7.5,365.5,79.2,1.4,47.38,OK,31.2
1095,2026-07-18T18:49:00.000,3.68,86.5,6.91,358.3,78.8,1,47.43,OK,38.1
800,2026-07-18T18:52:00.000,2.73,84.6,6.13,322.8,76.3,1.19,47.5,OK,35.4
800,2026-07-18T18:56:00.000,3,86.2,4.6100000000000003,337.4,76,0.73,47.59,OK,35.6
1554,2026-07-18T19:00:00.000,3.6,85.8,8.67,403.8,85.2,1.82,47.63,OK,27.8
856,2026-07-18T19:02:00.000,3.05,83.2,6.57,337.2,76.599999999999994,1.03,47.69,OK,27.6
800,2026-07-18T19:10:00.000,3.02,86.4,7.7,328.6,77.599999999999994,1.23,47.72,OK,28.8
800,2026-07-18T19:15:00.000,3.43,86.1,6.01,318.39999999999998,77.2,1.66,47.76,OK,28.6
1000,2026-07-18T19:23:00.000,3.58,92.4,6.88,343.1,85.1,0.93,47.83,OK,39.299999999999997
1682,2026-07-18T19:29:00.000,3.61,89.1,8.8800000000000008,396.9,83.1,1.1000000000000001,47.86,OK,27.6
1087,2026-07-18T19:37:00.000,3.34,84.3,6.86,343.9,79.099999999999994,1.36,47.95,OK,36.4
800,2026-07-18T19:43:00.000,3.41,82.1,6.03,331.1,73.900000000000006,0.9,48.03,OK,33.9
1630,2026-07-18T19:49:00.000,3.24,90.3,9.11,418.7,83.8,1.08,48.14,OK,35.4
1213,2026-07-18T19:53:00.000,3.37,89.8,8.0399999999999991,343,83.8,1.21,48.2,OK,42.4
966,2026-07-18T19:59:00.000,3.18,85.2,7.42,340.1,82.2,0.91,48.28,OK,30.5
1246,2026-07-18T20:06:00.000,3.53,85,7.51,363.1,78.400000000000006,1.27,48.36,OK,33.799999999999997
1070,2026-07-18T20:08:00.000,2.92,84.5,7.43,329.9,74.400000000000006,1.05,48.44,OK,33.1
806,2026-07-18T20:12:00.000,3.26,87.9,5.91,338,81.400000000000006,1.1299999999999999,48.52,OK,31
857,2026-07-18T20:15:00.000,3.24,89.9,5.84,362.8,85,0.8,48.6,OK,38.4
800,2026-07-18T20:20:00.000,3.86,84.6,7.38,314.89999999999998,75.900000000000006,1.03,48.62,OK,25.7
868,2026-07-18T20:27:00.000,2.74,85.7,6.54,328.6,83,1.35,48.67,OK,25.5
1352,2026-07-18T20:30:00.000,4.29,86.5,7.72,381.7,82.1,0.93,48.7,OK,37.799999999999997
1336,2026-07-18T20:33:00.000,4.1100000000000003,89.7,8.41,414.1,80.2,2.23,48.79,OK,36.4
953,2026-07-18T20:38:00.000,3.69,86,7.82,350.7,83.1,1.74,48.86,OK,37.799999999999997
953,2026-07-18T20:43:00.000,3.04,88.2,6.32,330.4,81.099999999999994,1.1100000000000001,48.96,OK,27.7
800,2026-07-18T20:49:00.000,3.48,87.9,6.63,314.60000000000002,83.9,0.88,49.07,OK,36.799999999999997
1143,2026-07-18T20:55:00.000,2.8,81.2,8,347.6,75.599999999999994,0.91,49.14,OK,24.4
800,2026-07-18T20:57:00.000,2.4900000000000002,81.099999999999994,6.45,315.39999999999998,76.599999999999994,0.7,49.17,OK,26.7
1292,2026-07-18T21:02:00.000,3.25,85.7,8.02,378.8,81.400000000000006,1.32,49.25,OK,25.1
1147,2026-07-18T21:10:00.000,3.05,82.4,9.15,349.6,76.400000000000006,0.82,49.29,OK,22.7
907,2026-07-18T21:15:00.000,2.4900000000000002,89.8,6.37,341.7,81.5,0.88,49.36,OK,36.4
1153,2026-07-18T21:23:00.000,3.98,80.900000000000006,7.48,336.7,71,1.07,49.43,OK,25.9
883,2026-07-18T21:26:00.000,2.95,86.3,6.22,329.1,78.599999999999994,0.98,49.51,OK,34.4
1071,2026-07-18T21:34:00.000,3.51,82.4,7.6,350.2,77,2.21,49.58,OK,30.8
1083,2026-07-18T21:40:00.000,4.32,84.2,5.86,379,79.3,1.38,49.69,OK,25.4
1420,2026-07-18T21:42:00.000,3.5,84,9.4499999999999993,375.9,73.5,1.41,49.71,OK,27.4
1188,2026-07-18T21:48:00.000,2.92,87,6.47,363.8,82.7,0.92,49.82,OK,31.8
1389,2026-07-18T21:53:00.000,4.16,85.3,8.75,368,74.3,1.58,49.91,OK,29.9
1166,2026-07-18T21:55:00.000,3.32,86,7.05,344.6,76.8,0.86,49.94,OK,34.4
1015,2026-07-18T22:01:00.000,3.55,89.1,8.5,354.7,79.7,0.83,50,OK,31.8
1223,2026-07-18T22:04:00.000,2.46,85.3,8.0399999999999991,367.5,81.099999999999994,1.82,50.03,OK,28.1
1171,2026-07-18T22:10:00.000,3.51,82.5,5.46,332.2,77.2,0.94,50.06,OK,40.799999999999997
933,2026-07-18T22:16:00.000,3.22,84.5,6.56,312.89999999999998,76.599999999999994,1.21,50.09,OK,27.4
800,2026-07-18T22:18:00.000,3,88.5,6.69,341.2,84.1,1.3,50.17,OK,29.7
897,2026-07-18T22:25:00.000,3.53,87.3,6.37,322.39999999999998,75.5,0.69,50.23,OK,33.799999999999997
906,2026-07-18T22:27:00.000,2.97,86.9,5.75,336.3,83.2,0.85,50.34,OK,26.7
1297,2026-07-18T22:31:00.000,3.36,84.7,5.67,370.7,78.2,1.37,50.43,OK,26.1
1092,2026-07-18T22:38:00.000,3.36,86.2,9.07,352.5,80.599999999999994,0.79,50.52,OK,23.3
844,2026-07-18T22:43:00.000,3.48,86.4,8.85,324.2,83.4,1.1299999999999999,50.6,OK,39.5
1085,2026-07-18T22:46:00.000,3.2,89.3,6.36,363.3,85.2,0.8,50.69,OK,39.200000000000003
1044,2026-07-18T22:52:00.000,3.19,91,7.38,370.3,85.3,0.89,50.8,OK,37.9
850,2026-07-18T22:54:00.000,3.17,80.900000000000006,6.05,320.7,73.3,1.21,50.9,OK,23.4
1701,2026-07-18T23:00:00.000,3.65,83.8,10.36,380.6,74.8,1.72,50.95,OK,27.3
1139,2026-07-18T23:07:00.000,2.89,85.9,7.23,336.8,78.400000000000006,1.22,51.05,OK,31.9
944,2026-07-18T23:14:00.000,3.51,85.1,6.53,356.3,78.900000000000006,1,51.13,OK,24.5
800,2026-07-18T23:22:00.000,3.41,89,5.1100000000000003,315.89999999999998,81.5,0.93,51.17,OK,29.6
1288,2026-07-18T23:28:00.000,2.83,90.3,7.32,387.5,81.2,1.26,51.22,OK,41.6
1457,2026-07-18T23:34:00.000,3.36,89,9.39,366.6,81.5,0.93,51.29,OK,28
1067,2026-07-18T23:40:00.000,3.76,86.8,7.77,329.8,82.6,0.95,51.37,OK,39.6
1364,2026-07-18T23:43:00.000,3.54,84.2,8.16,378.2,77.7,1.6,51.45,OK,23.4
954,2026-07-18T23:50:00.000,3.12,87,8.07,327.8,80.2,1.84,51.51,OK,31.8
1277,2026-07-18T23:53:00.000,3.01,90,6.83,391.7,83.4,1.54,51.56,OK,25.7
1758,2026-07-19,4.12,90.7,8.6199999999999992,415.8,81.5,1.33,51.65,OK,35.6
1319,2026-07-19T00:03:00.000,3.2,87.9,7.96,359.3,86,1.62,51.68,OK,29.8
1198,2026-07-19T00:11:00.000,3.63,85.6,8.59,339.8,84.6,1.61,51.75,OK,32.200000000000003
1916,2026-07-19T00:18:00.000,4.45,90.2,11.68,457.7,87.6,2.14,51.79,OK,36.700000000000003
1539,2026-07-19T00:21:00.000,3.58,91.3,6.74,394.5,87.1,1,51.86,OK,31.1
1318,2026-07-19T00:29:00.000,3.97,85.2,7.52,367.5,76.900000000000006,1.78,51.92,OK,36.1
1216,2026-07-19T00:36:00.000,3.57,85.1,8.9,356.2,80,1.17,52.03,OK,30.6
1141,2026-07-19T00:40:00.000,3.7,86.8,6.28,358.5,82.1,1.1399999999999999,52.14,OK,33.6
1718,2026-07-19T00:42:00.000,3.56,90.9,7.55,416.3,83.5,1.74,52.23,OK,36.200000000000003
1863,2026-07-19T00:47:00.000,3.43,91.4,9.76,427.1,80.2,1.65,52.26,OK,37.799999999999997
1621,2026-07-19T00:55:00.000,3.42,92.4,10.220000000000001,380.2,81.400000000000006,1.46,52.3,OK,37.200000000000003
1578,2026-07-19T01:00:00.000,3.4,95.3,9.1999999999999993,417.4,84.4,1.76,52.35,OK,27.7
1880,2026-07-19T01:02:00.000,3.87,88.3,11.2,419.9,75.2,1.22,52.45,OK,34.6
1205,2026-07-19T01:07:00.000,3.61,89.1,9.23,380.1,84.9,1.19,52.56,OK,36.700000000000003
1755,2026-07-19T01:11:00.000,3.14,90,10.73,439.5,89.3,1.67,52.62,OK,39.700000000000003
1762,2026-07-19T01:13:00.000,3.72,92.1,10.97,418.3,89.4,2.1800000000000002,52.67,OK,32
1929,2026-07-19T01:18:00.000,3.85,94.6,8.83,439.7,88.4,1.27,52.73,OK,30
1980,2026-07-19T01:26:00.000,3.84,89.3,9.94,429.4,83.3,1.58,52.81,OK,27
1698,2026-07-19T01:32:00.000,3.28,90.7,8.59,391,84.8,1.29,52.93,OK,26.7
2519,2026-07-19T01:39:00.000,4.29,89.6,11.97,504.8,80.7,1.59,53.03,OK,27.8
1519,2026-07-19T01:43:00.000,3.63,93.8,9.7100000000000009,393.2,87.7,2.13,53.14,OK,39.9
1761,2026-07-19T01:48:00.000,3.93,94.7,10.41,425.2,94.1,1.1299999999999999,53.23,OK,34.5
2257,2026-07-19T01:55:00.000,3.9,90.9,11.19,435.5,80.8,1.32,53.33,OK,29
1764,2026-07-19T01:59:00.000,3.79,90.1,10.79,399.5,85.9,1.36,53.4,OK,26.8
2055,2026-07-19T02:06:00.000,4.09,87.1,9.49,404.2,79.900000000000006,1.4,53.49,OK,28.8
1859,2026-07-19T02:08:00.000,3.76,90.3,12.07,426.9,80.900000000000006,1.54,53.51,OK,38.5
1939,2026-07-19T02:10:00.000,3.3,92.3,10.97,421.2,85.2,1.26,53.61,OK,33.799999999999997
1652,2026-07-19T02:12:00.000,2.79,94.2,10.7,404.4,87.9,1,53.67,OK,27.8
2402,2026-07-19T02:17:00.000,3.8,88.7,11.53,473.5,81.5,1.47,53.69,OK,34.700000000000003
2439,2026-07-19T02:20:00.000,3.45,94.4,11.32,459.7,90.7,1.34,53.76,OK,36.799999999999997
2468,2026-07-19T02:24:00.000,4.1399999999999997,95.8,13.46,479.1,93.7,1.68,53.83,OK,31.2
2075,2026-07-19T02:31:00.000,3.46,96.2,10.9,455.9,89.9,1.83,53.93,OK,33.9
2372,2026-07-19T02:36:00.000,3.79,93.2,11.31,476.9,88.5,1.77,53.96,OK,37
2984,2026-07-19T02:40:00.000,4.97,96.7,14.03,502.2,91.8,2.0099999999999998,54.05,OK,25.4
2417,2026-07-19T02:46:00.000,3.88,96.5,11.67,489.9,90,1.46,54.12,OK,39.799999999999997
1940,2026-07-19T02:54:00.000,4.17,94.3,10.57,420.7,91,1.47,54.23,OK,29.4
2076,2026-07-19T02:56:00.000,3.86,93.1,11.92,451,86.3,1.82,54.29,OK,41.8
2089,2026-07-19T02:58:00.000,3.35,93.4,10.85,452.9,83.2,1.23,54.31,OK,39.9
2896,2026-07-19T03:05:00.000,4.33,92.1,11.75,541.1,82.5,1.86,54.42,OK,27.4
2601,2026-07-19T03:08:00.000,3.34,93.9,11.87,496.6,86.9,1.41,54.46,OK,36.799999999999997
1942,2026-07-19T03:10:00.000,3.85,92,10.029999999999999,427.6,86.5,1.1599999999999999,54.57,OK,40.799999999999997
2977,2026-07-19T03:16:00.000,4.0599999999999996,92.9,13.8,513.6,83.3,1.64,54.61,OK,31
2749,2026-07-19T03:20:00.000,4.17,99.9,11.32,523.6,92.4,1.46,54.65,OK,37.299999999999997
2640,2026-07-19T03:25:00.000,3.93,95.7,12.32,480.5,91.7,1.39,54.74,OK,39.4
3138,2026-07-19T03:27:00.000,4.87,95.3,14.41,535.4,89.6,2.0499999999999998,54.84,OK,34.700000000000003
2555,2026-07-19T03:32:00.000,4.16,91.5,11.79,444.2,83.3,1.76,54.96,OK,28.9
3140,2026-07-19T03:40:00.000,4.3899999999999997,91.9,14.46,519.70000000000005,85.4,1.73,55.03,OK,31.6
1917,2026-07-19T03:43:00.000,3.59,91.3,11.37,445.3,86.2,1.46,55.08,OK,29.2
2461,2026-07-19T03:45:00.000,4.1900000000000004,89.3,11.62,464.4,78,1.57,55.15,OK,26.3
3022,2026-07-19T03:48:00.000,4.29,91.7,12.5,526.29999999999995,89.2,2.12,55.24,OK,23.6
3359,2026-07-19T03:52:00.000,3.76,97.5,17.18,555.6,92.4,2.13,55.31,OK,23.3
2371,2026-07-19T03:56:00.000,3.87,89.6,11.25,485.3,86.2,1.94,55.43,OK,26.1
2677,2026-07-19T04:02:00.000,4.2,94.1,12.64,497.8,89.7,1.55,55.52,OK,28.5
2907,2026-07-19T04:04:00.000,4.0599999999999996,94.9,13.7,525.9,87.5,1.91,55.63,OK,37.799999999999997
2545,2026-07-19T04:09:00.000,4.2300000000000004,91.3,11.18,475.9,83.3,1.61,55.67,OK,29.4
2806,2026-07-19T04:11:00.000,4.3099999999999996,94,13.54,545,89.4,1.52,55.76,OK,36.799999999999997
3476,2026-07-19T04:15:00.000,3.86,99,15.23,562.1,94.9,2.54,55.83,OK,40.6
2585,2026-07-19T04:18:00.000,3.93,90.3,12.76,481.9,85,1.9,55.88,OK,33.299999999999997
2885,2026-07-19T04:24:00.000,4.75,97.3,14.1,548,94.1,1.7,55.94,OK,34.5
3088,2026-07-19T04:29:00.000,4.54,103.3,15.38,551,98.2,1.72,56.01,WARNING,34.5
3178,2026-07-19T04:32:00.000,4.6900000000000004,97.1,16.2,559.5,89.6,1.78,56.1,OK,30.4
2734,2026-07-19T04:37:00.000,4.5999999999999996,90.7,12.88,513.4,81,2.16,56.16,OK,27.7
2995,2026-07-19T04:43:00.000,4.25,99.3,13.48,547.6,87.9,2.27,56.23,OK,41.7
2977,2026-07-19T04:50:00.000,4.2,91.5,12.82,543.5,81.599999999999994,2.36,56.29,OK,32.9
3205,2026-07-19T04:58:00.000,4.79,95.9,15.22,565.5,90.5,1.7,56.37,OK,38.9
2707,2026-07-19T05:04:00.000,4.63,91.8,12.98,473.9,89.1,2.19,56.41,OK,27.7
3582,2026-07-19T05:12:00.000,5.12,99.1,15.89,603.1,95.7,2.2799999999999998,56.45,OK,26.7
3246,2026-07-19T05:17:00.000,4.2699999999999996,98.7,13.75,555.6,90.3,1.93,56.55,OK,34.6
3547,2026-07-19T05:21:00.000,4.93,95.4,15.31,591.29999999999995,90.7,1.83,56.58,OK,37.299999999999997
2991,2026-07-19T05:24:00.000,4.3,98.1,14.52,519.79999999999995,90.6,2.82,56.68,OK,35.299999999999997
2780,2026-07-19T05:27:00.000,4.5,94.3,14.06,524.79999999999995,89,1.9,56.72,OK,37.799999999999997
2889,2026-07-19T05:35:00.000,4.26,97.2,13.83,520.6,94.8,1.95,56.78,OK,35.700000000000003
3484,2026-07-19T05:37:00.000,4.6399999999999997,97,15.76,573.29999999999995,91.7,2.56,56.86,OK,38.200000000000003
3099,2026-07-19T05:40:00.000,4.72,94.9,15.49,555.5,91.5,1.77,56.97,OK,29.9
2700,2026-07-19T05:48:00.000,4.12,91.6,13.72,494,91,2.44,57.07,OK,31.2
3344,2026-07-19T05:52:00.000,4.42,98.2,15.97,569.6,91.4,1.84,57.14,OK,38.9
3181,2026-07-19T05:56:00.000,4.87,94.2,13.93,551.29999999999995,87.8,1.63,57.22,WARNING,36.700000000000003
3202,2026-07-19T06:01:00.000,4.67,92.7,16.7,552.79999999999995,83.4,2.1800000000000002,57.34,OK,26.9
2718,2026-07-19T06:03:00.000,3.91,90.7,14.41,497.8,84.8,1.65,57.4,OK,25.3
2799,2026-07-19T06:06:00.000,4.6900000000000004,93,13.68,508.2,88.7,1.49,57.43,OK,36.4
3146,2026-07-19T06:09:00.000,5,92.7,13.92,536.29999999999995,85.7,1.67,57.45,OK,22.9
3022,2026-07-19T06:17:00.000,4.51,94.1,13.25,547.79999999999995,88.4,1.61,57.53,OK,26.1
3156,2026-07-19T06:23:00.000,4.33,97.9,14.94,554.20000000000005,94.6,1.68,57.58,OK,26.4
3654,2026-07-19T06:28:00.000,5.33,96,16.53,608.79999999999995,88.7,2.15,57.63,OK,34.799999999999997
2997,2026-07-19T06:36:00.000,4.96,91.2,13.78,539.70000000000005,82.9,1.88,57.74,OK,26.1
3059,2026-07-19T06:43:00.000,4.12,94,13.26,547.9,85.4,2.1,57.81,OK,25.5
3197,2026-07-19T06:45:00.000,4.46,89.6,15.01,536.79999999999995,76.099999999999994,2.2799999999999998,57.84,OK,22.4
3049,2026-07-19T06:49:00.000,4.37,97.2,14.03,542.70000000000005,88.8,2.09,57.88,OK,36.5
3315,2026-07-19T06:52:00.000,5.14,95.4,13.77,533.9,91.9,2.38,57.97,OK,26.9
3754,2026-07-19T06:55:00.000,5.08,101,16.649999999999999,587.6,95.9,1.84,58.03,WARNING,36.4
3296,2026-07-19T07:02:00.000,4.38,101.3,15.88,522.6,97.3,2.1,58.11,WARNING,28.5
3489,2026-07-19T07:08:00.000,4.66,96,16.03,574.6,92,1.72,58.2,OK,26
2587,2026-07-19T07:14:00.000,4.12,92.1,12.26,512.1,86.7,1.63,58.27,OK,32.200000000000003
3429,2026-07-19T07:17:00.000,4.33,99.3,17.04,588.1,97.5,1.98,58.32,OK,30.9
3916,2026-07-19T07:20:00.000,5.08,98.4,16.559999999999999,610.70000000000005,92.9,3.16,58.35,WARNING,28.7
3433,2026-07-19T07:26:00.000,4.7699999999999996,97.5,15.85,596.9,91.4,2.34,58.44,OK,35
3441,2026-07-19T07:30:00.000,4.8,100,15.08,577.1,93.6,2.37,58.47,OK,25.2
3494,2026-07-19T07:38:00.000,4.72,98.2,15.8,605,91,1.92,58.58,OK,27.4
3939,2026-07-19T07:46:00.000,4.55,96.2,16.91,595.79999999999995,88.8,2.2400000000000002,58.68,OK,28.7
3860,2026-07-19T07:49:00.000,4.6399999999999997,98.7,18.16,617,92.4,2.27,58.75,OK,39.6
3024,2026-07-19T07:54:00.000,4.45,92,14.37,516.70000000000005,88.5,1.66,58.77,OK,32
3797,2026-07-19T07:57:00.000,5.15,97.2,17.010000000000002,606.9,93.2,2.48,58.82,OK,36.799999999999997
3851,2026-07-19T08:02:00.000,4.93,101.4,16.64,592.29999999999995,93.6,1.87,58.84,WARNING,30.2
2764,2026-07-19T08:08:00.000,3.81,94.7,13.04,502,87.3,1.49,58.9,OK,39.200000000000003
3364,2026-07-19T08:15:00.000,3.9,93.7,15.91,578.70000000000005,87.5,1.69,59.01,OK,37.1
3530,2026-07-19T08:23:00.000,4.6500000000000004,98.7,16.510000000000002,595,90.8,1.78,59.08,OK,31.9
2357,2026-07-19T08:30:00.000,4.16,93.1,11.97,481.3,87.1,1.46,59.19,OK,33.200000000000003
3089,2026-07-19T08:34:00.000,4.7300000000000004,93.4,14.97,538,85.4,2.02,59.3,OK,27.5
3066,2026-07-19T08:36:00.000,5.05,93.7,15.48,529.20000000000005,88.2,1.68,59.38,OK,31.1
3079,2026-07-19T08:38:00.000,4.8099999999999996,96.5,14.79,539.29999999999995,90.4,2.38,59.49,OK,35.4
3659,2026-07-19T08:40:00.000,4.96,98.5,14.64,604.6,94.7,2.67,59.59,OK,32.799999999999997
3260,2026-07-19T08:46:00.000,4.33,96.4,15.12,567.9,89.1,2.41,59.71,WARNING,28.1
3414,2026-07-19T08:52:00.000,5.14,94.5,17.25,546.9,88.9,2.1,59.78,OK,39.200000000000003
3284,2026-07-19T08:55:00.000,4.17,95.2,15.87,561.5,87.7,1.77,59.83,OK,37.700000000000003
4102,2026-07-19T08:59:00.000,5.38,99.4,17.86,644.9,92.7,2.21,59.92,OK,33.5
3571,2026-07-19T09:07:00.000,5.37,96.7,16.670000000000002,577.5,89.3,1.94,60.02,OK,41
3200,2026-07-19T09:11:00.000,4.96,97.7,14.44,564,92.5,2.1,60.11,OK,33.4
3098,2026-07-19T09:14:00.000,4.26,99.2,14.84,532,91,1.66,60.17,OK,39.200000000000003
2929,2026-07-19T09:18:00.000,3.76,95.1,14.42,532.5,86,1.82,60.26,OK,38.6
2814,2026-07-19T09:22:00.000,4,95.5,14.69,477.4,93.1,2.4,60.32,OK,29.7
2717,2026-07-19T09:25:00.000,4.2300000000000004,94.3,11.57,499.6,85.3,2.02,60.4,OK,31.2
3461,2026-07-19T09:33:00.000,4.53,97.6,14.58,568.70000000000005,90.9,1.82,60.46,OK,31.1
2784,2026-07-19T09:40:00.000,4.4000000000000004,88.1,12.89,525,80.2,1.97,60.54,OK,36.200000000000003
3302,2026-07-19T09:48:00.000,3.91,96.7,15.71,558.4,89.3,2.09,60.58,OK,34.299999999999997
2880,2026-07-19T09:54:00.000,4.5999999999999996,93.8,14.48,506.2,83.7,1.56,60.7,OK,34.200000000000003
2773,2026-07-19T09:56:00.000,4.04,94,13.3,527.20000000000005,89.1,2.31,60.79,OK,32.6
2898,2026-07-19T10:03:00.000,4.33,93.8,11.91,523.9,88.9,2.48,60.9,OK,32.200000000000003
3619,2026-07-19T10:10:00.000,4.57,96.8,17.309999999999999,596.5,91.4,1.98,61.02,OK,39.299999999999997
4032,2026-07-19T10:13:00.000,5.24,97.1,17.97,620,88.6,1.99,61.08,OK,24.4
2817,2026-07-19T10:16:00.000,4.09,92.8,13.76,535.6,85.5,1.74,61.13,OK,29.8
2761,2026-07-19T10:18:00.000,3.62,97.1,11.06,510.3,90.4,1.49,61.17,OK,34.5
3232,2026-07-19T10:20:00.000,4.6900000000000004,97.7,16.13,554.1,90.9,1.68,61.21,OK,39.299999999999997
2926,2026-07-19T10:25:00.000,3.78,95.1,13.58,533.4,87.7,2.4,61.24,OK,38.5
2619,2026-07-19T10:30:00.000,4.1399999999999997,89.8,13.76,499.8,88.3,2.2200000000000002,61.3,OK,29.3
2994,2026-07-19T10:35:00.000,4.7,100.6,14.7,576.70000000000005,96.7,2.0499999999999998,61.33,WARNING,26.1
3065,2026-07-19T10:41:00.000,4.57,100.1,13.66,563.5,90,2.0499999999999998,61.36,WARNING,40.299999999999997
2686,2026-07-19T10:44:00.000,4.21,94,13.27,508,89.4,1.75,61.45,OK,31.1
2669,2026-07-19T10:49:00.000,4.2699999999999996,88.6,13.83,479.6,78.599999999999994,2.2200000000000002,61.48,OK,25.7
3317,2026-07-19T10:55:00.000,4.22,93.7,13.56,544.79999999999995,90.1,2.1800000000000002,61.55,OK,35.5
2402,2026-07-19T10:57:00.000,4.1399999999999997,97.4,12.79,484.3,95.3,1.99,61.59,OK,34.6
2473,2026-07-19T11:02:00.000,4.2300000000000004,96.1,10.98,515.4,89.3,1.51,61.62,OK,28.6
2472,2026-07-19T11:05:00.000,4.16,92.6,11.37,503.6,87.4,1.73,61.69,OK,28.2
3201,2026-07-19T11:12:00.000,4.53,92.6,13.68,556.29999999999995,86.6,3.08,61.79,WARNING,26.2
1886,2026-07-19T11:16:00.000,3.71,90.6,12.15,405.3,82.8,1.1100000000000001,61.83,OK,38.5
2837,2026-07-19T11:22:00.000,4.59,92,13.61,499.7,86.4,1.48,61.87,OK,30.7
2510,2026-07-19T11:29:00.000,3.83,99.1,10.53,490,93.5,1.48,61.95,OK,35.4
3126,2026-07-19T11:35:00.000,3.96,97.3,13.8,547.5,90.9,1.89,62.06,OK,40
2586,2026-07-19T11:37:00.000,4.43,96.8,11.93,493.1,90.9,1.8,62.13,OK,37.4
1680,2026-07-19T11:39:00.000,3.17,90.8,9.4700000000000006,427,87.6,1.65,62.18,OK,28.1
2967,2026-07-19T11:41:00.000,4.13,92.1,13.22,547.79999999999995,85.2,1.64,62.25,OK,33
2291,2026-07-19T11:48:00.000,4.12,93.5,10.19,462,89.7,2.4500000000000002,62.31,OK,36.700000000000003
1629,2026-07-19T11:53:00.000,3.72,90.3,10.45,397.3,84.6,1.43,62.41,OK,39.4
2172,2026-07-19T12:01:00.000,3.8,97.3,11.02,457,85.6,2.17,62.45,OK,42.1
2297,2026-07-19T12:03:00.000,4.4800000000000004,92.3,11.38,460,85,1.56,62.56,OK,26.6
1887,2026-07-19T12:07:00.000,4.08,92.4,11.57,436,83.8,1.27,62.65,OK,40.799999999999997
1688,2026-07-19T12:13:00.000,3.62,88.8,11.12,402.7,83.7,1.4,62.75,OK,28.1
2298,2026-07-19T12:21:00.000,3.79,92.2,11.48,482.9,87.2,1.96,62.83,OK,39
1729,2026-07-19T12:28:00.000,3.78,87.5,8.5500000000000007,405.8,82.5,1.44,62.91,OK,33.299999999999997
1775,2026-07-19T12:34:00.000,3.8,86.1,9.7200000000000006,399.6,79.099999999999994,1.76,63.02,OK,24.8
2579,2026-07-19T12:36:00.000,4.54,95.5,14.6,497,88.3,1.73,63.11,OK,35.700000000000003
1958,2026-07-19T12:44:00.000,3.69,95,9.57,437.6,85.9,1.42,63.2,OK,40.200000000000003
1618,2026-07-19T12:47:00.000,3.96,90.4,8.25,403.6,79,1.53,63.24,OK,30.7
1701,2026-07-19T12:53:00.000,3.24,84,9.66,398.1,75.599999999999994,2.04,63.28,OK,25.9
2120,2026-07-19T13:01:00.000,3.98,94.8,10.85,424.5,92.6,1.66,63.39,OK,42.7
2103,2026-07-19T13:06:00.000,3.62,92.7,11.12,440.4,89.3,1.28,63.51,OK,31.8
2159,2026-07-19T13:09:00.000,3.86,96.6,11.25,473.6,87.8,1.51,63.57,OK,35.200000000000003
2179,2026-07-19T13:12:00.000,3.85,90.8,11.01,446.2,88.9,1.34,63.63,OK,42.1
1985,2026-07-19T13:16:00.000,3.39,93.8,9.98,413.3,83.6,1.1499999999999999,63.69,OK,33.700000000000003
2052,2026-07-19T13:23:00.000,3.54,96.2,10.34,451.8,84.9,1.1499999999999999,63.77,OK,36.799999999999997
1645,2026-07-19T13:25:00.000,3.47,88.1,8.2799999999999994,415.8,79.5,1.35,63.86,OK,38.299999999999997
1392,2026-07-19T13:30:00.000,4.07,91,8.16,408.3,89.7,1.68,63.93,OK,37
2230,2026-07-19T13:33:00.000,3.79,89.2,11.19,467.3,83.7,1.27,64.010000000000005,OK,38.6
2035,2026-07-19T13:36:00.000,3.2,88.6,10.33,453.8,80.900000000000006,1.25,64.08,OK,23
1601,2026-07-19T13:38:00.000,3.35,88.2,9.51,410.8,81.900000000000006,0.98,64.2,OK,39.200000000000003
1440,2026-07-19T13:43:00.000,2.87,90.3,8.35,389.3,88.7,1.02,64.239999999999995,OK,33
2446,2026-07-19T13:45:00.000,3.71,92.5,12.21,463.6,86.6,1.6,64.36,OK,31.5
1303,2026-07-19T13:52:00.000,2.57,88.4,8.0399999999999991,370.5,78.900000000000006,1.48,64.41,OK,38.4
1673,2026-07-19T14:00:00.000,3.41,90.8,9.43,419,85.4,1.1399999999999999,64.430000000000007,OK,31.8
1333,2026-07-19T14:05:00.000,3.59,86.6,7.22,373.1,79.900000000000006,1.57,64.48,OK,35.6
1398,2026-07-19T14:07:00.000,3.34,88,7.53,397.6,84.7,1,64.510000000000005,OK,31.4
1255,2026-07-19T14:09:00.000,3.25,90.7,8.89,374.5,87.3,0.99,64.58,OK,38
800,2026-07-19T14:17:00.000,4.05,85.1,6.6,317,80.5,1.23,64.61,OK,33.9
1605,2026-07-19T14:19:00.000,3.4,88.2,8.19,405.3,88.2,1.49,64.69,OK,27.1
1675,2026-07-19T14:23:00.000,3.71,90.3,7.75,396.7,84.4,1.33,64.72,OK,38.4
1190,2026-07-19T14:25:00.000,3.36,92.3,8.4700000000000006,368.3,91.3,1.04,64.81,OK,38
2312,2026-07-19T14:32:00.000,4.07,93.2,12.19,465.4,84.7,1.49,64.87,OK,21.9
1477,2026-07-19T14:39:00.000,3.34,86.8,8.26,369.7,79.5,0.96,64.959999999999994,OK,26
1414,2026-07-19T14:47:00.000,3.78,86.7,8.5299999999999994,390.7,79,1.43,65.010000000000005,OK,27.1
1470,2026-07-19T14:54:00.000,3.96,86.9,8.82,370.9,78.2,1.1399999999999999,65.11,OK,36
1107,2026-07-19T15:02:00.000,3.3,91.8,6.56,363.1,86,1.3,65.22,OK,29.2
952,2026-07-19T15:05:00.000,3.61,89.9,6.83,336.9,87.1,1.31,65.27,OK,38.9
1009,2026-07-19T15:09:00.000,3.42,90.4,6.94,353.1,84.1,1.5,65.3,OK,39
1065,2026-07-19T15:17:00.000,3.31,91.4,6.37,355.4,89,1.1000000000000001,65.34,OK,36.700000000000003
1434,2026-07-19T15:24:00.000,3.16,86.5,8.6999999999999993,372.2,79.599999999999994,0.93,65.36,OK,25.2
1088,2026-07-19T15:26:00.000,3.25,88.6,7.58,352.4,83.8,1.01,65.41,OK,42.1
1420,2026-07-19T15:31:00.000,3.81,92.5,7.49,389.4,88,1.27,65.53,OK,34.1
800,2026-07-19T15:37:00.000,3.02,85.5,7.08,341.6,78.099999999999994,0.73,65.599999999999994,OK,37.299999999999997
946,2026-07-19T15:41:00.000,3.28,84,6.29,361.4,80.599999999999994,1,65.709999999999994,OK,25.3
907,2026-07-19T15:49:00.000,2.83,86.8,6.07,319.39999999999998,78.8,0.69,65.760000000000005,OK,32.4
800,2026-07-19T15:56:00.000,3.32,82.5,6.97,308.5,76.7,0.82,65.88,OK,30.8
967,2026-07-19T16:01:00.000,3.39,88.5,7.52,307.10000000000002,81,1.74,65.989999999999995,OK,33
800,2026-07-19T16:08:00.000,3.97,85.8,5.55,305.60000000000002,82.4,1.37,66.069999999999993,OK,27.7
1262,2026-07-19T16:15:00.000,3.49,87.4,8.31,352.9,83.2,1.08,66.16,OK,37
1347,2026-07-19T16:19:00.000,3.56,88.7,8.6,344.6,84.2,1.87,66.239999999999995,OK,23.6
800,2026-07-19T16:24:00.000,3.15,80.400000000000006,5.94,291.39999999999998,75,0.84,66.28,OK,23.4
983,2026-07-19T16:31:00.000,3.24,84.5,7.46,333.4,80.5,1.18,66.319999999999993,OK,28.3
800,2026-07-19T16:34:00.000,3,90.7,4.59,322.10000000000002,88.2,0.71,66.400000000000006,OK,37.799999999999997
1164,2026-07-19T16:39:00.000,3.83,87.1,7.02,351,78.900000000000006,0.85,66.44,OK,33.4
802,2026-07-19T16:42:00.000,2.99,83.6,7.08,307.10000000000002,72.599999999999994,1.18,66.56,OK,39.1
848,2026-07-19T16:50:00.000,3.59,85.5,6.04,369,81.599999999999994,1.06,66.62,OK,28.9
952,2026-07-19T16:58:00.000,3.22,84.8,5.87,341,76.5,1.1599999999999999,66.739999999999995,OK,29.3
1122,2026-07-19T17:03:00.000,3.02,88.8,5.0199999999999996,355.5,79.900000000000006,1.94,66.84,OK,34.200000000000003
1036,2026-07-19T17:10:00.000,3.06,89.4,8.0500000000000007,368.6,85.7,1.39,66.95,OK,32.5
1149,2026-07-19T17:14:00.000,3.11,86.8,6.9,353.2,76.900000000000006,0.99,67.05,OK,31.6
1260,2026-07-19T17:20:00.000,3.28,81.599999999999994,6.52,337.7,78.3,1.88,67.069999999999993,OK,31.8
958,2026-07-19T17:24:00.000,2.82,86.1,7.18,326.39999999999998,80.900000000000006,0.81,67.180000000000007,OK,26
800,2026-07-19T17:31:00.000,2.93,81.900000000000006,7.74,341.7,72.7,1.27,67.25,OK,27.8
800,2026-07-19T17:34:00.000,2.27,87.2,6.37,319.8,81.7,1.21,67.37,WARNING,33.6
800,2026-07-19T17:39:00.000,3.17,87.6,4.5199999999999996,299.3,78.3,0.66,67.39,OK,31.8
1079,2026-07-19T17:47:00.000,3.08,89.8,6.58,365.3,84.4,1.0900000000000001,67.48,OK,33.5
800,2026-07-19T17:54:00.000,3.07,86.6,7.19,329.3,77.7,0.67,67.52,OK,28.1
1378,2026-07-19T17:59:00.000,3.19,87.5,8.52,368.5,79.5,0.88,67.61,OK,32.799999999999997
800,2026-07-19T18:04:00.000,3.61,87.1,5.1100000000000003,327.7,83.3,1.31,67.7,OK,39.799999999999997
968,2026-07-19T18:10:00.000,2.56,88.7,9.17,362.1,79.900000000000006,1.31,67.75,OK,37.700000000000003
1528,2026-07-19T18:17:00.000,3.86,91.3,8.33,407.1,87.3,1.03,67.86,OK,34.299999999999997
951,2026-07-19T18:21:00.000,2.7,85.6,6.62,333.1,79.900000000000006,1.29,67.89,OK,39.6
800,2026-07-19T18:29:00.000,2.87,88.3,6.01,344.2,81.8,1.1599999999999999,67.959999999999994,OK,33.9
800,2026-07-19T18:33:00.000,3.34,80,7.09,337.7,73.5,1.23,67.989999999999995,OK,28.3
1175,2026-07-19T18:41:00.000,4.09,83,7.4,338.3,78.900000000000006,0.81,68.069999999999993,OK,36.4
1149,2026-07-19T18:48:00.000,3.66,82.8,5.84,383.2,74,1.58,68.150000000000006,WARNING,31.4
4832,2026-07-19T18:53:00.000,2.4700000000000002,90.6,6.2,372,88.8,1.21,68.27,OK,39.4
1097,2026-07-19T19:01:00.000,3.43,88.3,6.81,363.4,79.3,0.81,68.33,OK,31.8
879,2026-07-19T19:06:00.000,2.9,87.7,6.76,334.5,82.3,1.07,68.44,OK,37.5
801,2026-07-19T19:11:00.000,4.0199999999999996,83.3,5.84,328.5,77.7,0.79,68.56,OK,28.7
1102,2026-07-19T19:15:00.000,3.41,88.9,7.9,362.7,84,1.19,68.63,OK,35.5
1446,2026-07-19T19:21:00.000,3.88,84.7,9.85,372.1,77.400000000000006,0.98,68.73,OK,24.3
800,2026-07-19T19:28:00.000,2.85,85.9,5.17,326.89999999999998,80.5,0.8,68.77,OK,36.9
1453,2026-07-19T19:33:00.000,3.21,86.1,8.77,399.2,78.7,1.33,68.81,OK,31.2
1036,2026-07-19T19:38:00.000,3.28,85.4,6.67,335.9,78,1.01,68.92,OK,20.9
1094,2026-07-19T19:44:00.000,3.08,84.8,6.63,363.3,79.5,0.82,68.989999999999995,OK,29.8
1411,2026-07-19T19:51:00.000,3.61,88.4,7.95,360,82,1.24,69.02,OK,29
1123,2026-07-19T19:59:00.000,3.17,87.6,8.07,365,84.4,1.28,69.05,OK,33.9
1278,2026-07-19T20:06:00.000,3.38,90.5,8.0500000000000007,414.5,84.8,1.45,69.13,OK,27.6
800,2026-07-19T20:14:00.000,3.52,83,5.83,325.89999999999998,76.7,1.58,69.209999999999994,WARNING,21.5
1137,2026-07-19T20:22:00.000,3.3,92.3,9.1999999999999993,342.4,89.9,0.99,69.319999999999993,OK,40.799999999999997
1429,2026-07-19T20:28:00.000,3.38,91.6,8.18,401.1,88,1.2,69.37,OK,37
1133,2026-07-19T20:33:00.000,3.14,82.5,7.78,372.1,75,0.87,69.41,OK,25.5
1174,2026-07-19T20:40:00.000,3.2,85.2,7.52,363.9,77.599999999999994,1.05,69.5,OK,29.7
1367,2026-07-19T20:43:00.000,3.71,88.3,6.9,371.9,79.2,1.66,69.52,OK,36.1
1481,2026-07-19T20:51:00.000,3.48,89.4,8.41,375.6,87.9,1.41,69.58,OK,30
1883,2026-07-19T20:57:00.000,3.41,91.3,9.57,429.6,84.3,1.45,69.66,OK,28.3
1526,2026-07-19T21:03:00.000,3.4,91.1,8.4499999999999993,404.6,81.2,1.34,69.760000000000005,OK,35
1867,2026-07-19T21:07:00.000,4.07,86.7,11.84,393.2,81.599999999999994,1.28,69.88,OK,25.8
1383,2026-07-19T21:09:00.000,3.35,89.3,7.78,400.8,78,1.55,69.97,OK,37
800,2026-07-19T21:14:00.000,2.2799999999999998,82.6,6.38,274.3,79,0.84,70.03,WARNING,24.5
1313,2026-07-19T21:16:00.000,3.75,88.7,8.83,388.3,81.3,0.86,70.08,OK,32.200000000000003
1204,2026-07-19T21:18:00.000,3.35,81.599999999999994,7.02,365.3,75.400000000000006,1.18,70.19,OK,25.6
1489,2026-07-19T21:23:00.000,3.82,87.9,7.81,404.3,84.4,0.93,70.3,OK,29.8
1424,2026-07-19T21:27:00.000,3.39,84.8,8.73,357.8,81.599999999999994,1.1499999999999999,70.33,OK,35.799999999999997
1654,2026-07-19T21:33:00.000,3.82,87.1,9.31,417.4,81.599999999999994,1.7,70.349999999999994,OK,34.299999999999997
1352,2026-07-19T21:37:00.000,3.63,90.8,8.69,415.8,85.2,0.93,70.400000000000006,OK,27.3
1688,2026-07-19T21:41:00.000,3.34,94.5,7.92,413.2,89.4,1.49,70.48,OK,35.5
1769,2026-07-19T21:49:00.000,3.26,86.5,11.15,415.2,80.099999999999994,1.17,70.56,OK,25.3
1678,2026-07-19T21:54:00.000,3.24,89.5,9.43,386.2,84.9,1.85,70.66,OK,27.8
1181,2026-07-19T21:57:00.000,3.43,88.1,8.56,349,85,1.01,70.709999999999994,OK,31
2033,2026-07-19T22:05:00.000,3.73,96.3,12.8,444.5,94.1,1.58,70.8,OK,39.6
1965,2026-07-19T22:12:00.000,3.76,93.9,10.25,419.4,87.8,2.27,70.819999999999993,OK,42.4
1709,2026-07-19T22:19:00.000,3.84,86.4,8.69,389.8,82.7,1.05,70.87,OK,30.2
1170,2026-07-19T22:26:00.000,3.25,86.7,7.26,351.4,77.900000000000006,0.93,70.900000000000006,OK,38.6
1938,2026-07-19T22:34:00.000,3.62,91.7,10.119999999999999,442.3,88.9,1.1399999999999999,70.94,OK,32.799999999999997
1677,2026-07-19T22:40:00.000,3.38,86.4,9.52,381.4,78.599999999999994,1.04,71.010000000000005,OK,38.299999999999997
1698,2026-07-19T22:47:00.000,3.82,86.2,10.6,403.8,80.900000000000006,1.27,71.06,OK,36.200000000000003
1892,2026-07-19T22:54:00.000,4.33,93.1,10.130000000000001,407.9,86,1.1100000000000001,71.099999999999994,OK,34.799999999999997
2458,2026-07-19T23:00:00.000,3.83,99.6,13.25,490.8,95.6,1.57,71.12,OK,32.5
2029,2026-07-19T23:05:00.000,4,90.7,11.65,461.8,80.8,1.78,71.150000000000006,OK,37.299999999999997
1969,2026-07-19T23:12:00.000,4.2699999999999996,90.8,10.52,439.3,88.2,1.43,71.22,OK,34.1
1855,2026-07-19T23:15:00.000,3.5,91,8.59,443.6,81.3,1.54,71.290000000000006,OK,36.200000000000003
2078,2026-07-19T23:18:00.000,4.46,93.3,11.58,449.1,87.9,1.22,71.34,OK,38.299999999999997
2096,2026-07-19T23:26:00.000,3.56,89.7,11.46,450.8,79.5,1.49,71.42,OK,34.5
2338,2026-07-19T23:33:00.000,4.21,92.1,11.48,457.6,86.9,2.14,71.459999999999994,OK,32.1
1971,2026-07-19T23:35:00.000,3.4,92.8,9.4700000000000006,448.8,91.7,1.22,71.56,OK,32.5
1902,2026-07-19T23:37:00.000,3.95,90.2,10.1,419.1,89.2,2.14,71.67,OK,37.1
2062,2026-07-19T23:44:00.000,3.64,89.3,11.16,423.3,83.2,1.83,71.73,OK,24.8
2216,2026-07-19T23:48:00.000,3.11,94.7,10.16,462.4,85.5,1.22,71.819999999999993,OK,33.6
2269,2026-07-19T23:55:00.000,4.46,91.9,10.36,441.3,86.2,1.52,71.89,OK,32
2303,2026-07-20T00:01:00.000,4.1100000000000003,87.4,14.36,470.2,77.900000000000006,1.41,71.95,OK,28.3
1990,2026-07-20T00:07:00.000,3.67,86.7,9.44,460.4,76.7,1.36,72.06,OK,38.299999999999997
2336,2026-07-20T00:13:00.000,3.96,89.4,11.04,462.2,80.8,1.63,72.13,OK,32
2635,2026-07-20T00:17:00.000,4.07,97,14.18,500.4,89.2,2.38,72.239999999999995,OK,33.6
2871,2026-07-20T00:24:00.000,4.18,94.5,12.67,529.20000000000005,89.9,1.81,72.27,OK,33.9
2799,2026-07-20T00:31:00.000,4.1100000000000003,96.5,12.37,526.9,92.1,1.87,72.31,OK,37
2463,2026-07-20T00:39:00.000,4.01,95.2,12.96,487.9,85.8,2.0499999999999998,72.42,OK,28.4
2458,2026-07-20T00:42:00.000,4.8,90.6,10.43,454.6,84.8,2.0499999999999998,72.540000000000006,OK,35.4
2977,2026-07-20T00:45:00.000,3.51,101.2,13.45,558.6,97.9,1.72,72.650000000000006,WARNING,29.4
2532,2026-07-20T00:51:00.000,3.41,93.6,12.96,506,85.7,1.69,72.75,OK,34.700000000000003
2902,2026-07-20T00:58:00.000,4.46,97,15.02,509.7,92.9,1.92,72.790000000000006,OK,35.299999999999997
2617,2026-07-20T01:01:00.000,3.3,89.8,13.12,450.3,83.6,1.91,72.88,OK,24.1
1815,2026-07-20T01:07:00.000,3.55,89.1,10.27,460,85.8,1.24,72.900000000000006,OK,38.299999999999997
2915,2026-07-20T01:10:00.000,4.0599999999999996,94,13.84,514.1,91.7,1.59,72.930000000000007,OK,28.4
3048,2026-07-20T01:17:00.000,4.41,93.2,15.34,514.6,91.4,1.72,73.03,OK,29
2622,2026-07-20T01:24:00.000,3.96,92.8,13.85,453.3,84.8,1.46,73.06,OK,27.8
2359,2026-07-20T01:32:00.000,4.01,88,12.15,458.9,77.900000000000006,1.78,73.150000000000006,OK,35.9
3323,2026-07-20T01:37:00.000,4.34,91.4,15.29,566.29999999999995,86,2.4700000000000002,73.239999999999995,OK,24.7
2765,2026-07-20T01:45:00.000,3.8,94.7,12.3,541.20000000000005,90.1,1.83,73.31,OK,39.299999999999997
2721,2026-07-20T01:53:00.000,4.16,91.2,12.32,497.9,86.4,1.47,73.36,OK,32.299999999999997
3024,2026-07-20T01:55:00.000,4.5,102.2,12.36,518.9,95,2.06,73.45,WARNING,29
3849,2026-07-20T02:00:00.000,5.07,99,16.79,622.5,90.4,2.64,73.56,OK,30.1
3085,2026-07-20T02:02:00.000,4.49,95.8,13.29,547.1,91.4,2.04,73.61,OK,30
3002,2026-07-20T02:05:00.000,4.8600000000000003,91.8,13.28,519.29999999999995,85.8,1.75,73.709999999999994,OK,29.3
2987,2026-07-20T02:13:00.000,4.4000000000000004,95.3,15.03,528.5,88.8,1.86,73.739999999999995,OK,39.4
3565,2026-07-20T02:18:00.000,4.9800000000000004,97.7,16.760000000000002,590.9,94.7,2.08,73.790000000000006,OK,36.799999999999997
3193,2026-07-20T02:24:00.000,4.3499999999999996,100.3,14.11,570.9,93.2,2.5499999999999998,73.83,WARNING,37.6
3333,2026-07-20T02:29:00.000,4.78,91.3,14.81,567,84.5,1.77,73.94,OK,24.4
3158,2026-07-20T02:32:00.000,5.16,95.1,16.55,552.29999999999995,89.5,1.61,74,OK,31.9
3260,2026-07-20T02:35:00.000,4.5599999999999996,99,14.15,563.79999999999995,93.6,2.78,74.03,OK,38.1
2995,2026-07-20T02:37:00.000,4.84,90.4,14.61,556.29999999999995,82.3,2.72,74.05,OK,35.9
3172,2026-07-20T02:42:00.000,4.53,90.4,15.99,551.1,85.9,2.42,74.09,OK,26.1
2892,2026-07-20T02:45:00.000,3.9,92.2,13.83,537,86.5,2.34,74.14,OK,35.9
2973,2026-07-20T02:50:00.000,4.43,94.3,14.27,543.79999999999995,86.7,1.76,74.2,OK,30.8
3340,2026-07-20T02:54:00.000,4.75,97,13.66,572.70000000000005,91.7,2.41,74.23,OK,37.5
2940,2026-07-20T02:57:00.000,4.6100000000000003,97.9,13.42,555,89.4,2.1800000000000002,74.28,OK,34.4
3248,2026-07-20T02:59:00.000,4.33,91.3,15.03,539.79999999999995,82,1.93,74.31,OK,34.1
3090,2026-07-20T03:07:00.000,5.75,94.9,15.61,554.4,91.4,1.81,74.42,OK,33.200000000000003
2841,2026-07-20T03:15:00.000,4.6500000000000004,96.2,12.95,501.6,86.3,1.95,74.459999999999994,OK,26.9
3329,2026-07-20T03:23:00.000,5.03,93.3,15.28,562.20000000000005,84.4,1.85,74.489999999999995,OK,34.1
3535,2026-07-20T03:25:00.000,5.01,95,17,553.20000000000005,87.3,1.96,74.53,OK,22.8
2817,2026-07-20T03:31:00.000,3.94,98.3,14.33,503.2,88,2.2200000000000002,74.569999999999993,OK,39.9
3503,2026-07-20T03:34:00.000,4.4400000000000004,104.1,16.13,585.70000000000005,102.6,1.9,74.64,WARNING,44.6
2912,2026-07-20T03:41:00.000,4.57,90.1,13.15,546.6,89.8,1.91,74.680000000000007,OK,25.7
3788,2026-07-20T03:48:00.000,4.1500000000000004,101.2,17.239999999999998,611.1,100.5,2.3199999999999998,74.709999999999994,WARNING,38
3523,2026-07-20T03:55:00.000,4.51,96.3,15.97,593.9,89,1.84,74.78,OK,26.6
2874,2026-07-20T04:01:00.000,4.16,91.8,12.47,540.79999999999995,84.1,2.2200000000000002,74.819999999999993,OK,30.8
3643,2026-07-20T04:08:00.000,4.9800000000000004,94.5,16.059999999999999,587.70000000000005,89.1,2.5099999999999998,74.930000000000007,OK,29.8
3138,2026-07-20T04:10:00.000,4.16,91,14.98,566.6,86.2,1.99,75.040000000000006,OK,25.2
3023,2026-07-20T04:13:00.000,4.99,106.1,15.44,550.9,100.2,1.66,75.069999999999993,WARNING,37.799999999999997
3621,2026-07-20T04:17:00.000,5.81,102.4,15.48,584.79999999999995,93.4,2.54,75.09,WARNING,37.799999999999997
3797,2026-07-20T04:22:00.000,4.95,100.8,17.559999999999999,630.29999999999995,94.5,2.25,75.180000000000007,WARNING,39.4
3547,2026-07-20T04:29:00.000,5.16,93.6,15.38,590.70000000000005,85.4,1.84,75.22,OK,24.1
3255,2026-07-20T04:32:00.000,4.66,99.6,14.84,559,92.4,1.8,75.31,OK,39.5
3449,2026-07-20T04:38:00.000,4.4800000000000004,92.6,15.21,556.70000000000005,89.1,2.33,75.400000000000006,OK,25.7
3189,2026-07-20T04:41:00.000,4.1500000000000004,96.7,16.41,568.6,91.4,2.04,75.48,OK,31.4
3335,2026-07-20T04:43:00.000,4.67,97.8,15.76,551.4,90.7,2.09,75.58,OK,27.8
3541,2026-07-20T04:45:00.000,4.42,99.6,16.62,556.6,94.1,2.0699999999999998,75.64,OK,41.6
2900,2026-07-20T04:52:00.000,4.6900000000000004,93.1,13.02,539.79999999999995,87.9,1.53,75.709999999999994,OK,31.1
3556,2026-07-20T04:54:00.000,4.4800000000000004,95.6,16.420000000000002,598.20000000000005,88.3,2.13,75.75,OK,28.9
2905,2026-07-20T04:59:00.000,4.37,97.6,12.59,539.4,94.6,1.59,75.84,OK,33.5
2953,2026-07-20T05:02:00.000,4.05,95,11.55,525.5,89.3,1.72,75.89,OK,32.200000000000003
3626,2026-07-20T05:04:00.000,4.3499999999999996,102.7,15.79,611.4,96.8,2.09,76.010000000000005,WARNING,34.200000000000003
3099,2026-07-20T05:06:00.000,4.9800000000000004,91.5,15.57,526.70000000000005,86.2,2.46,76.11,OK,33.5
3045,2026-07-20T05:10:00.000,4.25,94.4,13.79,539.9,91.1,1.77,76.180000000000007,OK,40.5
3284,2026-07-20T05:18:00.000,4.3899999999999997,96.8,15.59,588.79999999999995,86.9,2.08,76.2,OK,32.4
3176,2026-07-20T05:20:00.000,4.22,99,16.98,555,96.2,2.2400000000000002,76.3,OK,39.4
3459,2026-07-20T05:26:00.000,4.4400000000000004,98.8,15.53,587.79999999999995,96.3,1.75,76.34,OK,39
3433,2026-07-20T05:28:00.000,4.53,102.6,17.11,563.5,94.1,2.19,76.41,WARNING,39.6
3020,2026-07-20T05:34:00.000,3.68,95,12.17,528.70000000000005,90.9,1.57,76.52,OK,40.299999999999997
2758,2026-07-20T05:41:00.000,4.51,96.4,12.63,510.9,89.4,1.83,76.61,OK,40.700000000000003
3278,2026-07-20T05:46:00.000,4.66,97.8,15.42,579.5,92.2,1.76,76.73,OK,26.5
3725,2026-07-20T05:53:00.000,5.0199999999999996,105.5,16.420000000000002,644.9,95.5,2.21,76.84,WARNING,42.3
3307,2026-07-20T05:58:00.000,4.99,97.4,15.58,570.1,86,2.2000000000000002,76.930000000000007,OK,37.200000000000003
3198,2026-07-20T06:01:00.000,4.4800000000000004,102.3,13.8,536.20000000000005,98.8,1.99,76.98,WARNING,30.1
3914,2026-07-20T06:05:00.000,4.91,100.5,19.05,606.20000000000005,90,2.08,77.08,WARNING,35.799999999999997
3560,2026-07-20T06:08:00.000,4.83,104.1,17.350000000000001,614.6,98.3,2.2799999999999998,77.11,WARNING,40.700000000000003
2679,2026-07-20T06:10:00.000,3.76,91.4,13.49,489.7,86.8,1.7,77.13,OK,25.9
3173,2026-07-20T06:18:00.000,4.3600000000000003,94.6,13.7,560.79999999999995,87.6,1.98,77.2,OK,28.1
3335,2026-07-20T06:23:00.000,4.8600000000000003,101.8,15.19,579.1,93.9,1.84,77.319999999999993,WARNING,40.700000000000003
2869,2026-07-20T06:29:00.000,4.58,97,14.49,525.6,90.8,1.55,77.38,OK,33.200000000000003
3125,2026-07-20T06:32:00.000,5.23,94.1,13.91,548.20000000000005,89.6,1.59,77.430000000000007,OK,25.5
3219,2026-07-20T06:40:00.000,4.47,96,16.14,557.79999999999995,90.7,2.04,77.47,OK,41.6
3117,2026-07-20T06:45:00.000,4.78,104.6,14.78,538.1,97.9,2,77.510000000000005,WARNING,41.1
2754,2026-07-20T06:51:00.000,4.22,94.6,13,507,91.3,1.69,77.62,OK,36.4
3674,2026-07-20T06:57:00.000,4.34,100.5,17.23,634.4,94.7,3.49,77.7,WARNING,40.4
3235,2026-07-20T06:59:00.000,4.62,91,14.1,533,87,2.09,77.75,OK,30
2822,2026-07-20T07:02:00.000,4.2,94.5,13.1,500.3,86.3,1.88,77.81,OK,37.799999999999997
3410,2026-07-20T07:09:00.000,4.4400000000000004,98.5,14.94,569,91.9,2.0499999999999998,77.91,OK,28.9
3055,2026-07-20T07:15:00.000,4.04,94.9,12.74,567.20000000000005,85.2,1.68,77.959999999999994,OK,31.2
3410,2026-07-20T07:20:00.000,4.47,102,13.56,567,96.3,2.5099999999999998,78.05,WARNING,25.1
3005,2026-07-20T07:23:00.000,4.07,96.5,13.21,529.29999999999995,91.5,2.37,78.11,OK,34.200000000000003
2503,2026-07-20T07:25:00.000,4.83,89.9,11.61,466.9,86.1,1.89,78.180000000000007,OK,25.3
2624,2026-07-20T07:27:00.000,4.4400000000000004,97.9,13.28,496.4,92.3,1.56,78.28,OK,32.1
3375,2026-07-20T07:32:00.000,4.1100000000000003,103.8,14.98,575.9,98.1,2.54,78.34,WARNING,35.1
3314,2026-07-20T07:39:00.000,4.3099999999999996,99.9,15.67,576.4,98,1.88,78.39,OK,31.5
2463,2026-07-20T07:45:00.000,3.93,93.6,10.66,459.3,88.3,1.62,78.45,OK,33.700000000000003
3392,2026-07-20T07:47:00.000,4.5199999999999996,96.8,15.67,575.5,88.9,2.96,78.55,OK,33.299999999999997
3239,2026-07-20T07:49:00.000,4.2699999999999996,90.7,13.52,534.70000000000005,87.1,2.14,78.650000000000006,OK,26.1
2633,2026-07-20T07:55:00.000,4.1100000000000003,96.1,12.27,509.2,87,2.09,78.67,OK,38.4
2802,2026-07-20T08:01:00.000,4.6399999999999997,93.1,14.17,491.2,89.7,2.06,78.709999999999994,OK,23
2033,2026-07-20T08:07:00.000,3.71,90.6,10.31,436.7,80,1.62,78.83,OK,42.2
2532,2026-07-20T08:11:00.000,3.69,94.3,11.41,477.1,88.6,2.19,78.88,OK,35.700000000000003
2677,2026-07-20T08:15:00.000,3.44,98.8,14,511.8,93.3,2.33,78.92,OK,40.799999999999997
2833,2026-07-20T08:21:00.000,3.62,92.3,14.22,538.79999999999995,81.900000000000006,1.48,78.98,OK,26
2657,2026-07-20T08:27:00.000,4.2699999999999996,95.3,14.11,512.4,87,1.61,79.09,OK,35.1
2718,2026-07-20T08:32:00.000,4.32,88.1,11.89,508.4,81.099999999999994,1.94,79.19,OK,28.7
2303,2026-07-20T08:34:00.000,3.87,97.1,9.9499999999999993,473.2,89.7,1.49,79.209999999999994,OK,33.6
2727,2026-07-20T08:37:00.000,4.05,91.3,14.41,501.3,81.3,2.2400000000000002,79.27,OK,27.7
3175,2026-07-20T08:44:00.000,4.32,96.8,13.45,550.1,92.7,1.96,79.349999999999994,OK,38
2711,2026-07-20T08:48:00.000,4.32,93.1,12.98,501.6,84.6,2.13,79.38,OK,26
2540,2026-07-20T08:56:00.000,3.93,91.6,12.29,478.5,82.6,2.0699999999999998,79.41,OK,27.6
2240,2026-07-20T09:04:00.000,3.96,93.2,10.75,452.2,84.2,1.42,79.5,OK,27.9
2346,2026-07-20T09:11:00.000,3.92,92.5,10.6,460.3,85.5,1.53,79.56,OK,36.200000000000003
1982,2026-07-20T09:15:00.000,3.85,90.4,10.11,431.6,85.6,1.22,79.66,OK,36.5
1906,2026-07-20T09:21:00.000,2.99,91.7,11,416.5,83.9,1.71,79.72,OK,27.8
2357,2026-07-20T09:29:00.000,4.37,85.7,11.24,466.2,79.400000000000006,1.78,79.760000000000005,OK,32.5
2546,2026-07-20T09:37:00.000,4.24,91.9,11.3,466.1,85.8,1.34,79.8,OK,39.5
2023,2026-07-20T09:43:00.000,3.67,90.9,10.66,445.7,83.2,1.74,79.88,OK,29.6
2711,2026-07-20T09:49:00.000,4.07,97.2,11.17,510.7,85.2,2.0099999999999998,79.94,OK,36.6
2066,2026-07-20T09:57:00.000,4.0199999999999996,93.1,11,472.2,90.5,1.75,79.97,OK,31.6
2201,2026-07-20T10:00:00.000,3.96,84.7,11.75,467.2,80.900000000000006,1.26,80.08,OK,31.3
2534,2026-07-20T10:04:00.000,4.3600000000000003,90.2,11.95,469.4,82.5,1.67,80.150000000000006,OK,25
2063,2026-07-20T10:11:00.000,3.89,91.9,11.45,445.1,82.8,1.62,80.25,OK,26.7
2362,2026-07-20T10:14:00.000,4.3600000000000003,91.7,11.7,477,83.7,1.55,80.31,OK,39.5
2313,2026-07-20T10:16:00.000,3.67,91,11.35,457.5,85.2,2.14,80.38,OK,29.7
1847,2026-07-20T10:19:00.000,3.78,90.7,9.0399999999999991,410.6,80.599999999999994,1.18,80.400000000000006,OK,29.8
1827,2026-07-20T10:24:00.000,3.09,91.1,10.75,426.5,85.7,1.54,80.459999999999994,OK,35.700000000000003
2451,2026-07-20T10:28:00.000,3.7,96.7,11.65,496.9,89.8,1.86,80.5,OK,42.7
2456,2026-07-20T10:31:00.000,3.61,92.3,11.86,481.7,88.3,1.69,80.55,OK,31.8
2183,2026-07-20T10:38:00.000,3.86,92.2,11.75,454,84,1.96,80.66,OK,28.7
1631,2026-07-20T10:42:00.000,3.46,92.6,8.4499999999999993,404.7,81.3,1.34,80.7,OK,39.700000000000003
2210,2026-07-20T10:48:00.000,3.69,95,10.55,445.8,88.5,1.61,80.81,OK,36.299999999999997
1779,2026-07-20T10:51:00.000,3.2,93,9.74,431.9,84.6,1.1399999999999999,80.91,OK,36.9
1404,2026-07-20T10:55:00.000,2.87,91.5,6.97,388.5,84.1,0.91,80.98,OK,35.5
1596,2026-07-20T10:58:00.000,3.21,88,9.42,399.8,85.2,1.69,81.099999999999994,OK,33
1713,2026-07-20T11:01:00.000,3.97,89.3,9.4600000000000009,417.3,80.599999999999994,1.61,81.19,OK,35.299999999999997
2143,2026-07-20T11:04:00.000,3.92,90.6,9.5,490.3,81.3,1.37,81.23,OK,26.8
1454,2026-07-20T11:09:00.000,3.13,94.8,6.65,422.9,86.6,0.98,81.260000000000005,OK,38.1
1370,2026-07-20T11:14:00.000,3.43,88.6,7.8,385.1,78.900000000000006,1.03,81.349999999999994,OK,32.200000000000003
1511,2026-07-20T11:17:00.000,3.58,94.5,8.43,390,85.9,1.62,81.45,OK,38.6
1611,2026-07-20T11:25:00.000,3.59,94.3,10.26,421,90.1,1.68,81.52,OK,38.200000000000003
1862,2026-07-20T11:28:00.000,3.53,92.6,11.91,424.9,84.3,1.76,81.569999999999993,OK,26.7
1800,2026-07-20T11:32:00.000,3.47,94.7,9.0399999999999991,427.6,84.5,1.59,81.59,OK,37.1
800,2026-07-20T11:38:00.000,3.02,82.3,5.53,330.9,74,0.74,81.67,OK,28.7
1425,2026-07-20T11:40:00.000,3.96,84.9,9.77,385.8,82,1.1599999999999999,81.73,OK,29.2
1568,2026-07-20T11:46:00.000,3.79,88.5,9.33,398.9,83.8,1.42,81.790000000000006,OK,39
1195,2026-07-20T11:50:00.000,3.77,92.4,10.88,376.6,87.1,1.8,81.849999999999994,OK,41.3
1203,2026-07-20T11:55:00.000,3.41,88.2,7.52,379.1,80.599999999999994,0.9,81.91,OK,38.5
1671,2026-07-20T11:59:00.000,3.32,86.9,10.23,383.2,78.2,1.73,81.96,OK,28.1
1668,2026-07-20T12:03:00.000,4.0999999999999996,88.5,11.46,413.3,82.3,1.52,82.07,OK,33
1344,2026-07-20T12:05:00.000,3.33,88.7,7.1,362.6,86.1,0.9,82.16,OK,30.3
1525,2026-07-20T12:12:00.000,3.18,87,7.97,396.6,85,1.55,82.25,OK,32.200000000000003
1524,2026-07-20T12:20:00.000,3.24,86.2,9.2100000000000009,371.2,79.2,1.71,82.32,OK,27.1
957,2026-07-20T12:26:00.000,3.48,87,6.81,339.4,79.8,0.9,82.42,OK,38.200000000000003
941,2026-07-20T12:34:00.000,3.25,88.9,6.93,342.1,85.4,0.74,82.46,OK,34.200000000000003
1162,2026-07-20T12:39:00.000,3.13,84.7,6.88,352.8,79,1.19,82.56,OK,39.1
1038,2026-07-20T12:43:00.000,3.04,86,7.1,354.7,83.9,1.97,82.58,OK,29.7
1053,2026-07-20T12:45:00.000,4.26,84.5,6.86,339.3,77.5,1.36,82.66,OK,27
1210,2026-07-20T12:49:00.000,3.51,89.8,8.2200000000000006,362,78.8,1.03,82.76,OK,35.799999999999997
1193,2026-07-20T12:57:00.000,3.3,88.6,8.52,361.2,82.3,1.08,82.84,OK,38.700000000000003
800,2026-07-20T13:01:00.000,3.35,81.7,4.95,307.39999999999998,77.7,1.04,82.92,OK,26
1225,2026-07-20T13:07:00.000,2.66,94.1,8.93,366.2,92.4,0.96,82.94,OK,37.299999999999997
1087,2026-07-20T13:13:00.000,2.95,89.2,7.33,364.6,79.5,1,82.98,OK,26.5
1239,2026-07-20T13:21:00.000,3.12,86.7,8.69,375.4,83,1.02,83.03,OK,26.5
921,2026-07-20T13:23:00.000,3.67,87.9,6.57,325.2,78.599999999999994,1.25,83.12,OK,33.6
909,2026-07-20T13:27:00.000,2.52,86,7.66,343.4,79.7,0.87,83.23,OK,39.5
982,2026-07-20T13:31:00.000,2.92,87,7.72,319.10000000000002,81.5,0.86,83.27,OK,32.6
1480,2026-07-20T13:35:00.000,3.48,94.8,9.0500000000000007,392.1,90.7,1.04,83.29,OK,30.8
948,2026-07-20T13:43:00.000,3.05,88.4,6.86,323.10000000000002,84.9,1.02,83.38,OK,28.8
1471,2026-07-20T13:46:00.000,3.22,84.6,9.1199999999999992,383,75.599999999999994,1.1499999999999999,83.44,OK,27.1
1414,2026-07-20T13:49:00.000,3.39,88.6,10.19,382.4,87.4,2.12,83.49,OK,29.4
944,2026-07-20T13:53:00.000,3.82,84.9,7.8,355.8,80.400000000000006,1.2,83.57,OK,26.3
874,2026-07-20T14:01:00.000,3.51,84.9,7.15,348.2,78.5,1.1100000000000001,83.67,OK,22.9
878,2026-07-20T14:07:00.000,2.57,91,6.08,330.7,89,1.45,83.72,OK,34.9
986,2026-07-20T14:15:00.000,3.32,83.2,6.39,337,79.5,0.75,83.84,OK,28.6
834,2026-07-20T14:17:00.000,2.57,84,5.75,310.39999999999998,82.1,1,83.94,OK,27.5
1281,2026-07-20T14:24:00.000,3.53,86,6.87,356.8,76.099999999999994,1.05,83.97,OK,36.700000000000003
800,2026-07-20T14:31:00.000,3.45,87.9,7.06,303,85.1,0.78,84.06,OK,39.5
1315,2026-07-20T14:37:00.000,2.95,89.1,8.23,382.6,81.099999999999994,0.97,84.17,OK,36.200000000000003
800,2026-07-20T14:45:00.000,3.25,89.5,6.62,317.3,84.5,0.75,84.19,OK,27.2
800,2026-07-20T14:47:00.000,3.72,82.3,4.84,307,74.900000000000006,1.24,84.27,OK,27.8
800,2026-07-20T14:52:00.000,2.35,89.4,5.62,321.10000000000002,86.4,1.02,84.34,WARNING,38.6
812,2026-07-20T14:59:00.000,3.28,77.2,6.23,304.89999999999998,73.099999999999994,0.65,84.43,OK,24.8
800,2026-07-20T15:03:00.000,3.17,89.2,5.24,314.39999999999998,84.2,1.03,84.49,OK,27.4
800,2026-07-20T15:11:00.000,3.11,85.8,5.25,335.2,77.900000000000006,1.03,84.54,OK,33.1
1344,2026-07-20T15:15:00.000,3.08,88.4,7.34,376.4,84.9,0.97,84.59,OK,32.6
800,2026-07-20T15:18:00.000,3.27,84.7,6.76,311.3,79,1.23,84.62,OK,31
800,2026-07-20T15:26:00.000,3,87,4.03,323.7,76.099999999999994,1.27,84.73,OK,33.200000000000003
1204,2026-07-20T15:31:00.000,3.48,85.6,7.56,356.4,79.7,0.89,84.84,OK,31.3
1477,2026-07-20T15:38:00.000,3.28,88.6,10.039999999999999,385.3,83.5,0.94,84.91,OK,31.1
1171,2026-07-20T15:45:00.000,3.34,90.3,8.56,371.7,88,1.59,85.02,OK,31.3
800,2026-07-20T15:48:00.000,4.08,86.2,7.31,329.4,80.900000000000006,1.02,85.12,OK,38.9
1085,2026-07-20T15:54:00.000,2.77,87,6.98,379.1,84.3,1.1299999999999999,85.2,OK,36
800,2026-07-20T16:01:00.000,2.12,87.1,8.0500000000000007,310.2,81.7,0.84,85.25,WARNING,41.1
800,2026-07-20T16:04:00.000,3.16,89.1,5.79,353.1,81.5,0.83,85.34,OK,37
977,2026-07-20T16:06:00.000,3.16,84.5,7.32,342.4,80,0.85,85.43,OK,26.6
1034,2026-07-20T16:10:00.000,3.23,85.3,7.6,342.3,82.7,1.77,85.53,OK,31.7
993,2026-07-20T16:16:00.000,2.88,88.3,5.99,330.3,75.099999999999994,0.8,85.6,OK,37.9
1659,2026-07-20T16:21:00.000,3.73,92.4,7.54,400.9,86.9,1.53,85.69,OK,33.9
1099,2026-07-20T16:25:00.000,3.84,85,8.14,350.9,82.4,1.33,85.79,OK,37.799999999999997
1432,2026-07-20T16:31:00.000,3.21,92.2,7.68,372.8,84.3,1,85.89,OK,40.200000000000003
1889,2026-07-20T16:39:00.000,4.09,90.9,10.029999999999999,426.9,88.2,1.24,85.94,WARNING,30.9
955,2026-07-20T16:44:00.000,3.31,89.3,7.2,370,83.5,0.97,86.01,OK,40.4
1186,2026-07-20T16:46:00.000,3.53,85.9,7.63,362,80.2,1.17,86.07,OK,26.7
1434,2026-07-20T16:48:00.000,3.55,89.6,9.1300000000000008,392.3,86.4,1.61,86.11,OK,36.9
1206,2026-07-20T16:53:00.000,3.21,88.3,8.14,347.7,79.7,0.89,86.18,OK,29.1
1081,2026-07-20T17:00:00.000,3.58,83.5,7.77,352.5,79.2,1.34,86.21,OK,34.5
2015,2026-07-20T17:04:00.000,3.64,89.9,10.89,414.8,84.3,1.37,86.26,OK,36.299999999999997
1631,2026-07-20T17:06:00.000,3.99,85.9,7.9,363.8,82.4,1.1100000000000001,86.3,OK,35.9
800,2026-07-20T17:12:00.000,3.51,89.3,6.32,334.9,87.7,0.73,86.37,OK,29.3
1721,2026-07-20T17:16:00.000,3.57,91.8,9.9600000000000009,416.4,85.3,1.21,86.41,OK,28.3
1825,2026-07-20T17:21:00.000,3.4,85.7,11.95,436,77.400000000000006,1.32,86.49,OK,36.299999999999997
1702,2026-07-20T17:23:00.000,3.64,90.6,9.82,384.3,79.900000000000006,1.71,86.6,OK,32.799999999999997
1566,2026-07-20T17:25:00.000,3.99,86.9,8.82,405.9,80.2,1.04,86.69,OK,26.1
1867,2026-07-20T17:28:00.000,3.56,91.8,10.64,424.1,87.7,1.21,86.75,OK,32.299999999999997
1654,2026-07-20T17:31:00.000,3.68,89.2,8.68,415.3,85.6,1.37,86.85,OK,28.5
1569,2026-07-20T17:35:00.000,3.48,90.4,10.26,377.4,85.2,1.73,86.88,OK,39.5
1435,2026-07-20T17:39:00.000,3.36,89.9,8.4499999999999993,393,83.3,1.26,86.99,OK,39
1035,2026-07-20T17:44:00.000,3.82,91,6.91,328.3,87.6,1.4,87.05,OK,39.9
953,2026-07-20T17:49:00.000,3.59,83,5.54,353.6,74.5,0.72,87.15,OK,25.2
1727,2026-07-20T17:54:00.000,3.39,89.9,9.1199999999999992,403.6,87,1.24,87.21,OK,37.1
1744,2026-07-20T17:57:00.000,2.97,89.9,9.5299999999999994,410.8,85.6,1.81,87.25,OK,26.6
1489,2026-07-20T17:59:00.000,3.67,91.7,10.27,398.8,83.2,1.19,87.32,OK,36.299999999999997
1229,2026-07-20T18:01:00.000,3.07,90.2,7.44,354.3,82.5,1.24,87.43,OK,40.5
1159,2026-07-20T18:06:00.000,3.43,87.8,7.49,369.3,83,1.01,87.51,OK,39.799999999999997
1453,2026-07-20T18:09:00.000,3.45,86.8,9.2100000000000009,400.6,79.900000000000006,2,87.62,OK,42.4
1851,2026-07-20T18:14:00.000,4.2300000000000004,85.3,9.23,393.4,77.900000000000006,1.35,87.66,OK,29
2415,2026-07-20T18:20:00.000,3.99,92.8,11.52,471.4,82.4,1.51,87.71,OK,34.700000000000003
1650,2026-07-20T18:24:00.000,3.7,89.9,10.44,396.4,84.8,1.07,87.8,OK,32.799999999999997
1786,2026-07-20T18:27:00.000,4.46,90.4,8.39,402.8,81.099999999999994,1.18,87.9,OK,37.9
2107,2026-07-20T18:29:00.000,4.3099999999999996,89.3,10.25,444.7,83.6,1.55,87.94,OK,34.6
1718,2026-07-20T18:35:00.000,3.05,88.4,9.84,415.2,81.7,1.71,88,OK,39.5
1897,2026-07-20T18:39:00.000,3.66,91.1,10.49,416.6,85.1,1.98,88.04,OK,33.4
2084,2026-07-20T18:43:00.000,3.63,95.8,13.16,476.9,86.6,1.85,88.07,OK,36.799999999999997
2210,2026-07-20T18:51:00.000,4.1500000000000004,90.4,11.39,456.3,84.6,1.3,88.1,OK,33.9
1872,2026-07-20T18:55:00.000,3.57,88.5,9.52,425.4,83,1.1599999999999999,88.2,OK,25.2
1714,2026-07-20T18:58:00.000,3.12,90,9.11,414.2,84.5,1.99,88.27,OK,41.1
1982,2026-07-20T19:01:00.000,3.83,92.7,11.45,417.9,89.3,1.46,88.31,OK,33.700000000000003
1346,2026-07-20T19:04:00.000,3.78,88.8,7.59,352.9,85.1,1.1000000000000001,88.41,OK,37
2072,2026-07-20T19:06:00.000,3.78,94.2,10.58,467.5,84.3,1.9,88.44,OK,34.5
2302,2026-07-20T19:08:00.000,3.91,92.3,12.38,487.1,84.8,1.91,88.56,OK,31.5
2623,2026-07-20T19:10:00.000,4.1100000000000003,95.8,12.4,515.6,88.6,1.73,88.63,OK,39.6
2382,2026-07-20T19:16:00.000,3.77,91.9,12.37,467.2,88,2.04,88.66,OK,38.1
1190,2026-07-20T19:22:00.000,3.32,84.1,6.29,344.6,82.9,1.1200000000000001,88.69,OK,28.1
2605,2026-07-20T19:29:00.000,4.0199999999999996,96.4,11.72,492.1,90.8,2.21,88.78,OK,39
2661,2026-07-20T19:37:00.000,4.37,97.1,12.32,475.3,91.8,2.11,88.82,OK,43.1
1856,2026-07-20T19:42:00.000,4.12,94.4,8.6999999999999993,425.6,89.5,1.39,88.93,OK,28.7
2068,2026-07-20T19:49:00.000,4.12,91.3,9.7200000000000006,443.4,83.2,1.2,88.97,OK,43.9
2742,2026-07-20T19:54:00.000,4.05,97.1,12.52,511.3,89.7,2.15,89.07,OK,34.1
2287,2026-07-20T19:58:00.000,3.34,90.9,13.41,453.5,81.099999999999994,1.81,89.14,OK,26
2092,2026-07-20T20:02:00.000,3.8,90.8,11.18,449.7,82.8,1.37,89.22,OK,40.200000000000003
2065,2026-07-20T20:05:00.000,4.16,82.8,11.47,448.1,79.400000000000006,1.63,89.24,OK,25.6
3280,2026-07-20T20:09:00.000,4.88,95.5,15.59,544.70000000000005,87.4,1.66,89.26,OK,34.5
2663,2026-07-20T20:13:00.000,4.1100000000000003,93.8,10.77,494,90.6,1.46,89.36,OK,37.299999999999997
2319,2026-07-20T20:19:00.000,3.8,92.3,11.73,412.2,86.6,1.74,89.41,OK,37.4
2946,2026-07-20T20:21:00.000,3.92,95.9,13.34,549.20000000000005,88.6,1.61,89.47,OK,26.6
2444,2026-07-20T20:25:00.000,4.37,91.3,10.63,470.5,85.6,1.57,89.58,OK,30.9
2929,2026-07-20T20:33:00.000,3.8,94.8,14.16,528.79999999999995,85.5,1.83,89.69,OK,28.7
2737,2026-07-20T20:38:00.000,4.58,90.1,11.43,495.6,85.4,1.53,89.75,OK,30
2444,2026-07-20T20:43:00.000,3.84,95.7,12.04,486.2,84.6,1.42,89.84,OK,39.9
2765,2026-07-20T20:47:00.000,3.85,93,12.91,518,88.4,2.19,89.93,OK,40
2808,2026-07-20T20:50:00.000,4.74,96.7,12.53,509,89.2,2.0499999999999998,89.98,OK,34.4
2927,2026-07-20T20:55:00.000,3.86,108.7,14.61,540.6,96.9,1.64,90.01,OK,40.9
3245,2026-07-20T20:59:00.000,4.05,92.4,14.68,525.79999999999995,91.5,2.27,90.09,OK,31.4
3476,2026-07-20T21:04:00.000,5.27,103.9,15.87,600.1,98.2,1.96,90.2,WARNING,39
2873,2026-07-20T21:08:00.000,4.5199999999999996,94.3,14.17,508.5,87,1.95,90.23,OK,34.9
2088,2026-07-20T21:14:00.000,3.99,93.4,11.54,458.3,92.8,1.69,90.27,OK,37.4
3089,2026-07-20T21:19:00.000,4.51,95.6,14.41,550.20000000000005,89,3.02,90.37,WARNING,24.4
2717,2026-07-20T21:23:00.000,4.01,91.3,12.2,543.6,85,1.53,90.49,OK,27.9
2242,2026-07-20T21:31:00.000,3.82,88.4,11.26,469.9,78.900000000000006,1.68,90.53,OK,25.2
3101,2026-07-20T21:37:00.000,5.07,92.7,15.04,558,87.7,1.85,90.6,OK,24.1
3038,2026-07-20T21:41:00.000,4.37,95.5,13.58,542.29999999999995,85,1.91,90.65,OK,28
2627,2026-07-20T21:45:00.000,3.92,95.7,13.11,503.7,90.4,1.78,90.75,OK,34.5
2518,2026-07-20T21:48:00.000,4.5199999999999996,98.4,11.73,466.7,92,1.34,90.82,OK,39.299999999999997
3445,2026-07-20T21:52:00.000,4.3499999999999996,98.5,16.29,599.79999999999995,91.6,2.19,90.86,OK,24.9
3156,2026-07-20T21:57:00.000,4.62,96.9,14.47,580,89.7,2.4700000000000002,90.96,OK,23.4
2725,2026-07-20T21:59:00.000,4.67,98.3,12.08,513.6,93.8,1.6,91,OK,40.200000000000003
3256,2026-07-20T22:07:00.000,4.45,97,17.239999999999998,549.29999999999995,87.9,2.27,91.02,OK,26.5
2898,2026-07-20T22:15:00.000,3.57,93.7,13.77,514.1,85.5,1.83,91.13,OK,31.7
3257,2026-07-20T22:19:00.000,4.8600000000000003,92.9,12.64,551.4,83.9,2.12,91.17,OK,23.7
3197,2026-07-20T22:24:00.000,4.97,92.9,13.86,536.9,92.6,1.83,91.21,OK,34.700000000000003
2209,2026-07-20T22:28:00.000,3.93,92.9,12.46,463.6,85,1.66,91.26,OK,22.6
3164,2026-07-20T22:30:00.000,4.38,97.4,15.32,566.4,92.6,1.61,91.35,OK,37.299999999999997
3087,2026-07-20T22:32:00.000,4.42,95.3,15.4,540.20000000000005,90,2.02,91.38,OK,27.3
2904,2026-07-20T22:40:00.000,4.43,87.7,13.36,522,80,1.71,91.45,OK,31.5
2738,2026-07-20T22:44:00.000,4.13,92.1,13.8,521,82.2,1.59,91.54,OK,30.8
3122,2026-07-20T22:49:00.000,5.0199999999999996,99.7,14.18,545.9,94.4,2.0099999999999998,91.66,OK,38.1
3091,2026-07-20T22:55:00.000,4.49,96.1,14.63,568.1,93.8,2.16,91.7,OK,30.4
3458,2026-07-20T22:58:00.000,4.66,94.7,14.44,603.79999999999995,88,2.04,91.75,OK,28.5
3194,2026-07-20T23:06:00.000,4.76,95.9,14.44,572.6,91.4,2.0099999999999998,91.79,OK,32.4
3290,2026-07-20T23:10:00.000,4.33,102.7,12.71,574.70000000000005,99.4,2.21,91.86,WARNING,37
3388,2026-07-20T23:15:00.000,4.5199999999999996,95.5,15.26,554.29999999999995,88.9,1.73,91.89,OK,28.5
3124,2026-07-20T23:17:00.000,4.6100000000000003,96.6,13.65,555.9,89.8,1.62,91.97,OK,33.9
2950,2026-07-20T23:25:00.000,4.3600000000000003,92.9,14,532.4,91.4,1.94,92.03,OK,23.6
4085,2026-07-20T23:30:00.000,5.24,100.4,16.8,650,92.4,2.11,92.09,WARNING,31.2
3294,2026-07-20T23:34:00.000,4.42,98.1,14.95,559.6,94.3,1.69,92.11,OK,26.3
3258,2026-07-20T23:39:00.000,4.6100000000000003,102.3,17.72,556.29999999999995,99.8,1.66,92.21,WARNING,30.7
3836,2026-07-20T23:44:00.000,5.08,103,16.760000000000002,647.79999999999995,95.4,1.96,92.25,WARNING,33.6
4011,2026-07-20T23:48:00.000,5.28,101.3,16.989999999999998,630.4,93.6,2,92.27,WARNING,36.200000000000003
3864,2026-07-20T23:52:00.000,4.1399999999999997,101.7,17.13,621.5,97.6,2.38,92.39,WARNING,30.7
3229,2026-07-20T23:58:00.000,4.63,94.7,12.08,544.6,91.6,1.99,92.5,OK,40.799999999999997
3494,2026-07-21T00:02:00.000,4.96,96.5,15.37,583.5,88.8,1.76,92.61,OK,28.6
3583,2026-07-21T00:09:00.000,4.4000000000000004,94.6,15.98,586,90,2.2799999999999998,92.68,OK,26.3
4167,2026-07-21T00:11:00.000,5.4,100.3,18.260000000000002,646.29999999999995,93.8,3.12,92.75,WARNING,37.299999999999997
3536,2026-07-21T00:16:00.000,4.72,100.6,16.829999999999998,592.20000000000005,94.4,2.1800000000000002,92.82,WARNING,34.4
3555,2026-07-21T00:18:00.000,4.49,102,16.3,594.29999999999995,94.2,1.9,92.89,WARNING,35.700000000000003
3041,2026-07-21T00:25:00.000,4.57,93,13.11,516.20000000000005,82.8,2.23,92.99,OK,35.799999999999997
2958,2026-07-21T00:28:00.000,4.63,96.5,12.16,549.5,93.1,1.8,93.04,OK,39.4
3873,2026-07-21T00:36:00.000,4.13,97.1,17.96,628.4,92.6,1.89,93.13,OK,30.7
3521,2026-07-21T00:39:00.000,5.21,99.7,15.27,596.1,95.2,2.85,93.25,OK,34.1
3556,2026-07-21T00:43:00.000,3.97,101.6,16.21,582.6,94.1,1.92,93.28,WARNING,36.4
3775,2026-07-21T00:48:00.000,4.38,102.8,18.059999999999999,631.4,99.2,2.61,93.4,WARNING,25.7
3696,2026-07-21T00:56:00.000,5.24,100.7,16.68,603.6,95.2,1.94,93.49,WARNING,29.5
3648,2026-07-21T01:00:00.000,5.05,99.4,14.87,592.4,96.4,2.0499999999999998,93.61,OK,25.6
3615,2026-07-21T01:06:00.000,4.5999999999999996,94.4,16.45,585.79999999999995,87.5,2.29,93.67,OK,27.8
3437,2026-07-21T01:14:00.000,4.9800000000000004,96.8,15.31,573.70000000000005,91.4,1.79,93.76,OK,37.1
3458,2026-07-21T01:22:00.000,4.75,97.7,14.34,561.4,91.7,2.0699999999999998,93.88,OK,33.1
3700,2026-07-21T01:24:00.000,4.7699999999999996,105.7,17.32,623.6,103.7,2.2000000000000002,94,WARNING,35.9
3045,2026-07-21T01:28:00.000,3.39,95.9,14.47,541.79999999999995,90.8,2.19,94.03,OK,33.200000000000003
2999,2026-07-21T01:34:00.000,3.96,100.6,15.71,554.79999999999995,93.7,1.81,94.08,WARNING,39.1
3388,2026-07-21T01:36:00.000,4.4800000000000004,95.9,15.39,561.6,86.5,2.08,94.14,OK,31.9
3403,2026-07-21T01:40:00.000,3.77,97.4,14.77,579.70000000000005,89.8,1.76,94.21,OK,33.700000000000003
3596,2026-07-21T01:44:00.000,4.99,97.1,16.41,589.29999999999995,88.4,1.78,94.31,OK,29.3
3255,2026-07-21T01:48:00.000,4.53,92.8,14.64,547.5,84.6,2.0699999999999998,94.4,OK,22.6
3050,2026-07-21T01:54:00.000,4.83,98.8,15.34,549,95.9,1.77,94.42,OK,38.299999999999997
3522,2026-07-21T02:01:00.000,4.5,95.9,15.92,592.6,88.5,1.82,94.48,OK,38.5
3771,2026-07-21T02:03:00.000,4.34,95.7,16.11,595.4,91.2,2.13,94.54,OK,38.6
3415,2026-07-21T02:10:00.000,4.26,97.6,15.64,598.6,92,2.14,94.65,OK,36.5
2766,2026-07-21T02:17:00.000,4.3499999999999996,94.7,13.46,508.8,92.3,1.55,94.68,OK,28.5
3357,2026-07-21T02:22:00.000,4.97,95.7,15.45,600,88.7,1.72,94.75,OK,35.200000000000003
2571,2026-07-21T02:30:00.000,4.07,100.9,12.24,492.4,90.4,1.85,94.84,WARNING,38.9
3217,2026-07-21T02:36:00.000,4.83,97.3,14.84,551.70000000000005,95.4,1.71,94.96,OK,36.5
2513,2026-07-21T02:42:00.000,4.08,95,11.79,458.9,89.7,1.89,95.06,OK,38.9
3049,2026-07-21T02:48:00.000,4.6399999999999997,94.1,14.39,537.1,87.1,1.82,95.13,OK,36.5
3362,2026-07-21T02:50:00.000,5.16,98.6,14.44,589.6,94.4,2.2599999999999998,95.24,OK,32.6
3065,2026-07-21T02:57:00.000,4.57,99.5,13.53,531,94.5,1.67,95.33,OK,37.5
3549,2026-07-21T03:05:00.000,4.42,98.8,17.690000000000001,598.4,98.7,2.04,95.36,OK,34.5
3205,2026-07-21T03:08:00.000,4.55,99.3,14.25,548.70000000000005,92.5,2.79,95.38,OK,41.6
2716,2026-07-21T03:15:00.000,4.26,93.2,13.36,510.6,84.6,1.71,95.46,OK,26.4
3404,2026-07-21T03:20:00.000,4.5,94.6,13.95,582.79999999999995,88.8,1.96,95.55,OK,31.2
3310,2026-07-21T03:25:00.000,4.24,99.5,14.77,601.70000000000005,93.9,1.74,95.59,OK,29.2
3494,2026-07-21T03:30:00.000,5.45,96.2,16.53,598.5,91.1,2.31,95.67,OK,30.4
3275,2026-07-21T03:33:00.000,4.41,99.6,15.31,560.6,91.8,1.71,95.75,OK,27.2
3169,2026-07-21T03:39:00.000,3.7,91.6,13.12,521.29999999999995,84.8,1.9,95.78,OK,26.4
2634,2026-07-21T03:42:00.000,3.93,96.2,12.14,510.3,91.3,1.74,95.81,OK,33.299999999999997
3243,2026-07-21T03:47:00.000,4.2300000000000004,97.9,15.7,581.5,92.2,1.63,95.87,OK,36.4
2884,2026-07-21T03:53:00.000,4.2,97.1,12.56,527.29999999999995,90.3,2.2200000000000002,95.91,OK,40.6
3193,2026-07-21T03:55:00.000,3.98,93.8,15.13,543.29999999999995,88.9,2.08,95.97,OK,28.6
3668,2026-07-21T04:00:00.000,4.53,101.2,16.559999999999999,614.9,89.8,2.42,96.08,WARNING,37.5
3285,2026-07-21T04:06:00.000,4.63,95.8,13.52,558.4,89.9,1.79,96.1,OK,24
2937,2026-07-21T04:08:00.000,3.81,101.2,14.42,532.79999999999995,93.9,1.87,96.2,WARNING,39.1
2837,2026-07-21T04:11:00.000,4.67,97,14.12,526.9,96.9,2.1,96.28,OK,35.200000000000003
2639,2026-07-21T04:18:00.000,4.1900000000000004,93.9,12.66,511.3,87.2,1.89,96.37,OK,37.1
1946,2026-07-21T04:24:00.000,3.87,88.5,10.55,413.9,82.3,2.0499999999999998,96.49,OK,28
2748,2026-07-21T04:32:00.000,4.09,94.4,12.46,484.4,91.9,2.21,96.52,OK,30
2525,2026-07-21T04:38:00.000,4.18,94.5,12.1,472.7,87.1,2.08,96.62,OK,22.5
2790,2026-07-21T04:41:00.000,4.54,92.9,13.45,500,87,1.57,96.64,OK,22.4
2469,2026-07-21T04:43:00.000,4.13,96.4,13.08,517.5,88.9,1.43,96.66,OK,35.799999999999997
2700,2026-07-21T04:50:00.000,4.6100000000000003,93.8,13.36,498.4,89.5,1.84,96.75,OK,28.7
3030,2026-07-21T04:53:00.000,4.49,90.4,13.75,538,87.7,2.4500000000000002,96.84,OK,30.7
2620,2026-07-21T04:58:00.000,4.45,94.7,12.38,490.9,90.4,1.95,96.89,OK,32.1
2157,2026-07-21T05:02:00.000,4.0599999999999996,91.3,11.16,442.7,89,1.35,96.96,OK,33
2217,2026-07-21T05:05:00.000,3.2,93.4,11.05,477.6,90.1,1.44,97.02,OK,26.2
2721,2026-07-21T05:10:00.000,3.87,98.7,13,487,93.7,1.52,97.04,OK,34.200000000000003
2713,2026-07-21T05:16:00.000,3.88,99,10.61,533.4,90.7,2.13,97.16,OK,34
2115,2026-07-21T05:23:00.000,3.59,92.6,10.119999999999999,450.9,87.9,1.33,97.21,OK,38.799999999999997
2380,2026-07-21T05:28:00.000,3.69,89.6,13.39,472.3,85.6,1.58,97.25,OK,25
2677,2026-07-21T05:34:00.000,4.5999999999999996,93.3,13.27,518.79999999999995,85.7,1.87,97.36,OK,33.200000000000003
2933,2026-07-21T05:38:00.000,4.87,94.8,14.24,549,90.9,1.99,97.39,OK,32.5
2363,2026-07-21T05:42:00.000,3.43,94.4,12.18,462.5,89.9,1.28,97.5,OK,38.200000000000003
2202,2026-07-21T05:45:00.000,4.24,88.8,11.53,430.6,81,1.51,97.57,OK,29.7
2112,2026-07-21T05:53:00.000,4.1100000000000003,89.7,11.02,421.8,85.2,1.24,97.64,OK,25.5
2261,2026-07-21T06:00:00.000,4.79,87.6,12.48,457.5,83.9,1.52,97.74,OK,34.9
2667,2026-07-21T06:04:00.000,4.1100000000000003,99.3,13.3,496.2,94.2,1.96,97.79,OK,32.6
2202,2026-07-21T06:11:00.000,3.4,91.3,9.65,437.7,89.4,1.47,97.83,OK,32.700000000000003
2296,2026-07-21T06:14:00.000,3.46,91,10.91,472.9,86.2,1.69,97.88,OK,31.8
1594,2026-07-21T06:16:00.000,3.99,89.1,8.5399999999999991,408.1,80.7,1.5,97.93,OK,27.1
2620,2026-07-21T06:23:00.000,3.85,95.7,14.8,496.8,89.6,1.65,98.02,OK,32.1
2500,2026-07-21T06:29:00.000,4.42,86.4,12.36,473,81.2,2.09,98.08,OK,25.8
1899,2026-07-21T06:32:00.000,3.77,88.8,11.37,429.9,82.8,1.27,98.14,OK,32.6
1936,2026-07-21T06:39:00.000,4.0599999999999996,93.8,10.08,418.1,87.9,2.25,98.2,OK,30.7
2356,2026-07-21T06:46:00.000,3.44,96.4,12.05,486.4,89.6,1.58,98.24,OK,39.5
2945,2026-07-21T06:54:00.000,4.4000000000000004,92,13.86,536.29999999999995,84,1.85,98.27,OK,31.7
1295,2026-07-21T06:58:00.000,3.7,88.7,7.57,391.6,85.2,1.4,98.31,OK,24.4
1677,2026-07-21T07:05:00.000,3.86,92.3,8.5500000000000007,383.8,88.4,1.07,98.37,OK,36.200000000000003
1690,2026-07-21T07:09:00.000,4.0199999999999996,86,9.41,411.1,73.900000000000006,1.41,98.47,OK,26.4
2163,2026-07-21T07:16:00.000,3.33,91.2,10.37,462.1,86.1,1.34,98.57,OK,30.6
1895,2026-07-21T07:22:00.000,3.78,84.9,10.26,444.5,79.2,1.72,98.61,OK,27.4
1564,2026-07-21T07:28:00.000,3.55,91.3,8.58,396.6,83,1,98.73,OK,33.5
1220,2026-07-21T07:35:00.000,3.86,91.8,8.51,366.5,83.4,1.21,98.83,OK,34.5
2042,2026-07-21T07:37:00.000,4.8099999999999996,90.9,9.92,438.6,83,1.84,98.95,OK,35
1591,2026-07-21T07:39:00.000,4.0999999999999996,88.3,8.98,391.8,80.599999999999994,1.38,99.04,OK,29.2
1229,2026-07-21T07:43:00.000,3.71,87,7.54,350,76.8,0.98,99.09,OK,26.4
1370,2026-07-21T07:49:00.000,3.63,87.8,7.97,361.9,83.8,1.0900000000000001,99.14,OK,33.6
1434,2026-07-21T07:52:00.000,3.56,84.4,9.24,367.9,79.2,0.9,99.25,OK,37.200000000000003
1452,2026-07-21T08:00:00.000,3.93,91,7.02,395.9,85.6,0.92,99.34,OK,31.8
1166,2026-07-21T08:07:00.000,3.41,89.1,5.89,347.2,84.2,1.0900000000000001,99.46,OK,27.7
1146,2026-07-21T08:14:00.000,3.17,88.4,7.22,367.3,80.099999999999994,0.95,99.5,OK,30.6
2312,2026-07-21T08:17:00.000,3.94,95.8,13.33,472.7,85.6,2.27,99.6,OK,32.4
1574,2026-07-21T08:23:00.000,3.36,87.1,9.33,402.8,77.8,1.01,99.64,OK,26
1292,2026-07-21T08:28:00.000,2.76,89.2,9.33,382.6,83.7,1.35,99.69,OK,33.5
1545,2026-07-21T08:30:00.000,3,85.8,9.8699999999999992,386.1,77.900000000000006,1.37,99.72,OK,27.2
1446,2026-07-21T08:38:00.000,3.56,84.9,7.3,397.7,77.8,1.24,99.8,OK,27.1
1051,2026-07-21T08:43:00.000,2.61,82.9,7.16,358.9,81.5,1.19,99.86,OK,30.1
800,2026-07-21T08:46:00.000,2.73,87.6,5.51,307.89999999999998,78.900000000000006,0.85,99.93,OK,36.799999999999997
1140,2026-07-21T08:52:00.000,3.49,88.6,6.56,347.2,80,1.29,100.04,OK,37.4
1242,2026-07-21T08:55:00.000,3.12,89,6.32,362.4,85.7,0.96,100.06,OK,27.2
1248,2026-07-21T08:57:00.000,3.01,83.3,7.03,375.3,81.099999999999994,1.4,100.16,OK,32.799999999999997
800,2026-07-21T09:00:00.000,2.77,84.7,6.73,341.1,82.2,1.64,100.25,OK,26.3
2116,2026-07-21T09:07:00.000,4.24,98.2,11.49,463.4,96.8,2.08,100.34,OK,42.1
2071,2026-07-21T09:14:00.000,4.1399999999999997,92.3,11.06,467.9,87.4,1.62,100.43,OK,35.4
1369,2026-07-21T09:20:00.000,3.15,90.5,7.5,375.6,82.2,1.3,100.54,OK,32.9
1205,2026-07-21T09:26:00.000,3.47,95.1,7.32,395.1,91.5,0.9,100.6,OK,39.799999999999997
982,2026-07-21T09:32:00.000,3.27,88.5,6.02,357.6,85.1,1.37,100.62,OK,27.3
1367,2026-07-21T09:34:00.000,3.8,83.8,9.5,373.9,78.400000000000006,1.41,100.74,OK,29.3
1109,2026-07-21T09:42:00.000,3.78,85.8,7.95,360.7,82.7,1.1100000000000001,100.85,OK,30.8
1574,2026-07-21T09:45:00.000,2.97,89.8,7.6,416.3,83.6,1.64,100.87,OK,31.9
1442,2026-07-21T09:47:00.000,3.68,85.8,8.8000000000000007,374.2,76.099999999999994,1.1399999999999999,100.93,OK,22.4
812,2026-07-21T09:49:00.000,3.14,88.9,5.37,319.10000000000002,79.8,0.65,100.97,OK,32.4
856,2026-07-21T09:52:00.000,3.55,87.7,6.84,339,86.9,1.0900000000000001,101.05,OK,40
1425,2026-07-21T09:57:00.000,2.89,89.2,9.17,381.2,88,1.1399999999999999,101.11,OK,36.299999999999997
1318,2026-07-21T10:00:00.000,2.95,91.9,5.48,378.3,83.1,0.88,101.16,OK,37.5
800,2026-07-21T10:07:00.000,3.21,83.1,8.31,342.6,79.400000000000006,0.94,101.21,OK,36.6
895,2026-07-21T10:09:00.000,3.1,87.2,7.63,321.60000000000002,79.3,0.86,101.29,OK,32.299999999999997
993,2026-07-21T10:13:00.000,3.41,83.9,6.28,351,78.3,0.99,101.31,OK,28.5
1026,2026-07-21T10:18:00.000,2.7,87.6,7.05,350,83.4,0.9,101.38,OK,28.5
1006,2026-07-21T10:26:00.000,3.71,84.1,7.69,322.60000000000002,75.7,1.06,101.43,OK,26.3
1340,2026-07-21T10:31:00.000,3.49,91.1,6.38,360,81.2,1.0900000000000001,101.51,OK,39.9
1070,2026-07-21T10:35:00.000,3.38,85.2,7.62,311.60000000000002,77.099999999999994,0.83,101.54,OK,31.3
1043,2026-07-21T10:43:00.000,3.27,83.2,7.58,334.7,77.599999999999994,1.0900000000000001,101.59,OK,38.299999999999997
800,2026-07-21T10:48:00.000,2.75,86.1,7.1,307.39999999999998,81.900000000000006,1.2,101.7,OK,30.7
1065,2026-07-21T10:51:00.000,3.08,81.7,6.39,341.9,77,0.96,101.81,OK,25.3
994,2026-07-21T10:55:00.000,3.78,92.1,7.25,352.2,84.9,1.07,101.84,OK,40.200000000000003
834,2026-07-21T11:03:00.000,3.17,88.3,7.29,304,83.2,0.68,101.88,OK,37
800,2026-07-21T11:07:00.000,3.14,86.8,5.45,293.3,81.900000000000006,1.27,101.95,OK,30.1
1447,2026-07-21T11:11:00.000,3.84,85.7,9.14,389.5,77.3,0.93,102.04,OK,24.3
1623,2026-07-21T11:14:00.000,3.35,88.2,8.32,394.4,80.900000000000006,1.43,102.1,OK,28.3
1087,2026-07-21T11:19:00.000,3.54,79.599999999999994,6.82,327.39999999999998,75,0.82,102.21,OK,27
1505,2026-07-21T11:24:00.000,3.57,91.4,7.2,390.2,87.3,1.38,102.31,OK,39.1
1086,2026-07-21T11:31:00.000,3.25,82.8,5.0999999999999996,351.3,74.099999999999994,1.35,102.42,OK,27.6
800,2026-07-21T11:37:00.000,2.97,87.1,7.05,339.4,85.9,1.35,102.52,OK,35.1
1118,2026-07-21T11:40:00.000,3.57,85.9,8.3800000000000008,351.6,82.9,0.8,102.56,OK,38.799999999999997
898,2026-07-21T11:48:00.000,3.38,88,7.02,338.7,79.900000000000006,0.91,102.62,OK,34
1189,2026-07-21T11:53:00.000,3.09,88.3,6.72,375.5,85.1,1.86,102.64,OK,34.6
1579,2026-07-21T11:59:00.000,3.77,87.2,9.73,408.6,78.2,2.08,102.74,OK,38.1
859,2026-07-21T12:05:00.000,2.75,90.2,6.72,351.6,85.1,1.49,102.8,OK,36.299999999999997
1179,2026-07-21T12:12:00.000,3.13,86.9,8.09,339.5,80.2,1.66,102.91,OK,33.1
1353,2026-07-21T12:14:00.000,3.64,83.9,8.61,328.3,77,1.38,103,OK,24.8
1535,2026-07-21T12:17:00.000,3.63,90.7,8.2799999999999994,384.3,81.900000000000006,0.96,103.07,OK,29.6
1416,2026-07-21T12:23:00.000,3.14,85.8,8.5399999999999991,392.5,80.2,1.92,103.17,OK,27.7
800,2026-07-21T12:27:00.000,3.29,84.5,5.97,320.39999999999998,80.7,0.82,103.22,OK,29.6
800,2026-07-21T12:31:00.000,3.07,87.5,6.42,344.5,78.2,2.0099999999999998,103.29,OK,24.9
1372,2026-07-21T12:39:00.000,3.84,88.8,8.98,360,83,1.19,103.33,OK,31.1
982,2026-07-21T12:41:00.000,3.4,86.5,6.4,328.9,83.1,0.84,103.4,OK,26.6
800,2026-07-21T12:48:00.000,2.78,83.8,6.96,326.60000000000002,76.3,1.08,103.46,OK,26.3
1560,2026-07-21T12:54:00.000,3.64,88.9,9.01,398.9,79.900000000000006,1.8,103.57,OK,38.799999999999997
1029,2026-07-21T12:58:00.000,3.01,87.3,6.97,349.1,76.900000000000006,1.46,103.67,OK,38.5
1745,2026-07-21T13:04:00.000,3.76,84.7,9.48,404.2,76.2,1.1599999999999999,103.73,OK,35.799999999999997
1036,2026-07-21T13:08:00.000,3.42,86.6,7.79,343.8,79.2,1.1599999999999999,103.76,OK,25.7
945,2026-07-21T13:16:00.000,3.4,87.2,6.65,363.1,82.8,1.29,103.88,OK,30.5
1201,2026-07-21T13:19:00.000,3.09,82.6,7.6,353.1,78.8,0.83,104,OK,28.2
1507,2026-07-21T13:24:00.000,3.34,88.3,10.220000000000001,406.4,82.8,1.45,104.09,OK,26.8
1362,2026-07-21T13:28:00.000,3.54,82,9.02,367.8,76.8,1.25,104.13,OK,37.9
1941,2026-07-21T13:31:00.000,3.57,97,11.36,457.9,91.9,1.83,104.17,OK,36.4
1358,2026-07-21T13:36:00.000,3.35,84.4,9.73,369.8,80.8,1.38,104.19,OK,23.3
1256,2026-07-21T13:38:00.000,3.04,87.4,8.1199999999999992,363.2,86,0.88,104.23,OK,36.6
1867,2026-07-21T13:43:00.000,3.87,91,12.16,424.8,83.1,1.73,104.32,OK,27.8
1568,2026-07-21T13:46:00.000,3.35,89.3,9.43,409.4,82.4,1.36,104.41,OK,29.1
1237,2026-07-21T13:53:00.000,3.32,83.6,6.64,337,74.400000000000006,1.4,104.48,OK,32.1
1487,2026-07-21T13:57:00.000,3.56,87.7,8.24,381.4,80.099999999999994,1.41,104.53,OK,28.3
1503,2026-07-21T14:05:00.000,2.63,92,7.32,404.9,89.2,1.17,104.64,OK,41.2
1378,2026-07-21T14:12:00.000,2.93,86.6,9.3699999999999992,374.3,79.7,1.0900000000000001,104.75,OK,34.5
1537,2026-07-21T14:20:00.000,4.12,88.8,9.08,381.9,85.6,1.63,104.84,OK,24.2
1047,2026-07-21T14:22:00.000,2.78,83.2,6.72,340,77.8,0.83,104.93,OK,31.3
1397,2026-07-21T14:28:00.000,3.79,90.4,8.5500000000000007,394.4,87.1,1.42,105,OK,35.200000000000003
1698,2026-07-21T14:36:00.000,3.99,86.7,9.2799999999999994,422.8,78.400000000000006,1.21,105.05,OK,35.9
1387,2026-07-21T14:43:00.000,3.49,86.3,7.57,360.3,80.900000000000006,1.24,105.12,OK,28.9
1286,2026-07-21T14:45:00.000,3.99,83.1,9.9700000000000006,388.5,78.099999999999994,1.47,105.18,OK,30.3
1610,2026-07-21T14:50:00.000,3.87,91.8,9.27,393.8,83.2,1.48,105.24,OK,34.9
1485,2026-07-21T14:53:00.000,3.57,92.5,8.7799999999999994,392.4,89,1.32,105.26,OK,35.299999999999997
1215,2026-07-21T14:55:00.000,3.49,90.2,7.66,351.2,83.8,1.6,105.38,OK,26.6
1251,2026-07-21T14:57:00.000,3.74,87,6.83,368.9,83,1.19,105.48,OK,34.4
1875,2026-07-21T15:01:00.000,3.91,88.3,8.5,415.9,81.5,1.45,105.51,OK,32
1792,2026-07-21T15:06:00.000,3.96,94,10.91,415.3,90.7,2.0099999999999998,105.63,OK,38.1
1898,2026-07-21T15:10:00.000,4.3499999999999996,88.6,9.73,432,87.5,1.3,105.73,OK,24.5
1712,2026-07-21T15:17:00.000,4.13,86.3,7.49,403.7,75.2,1.1399999999999999,105.85,OK,25.3
1315,2026-07-21T15:25:00.000,3.34,87.5,6.78,361.9,83.9,1.69,105.91,OK,37.4
1568,2026-07-21T15:33:00.000,3.3,87.4,9.52,387.1,79.8,1.17,106.03,OK,25.7
1790,2026-07-21T15:37:00.000,3.71,91,10.39,428.5,84.8,1.22,106.1,OK,24.3
2084,2026-07-21T15:42:00.000,4.63,87.5,10.38,421.8,80.400000000000006,1.38,106.15,OK,27.8
1349,2026-07-21T15:44:00.000,2.99,93.5,9.24,387.9,89.3,0.92,106.2,OK,41.1
1181,2026-07-21T15:47:00.000,3.31,85.8,6.38,340.9,80.2,1.27,106.26,OK,28.2
2527,2026-07-21T15:50:00.000,4.05,95.2,13.79,499.9,86.7,1.76,106.32,OK,28
2259,2026-07-21T15:55:00.000,3.66,92.4,9.91,484.1,84.5,1.29,106.42,OK,35.9
1773,2026-07-21T16:00:00.000,3.74,89.7,10.19,403.4,82.5,1.37,106.46,OK,23.2
2027,2026-07-21T16:03:00.000,3.65,89.7,10.82,426,83.6,2.11,106.56,OK,35.6
1992,2026-07-21T16:11:00.000,3.78,92.6,11.21,469.3,90.9,1.31,106.64,OK,35
2271,2026-07-21T16:14:00.000,3.91,92.1,9.86,476.2,86.5,1.58,106.73,OK,25.8
2022,2026-07-21T16:21:00.000,3.91,84.2,10.33,426.4,77.099999999999994,1.21,106.8,OK,23.9
1827,2026-07-21T16:27:00.000,3.35,94.4,10.84,426.4,91,1.1399999999999999,106.91,OK,33
2431,2026-07-21T16:32:00.000,3.91,90.2,11.03,458.4,82.1,1.34,106.94,OK,36.6
2924,2026-07-21T16:39:00.000,4.24,99.2,15.03,501.6,95.7,2.54,107.05,OK,38.4
2505,2026-07-21T16:43:00.000,4.12,90.3,10.47,482.3,84.9,1.36,107.08,OK,26.1
2375,2026-07-21T16:45:00.000,4.01,94.6,10.28,469.9,88.8,1.29,107.18,OK,32.799999999999997
2304,2026-07-21T16:47:00.000,4.1900000000000004,92.8,10.78,478,88.7,1.43,107.29,OK,30.4
2132,2026-07-21T16:53:00.000,3.52,90.2,11.54,449.4,80.3,1.3,107.31,OK,30.7
2295,2026-07-21T17:00:00.000,3.92,89,12.8,456.9,82.7,2.12,107.42,OK,28.3
2604,2026-07-21T17:05:00.000,3.82,94.6,12.01,492,84.6,2.0299999999999998,107.5,OK,38.9
2912,2026-07-21T17:07:00.000,4.01,90.7,13.89,494.8,85.5,1.69,107.55,OK,20.3
2956,2026-07-21T17:09:00.000,4.4800000000000004,94.6,14.97,512.5,84.1,1.53,107.63,OK,26.5
2614,2026-07-21T17:11:00.000,4.18,94.6,13.2,482.3,90,2.04,107.69,OK,35.6
2648,2026-07-21T17:14:00.000,4.0199999999999996,90.7,14.69,507.5,88.6,1.7,107.78,OK,28
2629,2026-07-21T17:20:00.000,4.01,89.4,12.12,501.5,83.3,2.14,107.89,OK,27.3
2839,2026-07-21T17:27:00.000,3.86,91.7,14.59,518.20000000000005,85.4,2.13,107.95,OK,24.9
2684,2026-07-21T17:31:00.000,4.55,95.9,12.21,532.70000000000005,87.2,1.52,108.07,OK,40.9
2717,2026-07-21T17:34:00.000,4.1900000000000004,91.8,13.32,507.8,82.2,2.0099999999999998,108.16,OK,30.9
2420,2026-07-21T17:39:00.000,3.49,92.9,12.04,479.8,91.7,1.82,108.19,OK,29
2439,2026-07-21T17:47:00.000,4.12,90.2,12.36,469.1,81.5,1.61,108.26,OK,23.9
2533,2026-07-21T17:55:00.000,3.82,96.4,11.37,489.9,90.5,1.86,108.37,OK,34.9
2885,2026-07-21T18:03:00.000,4.08,97.2,13.11,513.79999999999995,87.2,2.3199999999999998,108.43,OK,38.1
2720,2026-07-21T18:09:00.000,4.53,97.4,12.17,530.1,89.5,1.42,108.51,OK,39.700000000000003
3756,2026-07-21T18:12:00.000,4.7300000000000004,97,16.07,612.1,89.8,1.86,108.55,OK,31.5
3013,2026-07-21T18:15:00.000,4.91,100.8,13.96,540.70000000000005,95.7,1.97,108.64,WARNING,41
3451,2026-07-21T18:21:00.000,5.67,97.8,14.69,575.4,90.1,3.31,108.71,WARNING,31.6
5483,2026-07-21T18:28:00.000,5.08,99.7,14.9,599.70000000000005,92.8,1.72,108.81,OK,28.8
3098,2026-07-21T18:33:00.000,4.03,98.7,14.87,558.4,87.7,2.16,108.88,OK,35.200000000000003
2958,2026-07-21T18:39:00.000,4.84,96.1,14.14,520.1,89.7,2.58,108.92,OK,38.299999999999997
2681,2026-07-21T18:45:00.000,4.01,92.7,14.42,480.3,83,1.4,109.01,OK,33.6
2807,2026-07-21T18:50:00.000,4.4400000000000004,94.6,13.45,512.70000000000005,90.3,1.97,109.07,OK,31.9
3333,2026-07-21T18:53:00.000,5.03,98.4,16.75,572.70000000000005,93,2.2799999999999998,109.13,OK,41.6
3155,2026-07-21T18:58:00.000,4.09,93.8,13.18,520.5,85.1,2.36,109.17,OK,30.4
2856,2026-07-21T19:06:00.000,4.3499999999999996,93.6,11.81,493,85.3,2.19,109.25,OK,38.700000000000003
3029,2026-07-21T19:10:00.000,4.38,101.1,13.77,539,92.1,2.0299999999999998,109.28,WARNING,35.6
3236,2026-07-21T19:15:00.000,4.25,91.5,14.42,561.70000000000005,83.7,1.65,109.4,OK,26.4
3148,2026-07-21T19:19:00.000,3.89,89.7,13.83,543.20000000000005,80,2.31,109.5,OK,26.4
3075,2026-07-21T19:25:00.000,4.68,94.9,13.88,542.1,88.1,1.73,109.6,OK,25.5
3157,2026-07-21T19:33:00.000,4,92.6,15.21,539.70000000000005,85.1,1.7,109.7,OK,25.8
2348,2026-07-21T19:35:00.000,4.25,92,11.32,485.1,85.7,1.41,109.72,OK,33.700000000000003
3216,2026-07-21T19:41:00.000,4.4800000000000004,91.3,15.38,558.79999999999995,86,2.5299999999999998,109.8,OK,26.1
2855,2026-07-21T19:45:00.000,4.7699999999999996,93.9,14.61,547.29999999999995,87.9,1.52,109.88,OK,25.3
3368,2026-07-21T19:50:00.000,4.18,97.3,15.97,568.20000000000005,88.7,1.79,109.91,OK,30.8
3302,2026-07-21T19:54:00.000,4.49,99.8,14.87,585.79999999999995,99.4,1.72,109.97,OK,35.5
3531,2026-07-21T19:56:00.000,5.4,98.1,15.47,580.4,92.2,2.4700000000000002,110.05,OK,28.3
3548,2026-07-21T20:02:00.000,4.45,96.3,17.09,580.1,92.5,2.02,110.08,OK,29.6
3897,2026-07-21T20:06:00.000,5.49,94.8,18.64,619.29999999999995,86.3,2.37,110.18,OK,30.4
2613,2026-07-21T20:09:00.000,3.92,90.8,12.93,490.2,78.5,1.44,110.29,OK,28.9
3274,2026-07-21T20:15:00.000,4.59,96.4,15.69,553.70000000000005,86.3,2.0699999999999998,110.33,OK,40.4
2615,2026-07-21T20:21:00.000,3.88,92.1,13.21,503.5,85,1.43,110.39,OK,37.299999999999997
3510,2026-07-21T20:25:00.000,4.83,98.6,15.2,576.70000000000005,91.7,1.85,110.42,OK,23.6
3289,2026-07-21T20:29:00.000,4.08,98.6,15.12,596.20000000000005,96,2.0099999999999998,110.46,OK,26.4
3191,2026-07-21T20:37:00.000,4.32,93.6,14.99,555.6,85.4,1.91,110.58,OK,27
3457,2026-07-21T20:39:00.000,4.4400000000000004,99.1,16.829999999999998,589,91.7,2.16,110.64,OK,31.1
3002,2026-07-21T20:47:00.000,4.1100000000000003,97.4,13.87,543.29999999999995,91.6,1.57,110.69,OK,38
4024,2026-07-21T20:54:00.000,5.46,99.4,16.52,650,96.9,2.35,110.77,OK,36.200000000000003
3297,2026-07-21T20:57:00.000,4.28,96.1,14.91,583.79999999999995,90.9,1.88,110.82,OK,29.3
3414,2026-07-21T21:01:00.000,4.6900000000000004,92.7,15.28,584,85.5,1.81,110.87,OK,34.1
3346,2026-07-21T21:03:00.000,5.24,94.9,14.54,587.4,85.2,2.1800000000000002,110.97,OK,40
3717,2026-07-21T21:07:00.000,4.8600000000000003,99.1,17.420000000000002,604.1,93.3,2.0699999999999998,111.07,OK,30.6
2976,2026-07-21T21:15:00.000,3.45,99.6,14.9,554.9,95.6,2.0099999999999998,111.12,OK,40.6
3689,2026-07-21T21:21:00.000,5.43,102,14.16,610.5,99.7,2.06,111.23,WARNING,37.700000000000003
3218,2026-07-21T21:28:00.000,4.9400000000000004,91.4,15.91,566.70000000000005,88.5,1.62,111.26,OK,23.2
3222,2026-07-21T21:35:00.000,4.91,100.3,15.05,563.29999999999995,88.6,1.75,111.37,WARNING,39.6
3707,2026-07-21T21:41:00.000,5.23,99,16.57,606.5,90.9,1.94,111.48,OK,28
3304,2026-07-21T21:49:00.000,4.5199999999999996,95.9,15.52,547.29999999999995,94,1.85,111.51,OK,24.8
3611,2026-07-21T21:57:00.000,4.1900000000000004,99.1,14.57,574,94.5,2.0699999999999998,111.6,OK,37.9
3615,2026-07-21T22:03:00.000,5.0599999999999996,98.2,15.72,608.9,89.6,1.84,111.68,OK,38.200000000000003
3268,2026-07-21T22:10:00.000,3.92,97.9,15.55,565.20000000000005,92.7,1.8,111.78,OK,30.4
3467,2026-07-21T22:16:00.000,4.13,98.4,16.12,587.5,91.3,1.74,111.83,OK,28.4
3211,2026-07-21T22:21:00.000,4.49,96,14.43,559,88.4,2.34,111.88,OK,33.5
3368,2026-07-21T22:27:00.000,4.9400000000000004,97.6,15.34,559.1,90.8,2.0499999999999998,111.96,OK,30.7
3534,2026-07-21T22:30:00.000,4.41,99.8,15.99,571.70000000000005,90.1,2.2000000000000002,112,OK,36.299999999999997
3027,2026-07-21T22:36:00.000,4.1900000000000004,94.6,14.45,552.1,87,1.84,112.11,WARNING,30.1
3508,2026-07-21T22:41:00.000,5.56,96.4,17.739999999999998,589,90.9,2.15,112.22,OK,34.4
3456,2026-07-21T22:45:00.000,4.97,96,14.25,595.79999999999995,88.8,1.89,112.29,OK,26.4
2815,2026-07-21T22:49:00.000,4.42,95.4,12.59,502,91.4,1.99,112.35,OK,27.3
3064,2026-07-21T22:54:00.000,4.9400000000000004,94.6,14.23,540.29999999999995,90.8,2.1,112.38,OK,36.799999999999997
3073,2026-07-21T23:00:00.000,4.5999999999999996,98.7,14.68,557.6,91.3,1.66,112.48,OK,33
3148,2026-07-21T23:02:00.000,4.0999999999999996,93.2,14.56,571.79999999999995,86,1.75,112.5,OK,28.7
2957,2026-07-21T23:05:00.000,3.88,100.4,12.98,544.5,92.8,1.94,112.59,WARNING,35.1
3607,2026-07-21T23:11:00.000,4.6500000000000004,99.3,16.559999999999999,600.6,94.6,1.86,112.66,OK,29.6
3636,2026-07-21T23:16:00.000,4.6500000000000004,96.5,16.52,583.1,90.6,1.86,112.69,OK,30.2
2975,2026-07-21T23:24:00.000,5.13,91.8,14.13,524.6,85,2.73,112.8,OK,32.200000000000003
2832,2026-07-21T23:31:00.000,4.2699999999999996,92.1,12.9,495.1,90.5,2.11,112.9,OK,27.8
3216,2026-07-21T23:37:00.000,5.12,95.2,15.18,544.20000000000005,91.9,1.98,112.98,OK,31.3
3670,2026-07-21T23:42:00.000,4.88,98.4,17.41,614.5,92.6,2.14,113.06,OK,36.200000000000003
3942,2026-07-21T23:50:00.000,5.19,99.8,18.05,614,93.2,2.11,113.16,OK,40.200000000000003
2934,2026-07-21T23:56:00.000,3.32,93.9,12.75,527.20000000000005,90.1,1.91,113.28,OK,27.6
2356,2026-07-21T23:58:00.000,4.84,93.2,10.88,466.1,89.2,1.55,113.3,OK,36.299999999999997
2613,2026-07-22T00:05:00.000,3.92,90.9,13.32,497.9,87.3,2.2799999999999998,113.32,OK,29.5
2491,2026-07-22T00:07:00.000,4.45,96,11.67,480.5,92.5,1.67,113.41,OK,33.4
3241,2026-07-22T00:10:00.000,3.94,98.4,13.73,565.79999999999995,95.6,2.0099999999999998,113.51,OK,29
3109,2026-07-22T00:13:00.000,5.0199999999999996,96,13.86,551.20000000000005,87.9,1.82,113.55,OK,32.9
3130,2026-07-22T00:18:00.000,3.88,98.3,13.84,540.6,89.5,2.36,113.58,OK,32.5
3427,2026-07-22T00:20:00.000,4.24,99.8,15.25,561.1,91.5,2.06,113.69,OK,36.200000000000003
3581,2026-07-22T00:23:00.000,4.55,96.8,15.86,573.70000000000005,87.6,2.36,113.74,OK,34.1
3283,2026-07-22T00:28:00.000,4.37,99.5,13.39,576.1,93,1.66,113.77,OK,39.6
3223,2026-07-22T00:35:00.000,4.4000000000000004,94.7,14.99,529.1,84.3,1.98,113.85,OK,34.9
2426,2026-07-22T00:38:00.000,4.1900000000000004,92.5,12.42,466.4,90.2,1.83,113.91,OK,40.5
2740,2026-07-22T00:45:00.000,3.83,96.3,13.22,512.6,90.3,1.76,113.98,OK,34.799999999999997
3379,2026-07-22T00:47:00.000,4.7,97.4,15.83,590.20000000000005,92.1,1.72,114.02,OK,28.8
2677,2026-07-22T00:54:00.000,4.79,95.2,13.35,516.20000000000005,88.7,2.33,114.11,OK,33
3231,2026-07-22T01:00:00.000,4.13,96.7,13.69,550.4,92.5,1.66,114.2,OK,32.5
2862,2026-07-22T01:04:00.000,4.3099999999999996,90.4,13.5,506.5,85.4,1.98,114.29,OK,32.4
3067,2026-07-22T01:06:00.000,4.75,91.6,14.52,533.20000000000005,86.8,1.95,114.36,OK,31.3
2461,2026-07-22T01:13:00.000,3.46,94.8,12.39,506.8,91.2,1.73,114.42,OK,35.9
3007,2026-07-22T01:16:00.000,3.9,98.4,15.3,521.5,88.8,1.98,114.52,OK,37.299999999999997
2489,2026-07-22T01:24:00.000,4.29,91.7,12.58,465.6,85.5,1.54,114.58,OK,34
2766,2026-07-22T01:28:00.000,4.08,98.9,13.24,517.20000000000005,92,1.55,114.67,OK,33.9
2648,2026-07-22T01:30:00.000,4.28,91.3,13.54,503.5,90.4,1.43,114.69,OK,28.7
3047,2026-07-22T01:38:00.000,4.5199999999999996,98.2,14.98,529,95.4,2.02,114.76,OK,31.3
2893,2026-07-22T01:41:00.000,3.79,89.1,13.68,528,82.8,1.73,114.84,OK,25.8
1956,2026-07-22T01:43:00.000,4.42,88.9,11.53,443.4,83.5,1.4,114.94,OK,33.4
2261,2026-07-22T01:50:00.000,3.94,91.1,11.58,461.3,85.3,1.39,114.96,OK,24.9
2294,2026-07-22T01:57:00.000,3.95,93.5,11.07,461.7,88,1.73,115.07,OK,40.9
2729,2026-07-22T02:04:00.000,4.1399999999999997,95.7,13.89,513.20000000000005,91.6,2.21,115.17,OK,30.5
2285,2026-07-22T02:09:00.000,4.1900000000000004,90.6,10.86,431.6,79,1.78,115.24,OK,23.6
2047,2026-07-22T02:12:00.000,4.0999999999999996,92,11.97,415.8,80.900000000000006,1.37,115.35,OK,21.5
1921,2026-07-22T02:16:00.000,2.75,90.7,9.8000000000000007,437.1,82.9,1.25,115.39,OK,38
2624,2026-07-22T02:18:00.000,4.4800000000000004,90.9,11.79,472.1,81.099999999999994,1.83,115.5,OK,32.1
1614,2026-07-22T02:21:00.000,3.15,89.9,8.4600000000000009,390.9,83,1.58,115.54,OK,37.5
2679,2026-07-22T02:28:00.000,4.01,94.2,13.58,507.2,91.6,2.14,115.58,OK,37.700000000000003
1830,2026-07-22T02:34:00.000,3.39,86.2,9.32,429.7,83.4,1.1399999999999999,115.67,OK,23.5
2093,2026-07-22T02:37:00.000,3.71,87.9,10.14,448.2,84,1.5,115.79,OK,27.5
1811,2026-07-22T02:39:00.000,3.63,86,9.51,413,81.599999999999994,1.29,115.82,OK,30.3
1868,2026-07-22T02:45:00.000,3.65,92,7.65,427.7,84.7,1.78,115.85,OK,26.3
2082,2026-07-22T02:49:00.000,3.33,86.4,11.92,433.2,82.2,1.82,115.89,OK,27.9
2082,2026-07-22T02:55:00.000,3.87,91.3,9.48,446.4,83.5,1.26,115.93,OK,33.4
1559,2026-07-22T02:57:00.000,3.74,89,9.98,394.1,85.6,1.18,116,OK,31.2
1928,2026-07-22T03:03:00.000,3.72,93.8,11.3,449,88.9,1.49,116.03,OK,41.7
2077,2026-07-22T03:10:00.000,3.67,90.4,11.3,444.2,83.1,1.66,116.15,OK,29.4
2175,2026-07-22T03:12:00.000,3.62,88,11.14,444.2,87.9,1.94,116.18,OK,32.1
1266,2026-07-22T03:18:00.000,2.4700000000000002,87.4,7.86,380.1,82.9,0.92,116.28,OK,39.1
1784,2026-07-22T03:23:00.000,3.89,88.1,11.21,417.3,84.2,1.8,116.38,OK,25.6
1204,2026-07-22T03:27:00.000,3.45,88.9,9.77,369.6,84.5,0.87,116.47,OK,38.799999999999997
1715,2026-07-22T03:31:00.000,3.54,86.7,7.75,384.9,81.400000000000006,1.53,116.52,OK,32.5
1714,2026-07-22T03:35:00.000,3.04,92.7,10.15,400.4,80.099999999999994,1.43,116.55,OK,38.5
2056,2026-07-22T03:40:00.000,3.79,89.7,10.44,442.8,80.599999999999994,1.66,116.59,OK,35.5
2148,2026-07-22T03:44:00.000,3.65,96.8,12.99,473.2,92.2,1.8,116.7,OK,36.700000000000003
1421,2026-07-22T03:50:00.000,4.04,81.3,8.7200000000000006,383.2,73.2,1.28,116.81,OK,23.4
1854,2026-07-22T03:57:00.000,4.0999999999999996,93.3,9.35,417.8,85.5,1.44,116.92,OK,39.200000000000003
1953,2026-07-22T04:00:00.000,3.51,91.3,9.56,439.9,82.3,1.97,116.95,OK,33.5
1435,2026-07-22T04:07:00.000,3.78,86.3,8.4700000000000006,397.7,79.400000000000006,1.73,117.07,OK,25.8
1940,2026-07-22T04:15:00.000,3.37,93,8.36,429.6,87.4,1.59,117.16,OK,35.799999999999997
1690,2026-07-22T04:20:00.000,4.09,89.4,8.3800000000000008,400,80.7,1.07,117.23,OK,39
1520,2026-07-22T04:28:00.000,3.61,89.9,7.52,404,82.6,2,117.35,OK,40
1639,2026-07-22T04:33:00.000,4.37,87.1,6.86,420.2,82.8,1.54,117.45,OK,34.6
1011,2026-07-22T04:35:00.000,2.99,89.9,7.62,350.2,84.9,1.2,117.53,OK,32.5
1588,2026-07-22T04:40:00.000,4.04,88.2,9.7200000000000006,377.9,83.2,2.17,117.64,OK,34.200000000000003
1218,2026-07-22T04:44:00.000,3.91,85.8,8.58,368.4,81.400000000000006,1.71,117.76,OK,31.5
1500,2026-07-22T04:49:00.000,3.35,92,7.79,402.3,85.4,1.32,117.79,OK,32.6
1324,2026-07-22T04:54:00.000,3,84,8.56,374.4,77.8,1,117.84,OK,33.700000000000003
1543,2026-07-22T05:00:00.000,3.78,94.1,8.8800000000000008,393.1,85.5,1.57,117.93,OK,36.700000000000003
1836,2026-07-22T05:06:00.000,3.36,92.1,8.99,458.1,83.3,1.0900000000000001,118.01,OK,41.2
1441,2026-07-22T05:13:00.000,3.37,89.9,8.18,410.8,83.1,0.98,118.12,OK,28.1
1725,2026-07-22T05:18:00.000,3.39,89,8.33,408.8,82.9,1.81,118.21,OK,24.5
995,2026-07-22T05:22:00.000,3.99,80,5.4,316.7,73.5,0.88,118.23,OK,26.2
1834,2026-07-22T05:30:00.000,3.73,91.8,9.15,416,88.5,1.61,118.32,OK,32.1
957,2026-07-22T05:36:00.000,3.4,82,6.29,342.1,76.900000000000006,0.96,118.44,OK,25.8
853,2026-07-22T05:39:00.000,3.18,86.2,7.24,335.7,76.900000000000006,1.32,118.46,OK,36.299999999999997
1176,2026-07-22T05:45:00.000,3.04,92.5,6.99,375.5,83.2,0.95,118.58,OK,36.5
1098,2026-07-22T05:47:00.000,3.53,86.8,8.26,356.6,77.7,1.1100000000000001,118.66,OK,37.6
800,2026-07-22T05:49:00.000,3.43,90.3,7.33,342.6,84.2,1.41,118.72,OK,39.9
823,2026-07-22T05:57:00.000,2.98,82.4,6.54,310,75.7,0.71,118.78,OK,28.9
800,2026-07-22T06:02:00.000,3.15,89,5.89,315.7,84.3,1.72,118.83,OK,31.3
800,2026-07-22T06:07:00.000,3.53,84.2,5.39,324.2,76.3,0.98,118.91,OK,28
938,2026-07-22T06:15:00.000,2.8,88.3,5.99,323.2,78.5,1.1299999999999999,119.02,OK,36.5
1675,2026-07-22T06:19:00.000,3.58,89.7,9.98,384.2,80.900000000000006,1.08,119.11,OK,34.4
1389,2026-07-22T06:26:00.000,3.79,86.2,9.11,379.5,83.1,1.01,119.15,OK,24.2
1239,2026-07-22T06:34:00.000,3.09,82.7,7.53,348.5,76.099999999999994,0.96,119.22,OK,26.8
1871,2026-07-22T06:41:00.000,3.82,87.5,10.19,423.5,80.900000000000006,1.26,119.27,OK,26.2
800,2026-07-22T06:44:00.000,2.99,82.7,4.9400000000000004,322.39999999999998,78.900000000000006,0.99,119.35,OK,28.1
1065,2026-07-22T06:48:00.000,3.09,83.1,6.73,331.6,76.400000000000006,1.1200000000000001,119.38,OK,30.8
1790,2026-07-22T06:52:00.000,3.47,88.5,10.11,416.5,78.7,1.1299999999999999,119.43,OK,25.8
890,2026-07-22T06:59:00.000,2.69,90.8,6.03,329.7,86.1,0.89,119.46,OK,37.5
800,2026-07-22T07:07:00.000,2.4,83.1,5.19,296.89999999999998,76.2,1.84,119.52,OK,31.4
1335,2026-07-22T07:09:00.000,3.07,92.4,7.36,387.5,86,1.44,119.63,OK,33.299999999999997
846,2026-07-22T07:16:00.000,3.32,85.6,5.15,345.3,83.2,1.07,119.72,OK,32.9
1474,2026-07-22T07:24:00.000,3.2,87.2,7.71,389.3,80.8,1.56,119.81,OK,31.3
1318,2026-07-22T07:31:00.000,3.28,87.9,8.84,393.5,79.400000000000006,1.45,119.92,OK,35
954,2026-07-22T07:34:00.000,2.72,89.7,8.1199999999999992,351.8,82.7,1.33,120.03,OK,23.7
1359,2026-07-22T07:42:00.000,3.51,88.5,9.7799999999999994,367.5,82.6,1.0900000000000001,120.14,OK,30.6
929,2026-07-22T07:50:00.000,3.81,88.8,6.57,339.7,86.4,0.89,120.18,OK,39.200000000000003
1054,2026-07-22T07:57:00.000,3.48,87.4,7.08,376.6,80.400000000000006,1.32,120.3,OK,29.2
1209,2026-07-22T08:05:00.000,3.33,83.1,8.42,346.3,80.099999999999994,0.89,120.41,OK,28.3
866,2026-07-22T08:13:00.000,3.3,89.3,5.4,335.2,82,0.99,120.49,OK,34.9
1529,2026-07-22T08:16:00.000,3.99,87.5,8.1300000000000008,406.2,83.2,1.55,120.57,OK,35.4
1025,2026-07-22T08:22:00.000,3.65,85,6.47,355,79.2,0.86,120.63,OK,35.4
1101,2026-07-22T08:27:00.000,3.71,87.7,8.58,343.5,77.900000000000006,0.87,120.7,OK,40.1
800,2026-07-22T08:35:00.000,3.26,83.7,5.85,349.4,76.5,1.1000000000000001,120.72,WARNING,27.1
800,2026-07-22T08:40:00.000,3.77,86,7.39,324.10000000000002,77,0.95,120.77,OK,34.200000000000003
1062,2026-07-22T08:42:00.000,3.2,84.4,6.59,342.7,76.2,1.0900000000000001,120.84,OK,26.2
1312,2026-07-22T08:44:00.000,3.95,87.1,7.14,361.1,79.400000000000006,1.33,120.93,OK,34.799999999999997
1506,2026-07-22T08:50:00.000,3.82,86.5,10.3,407.7,79.599999999999994,1.46,120.98,OK,29.9
800,2026-07-22T08:56:00.000,2.92,86.3,6.47,305.89999999999998,81.099999999999994,0.77,121.04,OK,34.799999999999997
800,2026-07-22T09:00:00.000,2.6,80.400000000000006,5.67,310.7,72.900000000000006,1.04,121.09,OK,29.5
800,2026-07-22T09:05:00.000,3.23,85.5,4.76,341,79.7,1.01,121.13,OK,31.9
1207,2026-07-22T09:11:00.000,2.79,89.7,7.2,374.8,81.900000000000006,1.27,121.16,OK,29
1536,2026-07-22T09:14:00.000,3.63,89.5,10.53,419.8,78.2,1.49,121.27,OK,31.9
994,2026-07-22T09:18:00.000,2.91,88,6.65,361.1,85.1,1.94,121.37,OK,31.1
1079,2026-07-22T09:22:00.000,3.57,89,5,338.6,83.7,0.8,121.44,OK,27.4
1114,2026-07-22T09:27:00.000,2.84,89.4,7.03,364.1,81.2,1.43,121.47,OK,36
914,2026-07-22T09:32:00.000,3.9,85,7.42,314.60000000000002,78,1.1000000000000001,121.56,OK,34
800,2026-07-22T09:37:00.000,3.28,82.4,6.05,327.8,75,1.02,121.62,OK,24.5
1472,2026-07-22T09:39:00.000,2.91,89.7,9.16,373.3,78.599999999999994,1.1499999999999999,121.72,OK,35.6
1167,2026-07-22T09:47:00.000,3.65,85.1,7.95,355.5,82.4,1.25,121.79,OK,36.299999999999997
934,2026-07-22T09:52:00.000,2.6,93.1,6.54,326.7,89,0.75,121.9,OK,34.6
2192,2026-07-22T09:54:00.000,4.1500000000000004,90.3,10.49,447.5,84.3,1.45,121.94,OK,26.5
1153,2026-07-22T10:00:00.000,3.03,90.8,7.05,354.9,89.9,0.84,121.97,OK,32
800,2026-07-22T10:08:00.000,3.94,86.3,5.87,322,75.2,1.01,122.02,OK,37
1414,2026-07-22T10:11:00.000,3.48,87,7.02,393.4,88.4,1.01,122.09,OK,26.5
800,2026-07-22T10:19:00.000,2.39,86,6.73,312.8,83.7,1.23,122.18,OK,34.6
1382,2026-07-22T10:27:00.000,3.4,89.6,7.71,363.9,87,1.43,122.24,OK,25.4
1390,2026-07-22T10:35:00.000,3.08,93.8,9.3699999999999992,389.5,83.7,1.18,122.26,OK,29.9
1737,2026-07-22T10:38:00.000,4.22,85.6,10.74,418.8,80.900000000000006,1.26,122.29,OK,30.5
922,2026-07-22T10:42:00.000,3.32,87.2,6.35,333,77.2,0.9,122.38,OK,39
1189,2026-07-22T10:50:00.000,3.22,87.4,7.63,369.5,77.8,0.84,122.43,OK,28.7
1288,2026-07-22T10:54:00.000,3.63,82.1,7.52,360.3,75.2,0.9,122.53,OK,27.4
1636,2026-07-22T11:02:00.000,3.92,88.9,7.84,399.9,85.3,1.01,122.55,OK,37.1
1506,2026-07-22T11:06:00.000,3.8,90.8,8.25,404.8,84.5,2.1,122.64,OK,36.6
1557,2026-07-22T11:09:00.000,2.81,87.4,8.9499999999999993,411.1,79.8,1.01,122.67,OK,31.3
1824,2026-07-22T11:13:00.000,4.21,89.5,10.38,429.5,83.4,1.23,122.73,OK,29.6
1342,2026-07-22T11:21:00.000,2.79,90.3,9.82,380,80.7,1.4,122.79,OK,36.4
1955,2026-07-22T11:23:00.000,4.18,90.2,9.7799999999999994,413.3,85.9,1.79,122.87,OK,35.5
1435,2026-07-22T11:27:00.000,3.33,85.5,7.74,380.1,78.900000000000006,1.1499999999999999,122.97,OK,30.5
1804,2026-07-22T11:33:00.000,3.62,87.2,10.61,401,82.2,1.66,123.04,OK,30.8
1341,2026-07-22T11:41:00.000,3.41,82.2,5.72,371.7,72.900000000000006,1.53,123.13,OK,31.5
1748,2026-07-22T11:45:00.000,3.68,93.1,8.7200000000000006,411.9,89.3,1.25,123.17,OK,40.4
1970,2026-07-22T11:53:00.000,4.24,91.3,11.4,459.6,83.1,1.47,123.22,OK,36.299999999999997
1212,2026-07-22T11:55:00.000,3.8,91.4,6.89,386.3,86.5,1.52,123.26,OK,36.1
1947,2026-07-22T12:02:00.000,3.84,92.1,9.83,444.2,81.5,1.1599999999999999,123.35,OK,31.6
1705,2026-07-22T12:05:00.000,3.93,91.6,9.4600000000000009,391.5,85.5,1.32,123.42,OK,39.6
2383,2026-07-22T12:12:00.000,3.95,93.4,12.45,463.9,88.5,1.4,123.49,OK,32.200000000000003
1604,2026-07-22T12:20:00.000,3.54,82.6,9.07,407.3,78.099999999999994,1.58,123.56,OK,23.3
1827,2026-07-22T12:23:00.000,4,93.1,9.84,423.6,88.9,1.47,123.65,OK,40.700000000000003
1697,2026-07-22T12:26:00.000,4.0199999999999996,89.2,9.1300000000000008,416.5,80.099999999999994,1.39,123.72,OK,33
2012,2026-07-22T12:28:00.000,3.65,88.1,10.29,416.4,80.5,1.96,123.83,OK,28.2
1044,2026-07-22T12:31:00.000,3.89,83.4,6.39,318.39999999999998,77.2,0.77,123.91,OK,23.7
1343,2026-07-22T12:39:00.000,3.88,91.7,7.26,375.9,86.4,0.91,123.97,OK,40.5
2099,2026-07-22T12:47:00.000,3.27,90.5,11.98,455.7,84,1.45,124.07,OK,34.6
1903,2026-07-22T12:52:00.000,3.49,89.1,9.56,405.3,82.9,1.77,124.16,OK,29.3
1222,2026-07-22T12:56:00.000,3.17,87.2,7.58,373.5,79.599999999999994,1.37,124.23,OK,25.7
1731,2026-07-22T12:58:00.000,3.57,87.2,10.42,416.6,77.8,1.36,124.33,OK,24.8
1844,2026-07-22T13:02:00.000,3.35,90.6,8.09,440.4,83.9,1.2,124.44,OK,32.1
1842,2026-07-22T13:08:00.000,3.68,89.5,8.59,412.6,83,1.42,124.48,OK,30.7
2367,2026-07-22T13:16:00.000,4.05,97.3,11.75,500.9,90.1,1.54,124.55,OK,40.6
2511,2026-07-22T13:20:00.000,4.7300000000000004,90.9,12.28,471.7,84.2,1.77,124.65,OK,21.6
1318,2026-07-22T13:22:00.000,3.87,82.5,6.7,336.2,76.099999999999994,0.86,124.67,OK,27.4
2089,2026-07-22T13:27:00.000,4.6900000000000004,92.9,9.15,450.2,86.7,1.47,124.75,OK,30.8
2201,2026-07-22T13:32:00.000,3.48,92,9.85,470.2,87.1,1.54,124.84,OK,39.700000000000003
1672,2026-07-22T13:35:00.000,3.69,89.2,9.61,396.5,81.8,1.0900000000000001,124.88,OK,36.5
2659,2026-07-22T13:40:00.000,4.16,91.6,13.5,502.4,83.7,1.9,124.99,OK,25.7
2381,2026-07-22T13:46:00.000,3.95,96.9,12,496.7,89.1,1.83,125.05,OK,27.5
2578,2026-07-22T13:52:00.000,3.95,92.7,10.89,514.1,86.8,1.76,125.14,OK,24.2
2155,2026-07-22T13:56:00.000,3.71,95.5,9.89,470.5,84.5,1.23,125.21,OK,29
2068,2026-07-22T14:02:00.000,3.73,89.9,10.54,439.6,82.9,1.6,125.33,OK,26.6
2171,2026-07-22T14:04:00.000,4.1399999999999997,95.4,11.08,456.9,90.6,1.3,125.36,OK,39.9
2361,2026-07-22T14:12:00.000,4.08,98.5,11.23,475.9,94.4,1.29,125.42,OK,38.5
2280,2026-07-22T14:20:00.000,3.73,93,11.14,467.3,87.5,1.34,125.53,OK,27.7
2776,2026-07-22T14:23:00.000,4.57,95.1,13.48,525.5,84.3,2.06,125.58,OK,31.4
3421,2026-07-22T14:29:00.000,4.08,96,17.28,559.29999999999995,90.4,2.09,125.65,OK,41.2
2721,2026-07-22T14:32:00.000,4.54,90.6,13.94,494,84.4,1.81,125.71,OK,28.7
1864,2026-07-22T14:39:00.000,3.91,90.9,9.69,436.8,88.6,1.1299999999999999,125.81,OK,31.8
2629,2026-07-22T14:42:00.000,3.8,95.7,12.54,499.2,87.9,1.74,125.9,OK,30.1
2187,2026-07-22T14:46:00.000,4,91.4,11.05,458.5,90.1,1.78,125.94,OK,32.6
2488,2026-07-22T14:48:00.000,3.71,94.8,11.69,497.3,93.2,2.68,125.99,OK,32.6
2646,2026-07-22T14:55:00.000,4.38,89.6,13.91,492.4,85.6,1.82,126.11,OK,24.1
2596,2026-07-22T15:03:00.000,3.62,90.5,13.7,478.7,88.5,1.71,126.21,OK,26.5
2351,2026-07-22T15:07:00.000,4.16,94.7,11.93,499.6,91.4,1.73,126.24,OK,36.4
2923,2026-07-22T15:13:00.000,3.57,97.4,15.09,536.4,88.4,1.77,126.31,OK,41.6
2069,2026-07-22T15:20:00.000,4.04,90,10.24,457.5,85.2,1.23,126.4,OK,31.4
2929,2026-07-22T15:28:00.000,3.9,96.3,14.21,526.1,88.7,1.6,126.44,OK,42.9
2504,2026-07-22T15:35:00.000,4.1900000000000004,90.9,13.39,488.2,83.9,1.36,126.52,OK,38.4
2942,2026-07-22T15:41:00.000,4.6900000000000004,94.9,14.34,546.9,94.6,1.67,126.61,OK,32.1
2399,2026-07-22T15:44:00.000,3.66,89.2,13.39,476.8,82.1,1.45,126.64,OK,33.200000000000003
2976,2026-07-22T15:52:00.000,3.44,95.9,14.39,533.70000000000005,90.3,2.08,126.73,OK,38.1
3401,2026-07-22T15:59:00.000,4.09,98.3,15.24,559.4,90.9,1.76,126.79,OK,38.9
2735,2026-07-22T16:04:00.000,4,99.2,12.06,485.8,96,1.67,126.85,OK,38.4
2750,2026-07-22T16:12:00.000,3.86,89.6,12.73,531.4,80.7,2.06,126.91,OK,24.5
3140,2026-07-22T16:15:00.000,3.8,95.7,15.26,547.9,88.6,1.87,126.99,OK,26.5
3085,2026-07-22T16:17:00.000,4.0199999999999996,97.2,15.21,581.4,95.5,2.12,127.07,OK,36.5
2549,2026-07-22T16:22:00.000,4.57,89.7,10.61,494.9,83.8,1.35,127.1,OK,28.5
3442,2026-07-22T16:27:00.000,5.12,98.6,15.05,569.6,88.5,1.71,127.21,OK,36.799999999999997
3358,2026-07-22T16:32:00.000,4.0999999999999996,93.7,15.67,562,87,2.78,127.3,OK,32.700000000000003
3544,2026-07-22T16:38:00.000,4.87,96.8,16.079999999999998,609.20000000000005,88.3,1.93,127.36,OK,28.1
3306,2026-07-22T16:46:00.000,4.71,94.9,14.38,582.79999999999995,89.6,2.1800000000000002,127.38,OK,27.4
3795,2026-07-22T16:48:00.000,4.4400000000000004,102.7,18.14,630.4,98,2.16,127.45,WARNING,38.799999999999997
2497,2026-07-22T16:54:00.000,4.9400000000000004,89.3,13.05,458,82.8,1.99,127.51,OK,24.2
3704,2026-07-22T16:57:00.000,4.74,95,18.440000000000001,574.4,92.9,2.38,127.56,OK,40.9
3052,2026-07-22T17:04:00.000,4.4400000000000004,93.9,13.86,556.5,87.7,1.68,127.63,OK,31.4
3014,2026-07-22T17:07:00.000,3.71,99,12.64,549.9,92.9,1.76,127.74,OK,40.4
2971,2026-07-22T17:10:00.000,4.55,96.7,14.03,557.20000000000005,89.1,1.95,127.79,OK,36.799999999999997
3415,2026-07-22T17:13:00.000,3.97,96.4,17.260000000000002,572.29999999999995,90.8,2.15,127.83,OK,35.200000000000003
3531,2026-07-22T17:19:00.000,4.6900000000000004,101.2,16.03,576.4,99.9,1.97,127.92,WARNING,34.5
3102,2026-07-22T17:24:00.000,4.24,95.1,14.9,548.20000000000005,90,1.84,128.04,OK,32.4
3375,2026-07-22T17:26:00.000,4.32,98.9,15.75,580.1,93.6,2.06,128.06,OK,32.1
4259,2026-07-22T17:30:00.000,4.82,101.6,17.23,645.1,97.7,2.2999999999999998,128.18,WARNING,35.1
3069,2026-07-22T17:37:00.000,4.88,97.4,13.38,524.9,93.3,1.75,128.24,OK,32.6
3177,2026-07-22T17:41:00.000,4.79,97.4,14.11,563.29999999999995,88.2,1.62,128.27000000000001,OK,29.9
3823,2026-07-22T17:44:00.000,5.09,102.6,16.63,605.9,97.7,2.19,128.30000000000001,WARNING,33.4
2784,2026-07-22T17:51:00.000,4.25,92.3,14.13,541,82.5,1.6,128.33000000000001,OK,31.8
3431,2026-07-22T17:57:00.000,4.2699999999999996,99.5,14.82,603.70000000000005,92.9,1.94,128.37,OK,35.700000000000003
2508,2026-07-22T18:00:00.000,3.91,91.6,10.07,496.7,85.2,2.63,128.43,OK,38.6
2879,2026-07-22T18:07:00.000,4.04,97.5,12.8,551.9,86.9,1.89,128.49,OK,37.700000000000003
2952,2026-07-22T18:13:00.000,4.51,90.4,13.42,532,81.099999999999994,2.27,128.57,OK,30.2
3069,2026-07-22T18:20:00.000,4.4800000000000004,100.6,15.45,544.79999999999995,93.9,1.6,128.65,WARNING,33.1
2944,2026-07-22T18:25:00.000,4.37,93.5,13.07,551.1,84.1,1.6,128.71,OK,22.7
3456,2026-07-22T18:27:00.000,4.9400000000000004,98.9,12.61,588.70000000000005,93,2.13,128.74,OK,36.4
3880,2026-07-22T18:30:00.000,4.83,93.7,16.22,605.4,87.2,2.2799999999999998,128.85,OK,26.9
4107,2026-07-22T18:32:00.000,5.14,102.4,17.89,628.9,99.7,2.59,128.9,WARNING,30.8
3036,2026-07-22T18:37:00.000,3.94,97.4,12.02,530.4,96.9,1.62,128.93,OK,27.6
3653,2026-07-22T18:41:00.000,5.42,98.3,16.809999999999999,614.70000000000005,91.7,2.82,129.01,OK,35.1
3822,2026-07-22T18:48:00.000,5.18,98.2,17.29,611.4,95.6,2.02,129.06,OK,33.6
3442,2026-07-22T18:56:00.000,4.3600000000000003,95.8,15.56,601.70000000000005,90.8,1.74,129.13,OK,30.3
3648,2026-07-22T18:59:00.000,5,102.9,16.72,613.1,94.9,1.9,129.16,WARNING,33.799999999999997
3560,2026-07-22T19:06:00.000,5,96,15.54,597.9,90.5,1.75,129.21,OK,26.2
3557,2026-07-22T19:14:00.000,4.08,99.1,15.35,580.29999999999995,93.4,2.62,129.27000000000001,OK,36.1
3137,2026-07-22T19:18:00.000,4.8,96.7,13.91,541.9,89.2,2,129.38,OK,26.1
2693,2026-07-22T19:20:00.000,3.89,88.5,12.64,476.8,83.3,2.0099999999999998,129.41999999999999,OK,35
3265,2026-07-22T19:27:00.000,4.7300000000000004,96.9,16.739999999999998,549.20000000000005,93.2,2.36,129.53,OK,34.799999999999997
3114,2026-07-22T19:35:00.000,5.09,93.3,13.72,533.20000000000005,85.8,1.74,129.61000000000001,OK,24.9
3280,2026-07-22T19:42:00.000,4.66,96.8,15.66,558.79999999999995,85.2,2.4,129.66999999999999,OK,31.9
3707,2026-07-22T19:44:00.000,5.84,98.9,15.6,632.79999999999995,95.2,2.38,129.69,OK,26.1
3866,2026-07-22T19:48:00.000,5.0999999999999996,103.5,17.010000000000002,615.70000000000005,100,2.2599999999999998,129.77000000000001,WARNING,40
3409,2026-07-22T19:53:00.000,4.58,95.8,15.36,591.79999999999995,90.4,2.0699999999999998,129.88,OK,29.5
2933,2026-07-22T19:55:00.000,4.3,93.5,10.71,509.4,87,1.61,129.97,OK,27.6
3202,2026-07-22T20:02:00.000,4.62,97,14.81,546.79999999999995,91,1.62,130.05000000000001,OK,35.299999999999997
3058,2026-07-22T20:08:00.000,4.37,98,13.57,546.6,93.4,2.31,130.15,OK,34.299999999999997
3361,2026-07-22T20:10:00.000,3.94,101.1,13.7,590,93.7,1.74,130.19,WARNING,37.5
3143,2026-07-22T20:12:00.000,4.3499999999999996,93.1,14.7,544.5,84.5,2.0299999999999998,130.22999999999999,OK,35
3611,2026-07-22T20:18:00.000,4.4000000000000004,101.1,17.100000000000001,594.79999999999995,96.3,2.36,130.30000000000001,WARNING,41.1
2985,2026-07-22T20:25:00.000,4.68,93,13.96,541.4,85.7,1.88,130.36000000000001,OK,25.3
4033,2026-07-22T20:27:00.000,4.66,103,18.54,641.1,99.4,2.57,130.4,WARNING,24.3
2740,2026-07-22T20:32:00.000,4.3899999999999997,93.4,15.01,486.6,87.9,1.46,130.51,OK,40.4
3347,2026-07-22T20:38:00.000,4.6100000000000003,96.7,15.17,591.1,92.1,2.2000000000000002,130.59,OK,43.2
2661,2026-07-22T20:40:00.000,4.0999999999999996,92.2,13.02,504.9,84,1.5,130.63,OK,31.6
3576,2026-07-22T20:46:00.000,4.45,99.5,16.3,595.20000000000005,97,1.88,130.69999999999999,OK,32.9
3209,2026-07-22T20:48:00.000,4.51,97.3,15.48,559.1,92.9,1.96,130.72,OK,30.5
3247,2026-07-22T20:50:00.000,4.53,96.8,14.22,537.70000000000005,90.4,1.75,130.74,OK,39.4
2844,2026-07-22T20:53:00.000,3.98,98.6,14.4,502.7,93.5,2.2599999999999998,130.77000000000001,OK,38.1
3519,2026-07-22T20:55:00.000,4.5999999999999996,95.2,16.78,608.4,88.5,2.06,130.85,OK,26.9
3345,2026-07-22T20:58:00.000,4.45,98.8,15.51,565.5,93,2.2400000000000002,130.88999999999999,OK,31.4
2910,2026-07-22T21:00:00.000,4.54,90.4,15.03,518.5,82.8,1.86,131,OK,28.3
3075,2026-07-22T21:07:00.000,4.47,91.2,15.22,530.9,91.1,1.64,131.06,OK,24.2
2748,2026-07-22T21:15:00.000,4.34,91.8,12.15,510.4,84.3,1.56,131.08000000000001,OK,26.8
2700,2026-07-22T21:22:00.000,4.26,91.9,12.98,493.1,83.3,1.46,131.19999999999999,OK,24.6
2802,2026-07-22T21:27:00.000,4.18,90.5,14.06,504.1,86.1,1.93,131.24,OK,25.1
2899,2026-07-22T21:35:00.000,4.16,92.3,14.61,518.5,83.7,1.53,131.32,OK,30.5
2973,2026-07-22T21:39:00.000,4.82,93.9,11.6,536.79999999999995,87.6,2.3199999999999998,131.41999999999999,OK,22.7
2933,2026-07-22T21:42:00.000,4.03,98.6,13.67,542.5,91.2,1.8,131.54,OK,38.6
2622,2026-07-22T21:46:00.000,4.76,92.5,13.79,496.2,86.3,2.82,131.63999999999999,OK,35.5
3167,2026-07-22T21:50:00.000,5.09,93.7,15.51,520.1,87.2,1.82,131.68,OK,36.4
3258,2026-07-22T21:55:00.000,4.28,96.8,13.53,574.4,92,1.86,131.76,OK,32.9
3171,2026-07-22T22:00:00.000,4.6500000000000004,98.7,13.77,564.4,92.1,1.74,131.86000000000001,OK,38.299999999999997
3073,2026-07-22T22:05:00.000,4.66,90.5,14.63,513.70000000000005,83,1.81,131.9,OK,22.2
1924,2026-07-22T22:09:00.000,4.03,92.1,10.130000000000001,431.8,86.2,1.97,131.96,OK,21.7
2425,2026-07-22T22:11:00.000,4.21,92.9,11.78,474.8,86,1.7,132.06,OK,41.6
2227,2026-07-22T22:17:00.000,3.62,90.9,11.33,475.7,88.7,1.41,132.09,OK,31
2100,2026-07-22T22:22:00.000,4.42,88.3,10.64,453.5,83,1.97,132.21,OK,22.8
3094,2026-07-22T22:29:00.000,5.05,92.1,14.03,520.6,87.1,1.77,132.25,OK,25.8
3259,2026-07-22T22:32:00.000,4.2699999999999996,102.9,15.44,599.1,95.9,1.7,132.35,WARNING,39.799999999999997
2641,2026-07-22T22:34:00.000,3.95,90.1,13.46,494.7,80.900000000000006,2.62,132.43,OK,27.1
2775,2026-07-22T22:39:00.000,3.5,98.9,13.29,530.20000000000005,93.7,1.61,132.47,OK,33.1
2456,2026-07-22T22:46:00.000,4.24,92.9,13.27,479.8,85.7,1.34,132.58000000000001,OK,35.299999999999997
2963,2026-07-22T22:51:00.000,4.26,96.2,13.35,519.70000000000005,94.3,2.14,132.63999999999999,OK,39.6
2623,2026-07-22T22:58:00.000,3.8,89.5,12.75,484.8,84.4,2.0699999999999998,132.75,OK,22.1
2313,2026-07-22T23:03:00.000,4.04,93.9,11.41,443.3,87,1.71,132.83000000000001,OK,32.200000000000003
2663,2026-07-22T23:09:00.000,3.83,100.7,11.5,482.6,92.7,1.86,132.94,WARNING,40
2374,2026-07-22T23:11:00.000,4.21,89.9,12.31,466.6,83.3,2.0299999999999998,133.01,OK,27.6
2476,2026-07-22T23:16:00.000,3.86,91,13.2,471.3,87.6,2.0699999999999998,133.03,OK,27.5
2621,2026-07-22T23:18:00.000,3.86,95.5,13.43,496.2,93.8,1.4,133.1,OK,25.1
3664,2026-07-22T23:20:00.000,4.8,95.5,16.559999999999999,580.79999999999995,87.4,1.86,133.18,OK,32.6
2944,2026-07-22T23:24:00.000,4.24,92.4,12.43,559.5,85.4,2.2400000000000002,133.22999999999999,OK,29.4
2341,2026-07-22T23:26:00.000,3.46,96.6,12.31,482.1,91,2.0299999999999998,133.32,OK,35.4
1930,2026-07-22T23:32:00.000,4.18,91.6,11.91,433.6,87.9,2.0099999999999998,133.35,OK,32.1
1440,2026-07-22T23:38:00.000,3.39,86.7,8.44,401.9,81.2,1.71,133.37,OK,34
2648,2026-07-22T23:44:00.000,4.47,95.3,12.88,535.4,89.9,1.79,133.47999999999999,WARNING,32.299999999999997
2561,2026-07-22T23:50:00.000,4.24,92.2,13.6,471.2,85,2.33,133.53,OK,43.1
1919,2026-07-22T23:58:00.000,3.09,93.3,10.3,439.7,89.9,1.28,133.6,OK,32.6
2078,2026-07-23T00:03:00.000,4.1100000000000003,85.4,10.61,431.7,78.400000000000006,1.81,133.62,OK,28.8
2152,2026-07-23T00:05:00.000,3.8,89,11.03,457.9,84.3,1.6,133.66999999999999,OK,32.200000000000003
2257,2026-07-23T00:13:00.000,3.86,93.9,12.11,468.4,87.7,1.74,133.72999999999999,OK,36.200000000000003
2598,2026-07-23T00:17:00.000,4.95,90.9,13.43,479.5,85.7,2.54,133.81,OK,34.6
1534,2026-07-23T00:22:00.000,3.73,89.1,6.95,408.7,80.400000000000006,1.08,133.88,OK,33.299999999999997
2196,2026-07-23T00:30:00.000,3.85,94.8,11.79,460.4,91.1,1.36,133.99,OK,39
2007,2026-07-23T00:33:00.000,3.7,89,10.67,441.6,81.900000000000006,2.04,134.04,OK,32.1
1723,2026-07-23T00:38:00.000,4.37,87.4,8.82,421.3,82.7,1.51,134.08000000000001,OK,24.6
2155,2026-07-23T00:43:00.000,3.87,95.5,12.33,471.3,88.9,1.32,134.19,OK,39.6
1805,2026-07-23T00:48:00.000,4.0599999999999996,91,10.41,412.8,87.3,1.26,134.30000000000001,OK,31.6
1787,2026-07-23T00:53:00.000,3.8,92.3,8.58,416.6,85.1,1.4,134.4,OK,26.4
1897,2026-07-23T00:57:00.000,3.84,88.5,10.81,420.8,82,1.69,134.47999999999999,OK,33.1
1599,2026-07-23T01:03:00.000,3.97,87.6,10.15,380.6,82.8,1.42,134.54,OK,36.1
1960,2026-07-23T01:05:00.000,3.85,94.3,9.67,437.6,85.6,1.99,134.59,OK,33.5
1565,2026-07-23T01:12:00.000,3.55,91.3,9.17,406.7,87,1.25,134.68,OK,38
2268,2026-07-23T01:18:00.000,4.17,90.1,11.36,446.5,84.7,1.36,134.76,OK,27
1730,2026-07-23T01:26:00.000,3.31,86.2,9.57,408.7,83.3,1.5,134.87,OK,24
1389,2026-07-23T01:30:00.000,3.61,91.6,8.07,398.6,88.7,1.82,134.91999999999999,OK,37.9
1705,2026-07-23T01:34:00.000,3.73,86.7,9.07,422.4,80.2,1.47,135.01,OK,24.8
1918,2026-07-23T01:39:00.000,3.57,93.4,10.77,408.5,82.1,1.0900000000000001,135.04,OK,36.1
995,2026-07-23T01:47:00.000,3.36,88.7,7.08,305.8,83.2,1.27,135.13,OK,28.7
1965,2026-07-23T01:54:00.000,3.57,92.3,11.07,435.1,83.7,1.1399999999999999,135.22,OK,37.4
1616,2026-07-23T02:02:00.000,3.33,87.7,10.119999999999999,392.8,82,1.63,135.32,OK,39.9
1462,2026-07-23T02:07:00.000,3.92,88.8,10.07,368.2,81.3,1.19,135.38999999999999,OK,27.9
1209,2026-07-23T02:09:00.000,3.65,88.8,7.05,360.1,85.1,1.01,135.5,OK,27.1
1547,2026-07-23T02:14:00.000,3.81,93.4,10.09,391.2,86.7,1.63,135.58000000000001,OK,38.299999999999997
1094,2026-07-23T02:16:00.000,3.75,88.5,7.74,340.7,83.1,0.89,135.63999999999999,OK,37.1
800,2026-07-23T02:20:00.000,3.46,79.2,6.47,301.89999999999998,74.3,0.96,135.68,OK,24
1110,2026-07-23T02:27:00.000,2.81,84.7,7.68,349.7,77.2,0.86,135.77000000000001,OK,27.9
1243,2026-07-23T02:34:00.000,3.75,86,7.73,329.7,80.8,0.91,135.83000000000001,OK,31.3
1532,2026-07-23T02:42:00.000,3.38,92.4,7.42,395.8,89,0.95,135.94,OK,38.299999999999997
1221,2026-07-23T02:50:00.000,3.21,87.1,8.52,405.7,81.5,1.25,136.05000000000001,OK,26.7
877,2026-07-23T02:58:00.000,3.37,89,7.09,346.9,85.3,1.1599999999999999,136.15,OK,35.799999999999997
1028,2026-07-23T03:00:00.000,3.67,82.6,7.38,332.6,72.5,1.27,136.19999999999999,OK,23
1248,2026-07-23T03:02:00.000,3.58,87.3,6.55,381.7,78.8,0.89,136.27000000000001,OK,29
1449,2026-07-23T03:05:00.000,3.5,84.1,8.73,400.6,80,1.1000000000000001,136.37,OK,37.700000000000003
1491,2026-07-23T03:10:00.000,3.88,86.2,9.1199999999999992,390.2,79.2,1.29,136.4,OK,26.6
800,2026-07-23T03:16:00.000,3.29,80.7,7.97,298.3,72.599999999999994,0.65,136.43,OK,27.8
1191,2026-07-23T03:19:00.000,3.45,93.3,8.02,356.7,83.6,1.23,136.47,OK,38.9
1429,2026-07-23T03:22:00.000,3.15,88.8,6.93,370.5,83.6,1.53,136.56,OK,29.4
838,2026-07-23T03:25:00.000,2.71,87.4,6.9,304.8,78,1.49,136.65,OK,34.700000000000003
1760,2026-07-23T03:31:00.000,3.6,87.1,10.72,426.7,77.599999999999994,1.46,136.68,OK,33.799999999999997
944,2026-07-23T03:37:00.000,2.89,86.3,6.51,368.2,81.2,0.71,136.75,OK,33.9
1461,2026-07-23T03:40:00.000,3.98,89.4,7.23,388.4,86.1,1.34,136.80000000000001,OK,29.5
1334,2026-07-23T03:47:00.000,2.96,85.2,9.86,359.9,81.900000000000006,1.25,136.85,OK,30.1
840,2026-07-23T03:51:00.000,2.93,85.7,6.55,337,79.8,0.83,136.97,OK,36.799999999999997
1076,2026-07-23T03:54:00.000,2.66,91.1,6.78,372.8,86.1,1.27,137.03,OK,38.4
1538,2026-07-23T04:01:00.000,3.72,87.6,9.6,381.6,83.4,1.36,137.08000000000001,OK,37.9
864,2026-07-23T04:09:00.000,2.98,85.1,5.68,331.9,76.2,1.1100000000000001,137.18,OK,33.799999999999997
1105,2026-07-23T04:16:00.000,3.94,83.9,6.52,322.10000000000002,78.8,1.54,137.27000000000001,OK,28.3
800,2026-07-23T04:18:00.000,3.3,84.9,5.96,323.7,79,0.8,137.37,OK,26.1
1155,2026-07-23T04:20:00.000,3.21,90.8,7.76,347.1,87.2,1.46,137.41999999999999,OK,39.4
881,2026-07-23T04:27:00.000,3.24,90.1,6.04,340.9,84.9,0.89,137.44999999999999,WARNING,32.799999999999997
1201,2026-07-23T04:35:00.000,3.53,87.4,8.2100000000000009,353.2,79.599999999999994,1.48,137.5,OK,28.7
800,2026-07-23T04:43:00.000,3.37,91.2,6.92,330.9,87,1.07,137.56,OK,42.5
1120,2026-07-23T04:49:00.000,3.65,90.5,7.4,390.8,79.400000000000006,0.98,137.6,OK,42.5
883,2026-07-23T04:51:00.000,3.09,83.1,6.41,328.3,75.5,1.25,137.69,OK,34.6
800,2026-07-23T04:59:00.000,2.85,85.7,7.06,330.2,80.3,2.14,137.74,OK,32.6
1032,2026-07-23T05:04:00.000,3.42,86.4,7.65,342.4,81.2,2.11,137.86000000000001,WARNING,31.2
1442,2026-07-23T05:09:00.000,4.07,93.1,7.58,364.8,88.6,1.52,137.93,OK,40.6
800,2026-07-23T05:12:00.000,3.61,85,7.4,312.39999999999998,77,0.96,137.97,OK,30.8
800,2026-07-23T05:19:00.000,3.81,86.5,6.99,315.89999999999998,81.3,1.23,138.06,OK,39.700000000000003
1466,2026-07-23T05:24:00.000,4.0999999999999996,88.2,8.15,395.1,83.1,1.58,138.12,OK,39.700000000000003
1199,2026-07-23T05:29:00.000,2.98,86.9,6.22,366.3,83.8,0.83,138.13999999999999,OK,33.1
892,2026-07-23T05:36:00.000,3.19,85.6,6.88,335.9,78.3,0.7,138.21,OK,31.9
1114,2026-07-23T05:39:00.000,3.29,86.6,7.6,365.9,81.099999999999994,1.23,138.27000000000001,OK,24.9
800,2026-07-23T05:44:00.000,3.21,84,6.54,303.3,75.400000000000006,1.71,138.34,OK,34.200000000000003
1885,2026-07-23T05:52:00.000,3.77,95.1,11.34,464.5,92.4,1.1000000000000001,138.4,OK,27.8
1336,2026-07-23T05:56:00.000,3.85,86.3,8.15,346.9,77.599999999999994,1.01,138.43,OK,34.9
1630,2026-07-23T06:04:00.000,3.07,84.2,9.5500000000000007,375.7,78,2.36,138.52000000000001,OK,25
1071,2026-07-23T06:11:00.000,3.57,88.1,7.76,356.3,80.8,1.19,138.58000000000001,OK,32.4
800,2026-07-23T06:18:00.000,3.4,82.2,5.9,301.8,78.5,0.84,138.61000000000001,OK,31.7
1232,2026-07-23T06:23:00.000,3.61,86.9,8.51,364.3,81.400000000000006,1.58,138.72999999999999,OK,29.7
1504,2026-07-23T06:29:00.000,3.34,87.9,9.99,378.6,79.5,2.0099999999999998,138.82,OK,36.200000000000003
1529,2026-07-23T06:33:00.000,3.75,91.5,8.48,404.3,84.7,1.8,138.86000000000001,OK,36.5
800,2026-07-23T06:41:00.000,2.96,87.2,4.66,324.5,83.1,0.73,138.96,OK,37.1
1171,2026-07-23T06:44:00.000,3.42,90.6,6.89,354.6,85.4,0.86,139.01,OK,34.4
800,2026-07-23T06:51:00.000,3.07,88.5,6.36,326.60000000000002,82.6,1.04,139.09,OK,40
917,2026-07-23T06:58:00.000,2.96,86.3,5.29,364.8,79.7,1.41,139.12,OK,32.700000000000003
1341,2026-07-23T07:01:00.000,2.88,87.9,7.72,373.4,81.7,1.1200000000000001,139.16999999999999,OK,29.9
1616,2026-07-23T07:05:00.000,3.96,84.3,9.19,373.5,78.8,1.1200000000000001,139.28,OK,22.4
1243,2026-07-23T07:08:00.000,3.25,85.7,8.43,335.6,82,0.94,139.38999999999999,OK,32.200000000000003
800,2026-07-23T07:14:00.000,3.09,84,7.19,310.39999999999998,75.900000000000006,1.23,139.47999999999999,OK,23.8
1406,2026-07-23T07:21:00.000,3.64,88.9,8.74,385.6,85.9,1.04,139.51,OK,28.8
916,2026-07-23T07:23:00.000,2.82,82.9,6.55,351.3,73.599999999999994,1.05,139.62,OK,22.9
1129,2026-07-23T07:25:00.000,3.55,87.4,7.09,368.2,80.7,1.17,139.66999999999999,OK,35.799999999999997
1280,2026-07-23T07:28:00.000,3.51,88.5,7.93,358.5,85.9,2.25,139.75,OK,39.6
1033,2026-07-23T07:35:00.000,2.81,87.2,7.84,326.10000000000002,81.099999999999994,1.26,139.83000000000001,OK,31.1
1509,2026-07-23T07:41:00.000,3.32,89.6,9.26,389.1,81.7,1.69,139.87,WARNING,35.700000000000003
1570,2026-07-23T07:44:00.000,3.91,89.3,9.02,395.6,88.3,1.1000000000000001,139.91999999999999,OK,27.4
1687,2026-07-23T07:46:00.000,4.07,88.7,10.59,401,79.8,1.29,139.99,OK,35.4
1846,2026-07-23T07:52:00.000,4.07,89,9.67,431.4,84,1.21,140.01,OK,28
1319,2026-07-23T07:55:00.000,3.15,90.6,9.1,362.4,82.3,1.19,140.06,OK,28.1
961,2026-07-23T08:00:00.000,2.99,91.4,6.47,342.7,83.1,0.96,140.11000000000001,WARNING,32.5
1017,2026-07-23T08:02:00.000,2.89,85.6,6.06,346.7,74.099999999999994,1.01,140.18,OK,31
2043,2026-07-23T08:04:00.000,4.08,93.2,10.72,421.9,87.9,1.59,140.29,OK,27.8
2025,2026-07-23T08:10:00.000,3.35,95.7,8.9600000000000009,452,88.5,1.3,140.4,OK,38.6
1952,2026-07-23T08:15:00.000,4.4000000000000004,90.9,10.07,448.4,87.8,1.45,140.44,OK,25.1
1303,2026-07-23T08:20:00.000,3.43,85.7,8.7799999999999994,379.8,78.599999999999994,1.59,140.53,OK,41.8
2123,2026-07-23T08:28:00.000,3.81,89,11.64,446.3,77.5,1.6,140.58000000000001,OK,37
1498,2026-07-23T08:35:00.000,3.39,87,9.9499999999999993,371.1,82.8,2.16,140.69,OK,30.9
1703,2026-07-23T08:42:00.000,3.42,89.1,8.83,396,82.7,1.5,140.74,OK,35.4
1898,2026-07-23T08:46:00.000,3.77,89.1,9.18,423.4,84.3,1.66,140.84,OK,36
2077,2026-07-23T08:48:00.000,3.53,92.5,11.36,449.7,90.9,2.0699999999999998,140.91999999999999,OK,31.9
1851,2026-07-23T08:52:00.000,4.07,91.8,9.31,411.2,82.1,1.1200000000000001,141.02000000000001,OK,32.5
2170,2026-07-23T08:57:00.000,4.1399999999999997,98.4,11.29,469.2,96.3,1.6,141.08000000000001,OK,41.3
1721,2026-07-23T09:03:00.000,3.74,89.9,8.6,402.2,79.400000000000006,1.0900000000000001,141.12,OK,39.299999999999997
1673,2026-07-23T09:06:00.000,3.93,90,8.9499999999999993,402.5,81.7,1.1200000000000001,141.19999999999999,OK,41
1660,2026-07-23T09:13:00.000,3.32,91.3,8.86,418.1,84.7,1.94,141.24,OK,38.299999999999997
1398,2026-07-23T09:16:00.000,3.12,85.7,8.3800000000000008,339.8,84.3,1.32,141.33000000000001,OK,35.1
849,2026-07-23T09:18:00.000,3.3,90.3,6.37,333.2,81.900000000000006,1.53,141.4,OK,31.8
2221,2026-07-23T09:26:00.000,3.91,90.3,11.47,453.9,84.1,1.58,141.41999999999999,OK,29.8
1804,2026-07-23T09:31:00.000,3.73,90.9,10.01,404.7,88,1.34,141.46,OK,36.6
2175,2026-07-23T09:35:00.000,3.53,93.7,11.54,486,88.5,5.77,141.53,OK,39.200000000000003
2153,2026-07-23T09:43:00.000,3.95,89.5,10.73,434.2,80.7,1.35,141.57,OK,25.5
2029,2026-07-23T09:49:00.000,3.43,91.9,11.04,454,82.2,1.1499999999999999,141.59,OK,38.5
2333,2026-07-23T09:52:00.000,4.3099999999999996,100.3,12.6,491.8,97.6,1.69,141.69,WARNING,40.5
2408,2026-07-23T09:55:00.000,4.05,91,10.88,480.7,86.8,2.35,141.77000000000001,OK,24.6
1729,2026-07-23T09:58:00.000,4.1399999999999997,91.9,8.66,398.7,82.5,1.58,141.86000000000001,OK,36.4
2629,2026-07-23T10:05:00.000,4.22,94.6,13.34,511,92.2,2.37,141.94999999999999,OK,41
2425,2026-07-23T10:09:00.000,3.76,95.9,12.7,472.7,88.3,1.76,142,OK,38.5
1846,2026-07-23T10:16:00.000,4.0199999999999996,88.7,9.67,387.8,83.4,2.44,142.03,OK,26.2
1955,2026-07-23T10:23:00.000,3.38,93,10.88,435.8,87.8,1.52,142.08000000000001,OK,39.200000000000003
1777,2026-07-23T10:30:00.000,3.6,89.5,9.3800000000000008,418.3,81.599999999999994,1.23,142.16999999999999,OK,26.2
2462,2026-07-23T10:37:00.000,4.01,93.2,12.1,494.3,82.1,1.6,142.29,OK,24.7
2210,2026-07-23T10:39:00.000,3.14,92.5,11.22,448.4,87.8,1.92,142.38999999999999,OK,28.2
1429,2026-07-23T10:41:00.000,4.0199999999999996,87.6,8.61,409.7,84.3,6.9,142.43,OK,29.5
2138,2026-07-23T10:49:00.000,4.07,92.8,12.23,452.9,83.3,1.63,142.52000000000001,OK,37.6
2228,2026-07-23T10:56:00.000,3.48,88.4,13.53,469.4,84.6,1.84,142.55000000000001,OK,29.6
2428,2026-07-23T11:02:00.000,4.18,91.9,10.77,488.7,84.9,1.88,142.59,OK,30.6
1882,2026-07-23T11:06:00.000,3.37,89.2,9.58,432.5,87.1,1.64,142.69,OK,26.6
2491,2026-07-23T11:08:00.000,4.1900000000000004,94.7,11.59,505.6,90.6,1.68,142.80000000000001,OK,29.6
3005,2026-07-23T11:16:00.000,4.0999999999999996,91.2,15.26,525.5,89.8,2.04,142.87,OK,39.5
2574,2026-07-23T11:21:00.000,4.1500000000000004,94.4,13.58,503.4,85.5,1.45,142.97,OK,33.1
2744,2026-07-23T11:25:00.000,4.38,93.6,13.91,507.8,84.9,1.5,142.99,OK,37.6
3113,2026-07-23T11:32:00.000,4.51,97.7,14.04,546.70000000000005,92.9,2.0499999999999998,143.11000000000001,OK,32.200000000000003
2562,2026-07-23T11:40:00.000,4,95.8,12.66,485.9,88.7,2.09,143.18,OK,28.8
2578,2026-07-23T11:47:00.000,3.9,94.9,11.1,494.9,89,1.42,143.27000000000001,OK,38.799999999999997
2771,2026-07-23T11:50:00.000,4.0999999999999996,99.5,13.86,540.1,95.1,2.29,143.36000000000001,OK,38.700000000000003
2369,2026-07-23T11:53:00.000,4.37,93.4,12.14,485,90,1.73,143.46,OK,27.2
2463,2026-07-23T11:57:00.000,4.24,93.5,11.7,490,86.9,1.41,143.56,OK,33.200000000000003
2019,2026-07-23T12:01:00.000,4.1399999999999997,87.1,11.27,425.6,81.3,1.25,143.58000000000001,OK,32.9
3560,2026-07-23T12:05:00.000,4.66,99.4,15.78,581.29999999999995,93.8,2.7,143.69999999999999,OK,35.1
3077,2026-07-23T12:08:00.000,4.8,93,12.6,526.79999999999995,86.7,2.04,143.74,OK,29.9
2480,2026-07-23T12:16:00.000,4.67,86.6,13.33,494.9,80.2,1.44,143.77000000000001,OK,35.1
3196,2026-07-23T12:22:00.000,4.05,92.2,16.25,560.6,82.1,1.96,143.87,OK,27.5
2580,2026-07-23T12:29:00.000,3.72,98.6,11.3,478.1,92.3,1.51,143.9,OK,39.200000000000003
2911,2026-07-23T12:31:00.000,4.71,94.2,13.93,539.4,85.8,2.3199999999999998,143.94999999999999,OK,28.3
2934,2026-07-23T12:35:00.000,4.91,98.1,15.11,550.5,91.7,1.89,144.07,OK,32.200000000000003
2780,2026-07-23T12:37:00.000,3.83,97.7,12.04,521.5,89.7,2.34,144.13999999999999,OK,30
2675,2026-07-23T12:42:00.000,3.72,93.9,10.95,527.29999999999995,88.6,1.5,144.19,OK,29.8
3405,2026-07-23T12:44:00.000,4.34,97.2,15.21,557.9,94.2,1.8,144.22,OK,38.6
3034,2026-07-23T12:46:00.000,4.2699999999999996,91.3,14.2,535.29999999999995,92.8,1.69,144.34,OK,26.3
3616,2026-07-23T12:51:00.000,4.74,100.9,17.309999999999999,618.5,95.3,1.96,144.41999999999999,WARNING,44.3
2684,2026-07-23T12:56:00.000,4.4800000000000004,92.8,14.95,512.29999999999995,80.5,1.5,144.47,OK,36.6
2904,2026-07-23T13:03:00.000,4.28,93,14.27,550.79999999999995,85,1.79,144.5,OK,36
3074,2026-07-23T13:07:00.000,5.0199999999999996,96.4,12.69,533,92,2.1,144.61000000000001,OK,41.9
3496,2026-07-23T13:14:00.000,4.63,98.3,16.14,569,90.3,2.2000000000000002,144.63,OK,38.299999999999997
2853,2026-07-23T13:19:00.000,4.0599999999999996,94.4,13.36,510.2,87.2,1.83,144.72,OK,33.799999999999997
3347,2026-07-23T13:24:00.000,4.22,98,16.079999999999998,565.4,92.4,1.94,144.79,OK,37.9
3286,2026-07-23T13:32:00.000,4.4000000000000004,95.2,13.3,592.9,89.7,2.1800000000000002,144.88,OK,22.4
3683,2026-07-23T13:35:00.000,4.8099999999999996,99.5,17.22,592.1,94.8,2.2200000000000002,144.93,OK,38.6
3374,2026-07-23T13:37:00.000,4.54,97.5,16.73,567.4,92.7,2.16,144.99,OK,26.8
2588,2026-07-23T13:43:00.000,3.97,97.6,12.76,482.8,93.9,1.42,145.04,OK,41.6
2877,2026-07-23T13:50:00.000,4.16,98.4,14.62,518.5,96.3,1.87,145.07,OK,36.9
2910,2026-07-23T13:52:00.000,4.07,93.4,14.39,526,84.9,1.56,145.16,OK,27.5
3103,2026-07-23T13:58:00.000,4.54,93.5,12.42,507.8,90.1,2.19,145.25,OK,35.6
3738,2026-07-23T14:06:00.000,5.47,99.6,16.73,604,88.9,2.39,145.33000000000001,OK,38.9
3195,2026-07-23T14:11:00.000,4.4000000000000004,93.9,14.99,536.6,89.6,1.8,145.37,OK,32.9
3312,2026-07-23T14:19:00.000,4.68,96.4,14.14,567.4,88.1,2.12,145.4,OK,23.1
3233,2026-07-23T14:26:00.000,4.3899999999999997,91.3,15.1,566.9,82.1,1.82,145.52000000000001,OK,26.8
3511,2026-07-23T14:34:00.000,5.25,98.5,14.31,578.4,92.7,2.17,145.62,OK,32.700000000000003
3080,2026-07-23T14:41:00.000,4.21,96.7,14.3,545.79999999999995,87,2.1,145.66999999999999,OK,34.6
3283,2026-07-23T14:44:00.000,4.3899999999999997,96.4,15.39,554,91.3,2.62,145.78,OK,24.1
3287,2026-07-23T14:52:00.000,3.97,97.3,17.2,577.6,93.2,2.46,145.84,OK,32.5
3335,2026-07-23T14:59:00.000,3.89,98.3,14.36,565,90.7,1.88,145.96,OK,38.799999999999997
3169,2026-07-23T15:01:00.000,4.41,94.9,15.26,564.79999999999995,89.6,2.11,146.07,OK,38.700000000000003
2906,2026-07-23T15:03:00.000,4.07,100.7,12.58,536.79999999999995,98.8,1.56,146.16,WARNING,38.299999999999997
3706,2026-07-23T15:09:00.000,4.9400000000000004,98.9,17.5,626.79999999999995,92.3,2.68,146.19999999999999,OK,34.799999999999997
3344,2026-07-23T15:16:00.000,4.75,97.3,15.16,575.79999999999995,92.9,2.71,146.32,OK,37.9
3784,2026-07-23T15:20:00.000,4.8899999999999997,97.8,17.260000000000002,609.70000000000005,95.1,2.23,146.4,OK,27.1
3560,2026-07-23T15:27:00.000,4.84,99.4,15.15,604.79999999999995,95.1,2.2799999999999998,146.5,OK,27.3
3576,2026-07-23T15:29:00.000,4.92,96.9,16.5,614.29999999999995,91.1,2.17,146.58000000000001,OK,31.1
3794,2026-07-23T15:34:00.000,4.9400000000000004,100.7,16.25,637.1,95.8,2.06,146.69,WARNING,28.2
4309,2026-07-23T15:40:00.000,4.91,110.9,18.47,650,93.5,2.39,146.72,WARNING,28.8
3856,2026-07-23T15:42:00.000,4.54,101.4,16,618.6,92.5,2.44,146.80000000000001,WARNING,34
3710,2026-07-23T15:46:00.000,4.66,100.9,16.170000000000002,610.4,95.7,2.19,146.87,WARNING,39.6
3501,2026-07-23T15:48:00.000,4.51,98.1,16,578.9,88,2.58,146.97,OK,27.7
3838,2026-07-23T15:55:00.000,4.8899999999999997,100.9,16.920000000000002,604.29999999999995,91.5,1.92,147.06,WARNING,31.2
3134,2026-07-23T16:01:00.000,4.8,96.1,15.58,556.4,90,2.21,147.15,OK,28.6
3597,2026-07-23T16:05:00.000,4.5599999999999996,101.6,15.57,560,94.2,2.4,147.22999999999999,WARNING,31.1
3835,2026-07-23T16:08:00.000,4.91,98.3,18.36,619.79999999999995,91.6,2.2999999999999998,147.28,OK,30.8
3717,2026-07-23T16:10:00.000,5.44,101.4,16.2,628.20000000000005,96.4,2.11,147.33000000000001,WARNING,32.200000000000003
3352,2026-07-23T16:14:00.000,4.71,94.9,16.7,577.9,89.5,2.68,147.38999999999999,OK,30.5
3532,2026-07-23T16:22:00.000,4.84,99,16.16,598.9,92.2,1.77,147.5,OK,33.4
3251,2026-07-23T16:27:00.000,5.1100000000000003,95.2,16.739999999999998,529.4,88.7,2.21,147.53,OK,35.9
3089,2026-07-23T16:33:00.000,4.38,93.1,14.46,564.29999999999995,91.8,1.79,147.57,OK,30.1
3858,2026-07-23T16:37:00.000,5.04,102.9,15.59,616.5,99.2,2.76,147.65,WARNING,34.200000000000003
3189,2026-07-23T16:43:00.000,4.13,101.6,14.45,568.6,96.6,1.66,147.69,WARNING,33.200000000000003
3177,2026-07-23T16:50:00.000,4.37,94.5,14.61,542.6,92.3,2.2200000000000002,147.72,OK,27.5
3174,2026-07-23T16:57:00.000,4.37,94.2,16.079999999999998,545.9,86.3,2.5299999999999998,147.82,OK,34.9
3067,2026-07-23T17:05:00.000,4.58,95.1,12.65,552.1,93.4,1.97,147.9,OK,30.4
3045,2026-07-23T17:08:00.000,5.17,91.8,13.34,552,84.6,1.67,148.01,OK,25.2
2682,2026-07-23T17:14:00.000,3.88,98.6,13.08,506.9,91.9,1.5,148.07,OK,38.1
2730,2026-07-23T17:17:00.000,4.62,93.6,13.34,510.3,91.4,1.7,148.1,OK,24.3
3192,2026-07-23T17:24:00.000,4.7699999999999996,97.4,15.8,537.6,94.9,1.77,148.13,OK,31.4
3404,2026-07-23T17:26:00.000,4.68,97.1,13.65,589.29999999999995,87.1,1.8,148.22,OK,33.6
2643,2026-07-23T17:28:00.000,4.2699999999999996,94,12.11,468.5,91.5,1.62,148.30000000000001,OK,40.4
3277,2026-07-23T17:36:00.000,4.76,99.1,15.73,543.4,92.5,2.12,148.35,OK,32
3646,2026-07-23T17:38:00.000,4.75,98,16.21,561.29999999999995,89.9,2.5099999999999998,148.38,OK,32.5
3015,2026-07-23T17:43:00.000,4.25,93.6,14.69,528.79999999999995,89.8,4.5199999999999996,148.47,OK,35.5
2817,2026-07-23T17:45:00.000,4.6399999999999997,97.1,13.24,518.6,89,1.89,148.55000000000001,OK,27.1
3124,2026-07-23T17:50:00.000,4.33,102.4,15.37,561.1,97.6,1.57,148.63,WARNING,33.6
3308,2026-07-23T17:55:00.000,4.58,98.6,14.48,582.79999999999995,91.2,1.69,148.69999999999999,OK,38.6
2911,2026-07-23T17:58:00.000,3.98,94.5,13.46,520.1,90.8,2.2599999999999998,148.76,OK,27
3420,2026-07-23T18:00:00.000,4.53,102.5,15.42,589.29999999999995,92.8,2.06,148.83000000000001,WARNING,35.299999999999997
3230,2026-07-23T18:05:00.000,4.01,96.1,14.15,534.5,95.5,2.02,148.91,OK,34.200000000000003
3651,2026-07-23T18:11:00.000,4.7699999999999996,99.9,16.38,608.29999999999995,94.8,2.21,148.93,OK,27.8
2435,2026-07-23T18:14:00.000,3.57,92.6,11.63,474.1,85.7,1.63,148.97,OK,37.200000000000003
2507,2026-07-23T18:22:00.000,3.48,94.8,12.56,484.2,89.9,1.35,148.99,OK,34.1
2832,2026-07-23T18:24:00.000,3.8,92.1,13.65,514.20000000000005,86.8,2.17,149.1,OK,31.9
2487,2026-07-23T18:31:00.000,4.25,93.2,11.53,474.1,84.4,1.92,149.19999999999999,OK,35.4
3483,2026-07-23T18:39:00.000,4.33,95.1,16.190000000000001,574.70000000000005,90.9,1.78,149.30000000000001,OK,39.299999999999997
2990,2026-07-23T18:44:00.000,4.3099999999999996,97.2,14.18,555.5,92.4,1.52,149.4,OK,35.200000000000003
2768,2026-07-23T18:52:00.000,4.01,95.7,12.66,531.79999999999995,88.2,1.52,149.47,OK,34.1
3403,2026-07-23T18:57:00.000,4.7699999999999996,95.4,16.2,573.9,92.4,2.17,149.56,OK,35.9
2936,2026-07-23T19:05:00.000,3.66,101.9,13.88,534,94.8,1.7,149.66,WARNING,37.799999999999997
2735,2026-07-23T19:13:00.000,4.21,94.3,14.04,498.5,88.8,1.7,149.72,OK,32.1
2508,2026-07-23T19:16:00.000,3.94,94.7,13.56,474.3,89.5,1.66,149.81,OK,39.799999999999997
2950,2026-07-23T19:24:00.000,4.62,94.2,12.84,545.9,85.6,1.74,149.87,OK,38.4
2911,2026-07-23T19:27:00.000,4.51,97.5,15.21,529.5,95.4,1.87,149.96,OK,34.9
2940,2026-07-23T19:35:00.000,3.6,94.7,14.29,499.6,87,2.5499999999999998,150.02000000000001,OK,39.700000000000003
2956,2026-07-23T19:38:00.000,4.72,99,14.13,515.9,93.3,1.64,150.1,OK,40.200000000000003
3154,2026-07-23T19:46:00.000,4.8600000000000003,92.7,13.92,529.29999999999995,86.9,1.69,150.16999999999999,OK,27.9
2329,2026-07-23T19:53:00.000,4.1500000000000004,93.8,11.96,427.5,85.9,2.04,150.22999999999999,OK,33.799999999999997
3373,2026-07-23T19:55:00.000,4.0999999999999996,97,13.31,559.29999999999995,92.1,2.02,150.33000000000001,OK,34.5
3192,2026-07-23T20:00:00.000,4.62,100.3,13.68,524.79999999999995,92.9,2.12,150.38,WARNING,41.1
3134,2026-07-23T20:06:00.000,4.7300000000000004,92.8,12.79,547,84.3,1.58,150.41999999999999,OK,33
2432,2026-07-23T20:13:00.000,3.94,94.1,11.89,481.4,91.4,1.46,150.54,OK,32.9
2225,2026-07-23T20:21:00.000,4.3099999999999996,88.6,12.51,470.1,82.4,1.73,150.58000000000001,OK,28.9
2482,2026-07-23T20:27:00.000,4.6900000000000004,91.7,12.42,488.3,86.4,1.58,150.63999999999999,OK,33.6
2515,2026-07-23T20:33:00.000,3.95,95.2,12.84,530,86.7,1.58,150.69,OK,34.5
2687,2026-07-23T20:36:00.000,3.87,95.7,12.69,501.6,89.9,2.42,150.75,OK,39.1
2299,2026-07-23T20:39:00.000,3.91,93.1,11.56,459.6,87.9,1.72,150.84,OK,32.299999999999997
2650,2026-07-23T20:46:00.000,4.33,97.3,11.16,521.9,93.2,1.73,150.94999999999999,OK,38.799999999999997
2176,2026-07-23T20:53:00.000,3.92,91.4,12.06,458.5,84.4,1.72,151.05000000000001,OK,29.5
2284,2026-07-23T20:56:00.000,3.66,90.2,11.95,463.2,86.8,1.49,151.11000000000001,OK,25.8
2490,2026-07-23T20:58:00.000,4.55,88.5,12.92,494,82.8,1.41,151.16999999999999,OK,24
2250,2026-07-23T21:05:00.000,3.83,99.1,11.68,488.3,95.4,1.29,151.22999999999999,OK,38.700000000000003
1941,2026-07-23T21:13:00.000,3.99,91.5,9.8800000000000008,406.5,85.7,1.47,151.32,OK,30.2
1832,2026-07-23T21:20:00.000,3.96,89.2,10.37,418.5,83.9,1.63,151.4,OK,28.6
2490,2026-07-23T21:25:00.000,4.05,91.2,11.95,489.4,82.8,1.38,151.44999999999999,OK,27.9
2261,2026-07-23T21:33:00.000,4.17,93.8,11.34,426.8,85.6,1.3,151.52000000000001,OK,37.200000000000003
2543,2026-07-23T21:39:00.000,4.7300000000000004,92.7,13.42,477.7,83.4,1.73,151.62,OK,30.1
2429,2026-07-23T21:44:00.000,4.38,92.7,12.91,487,87.5,1.52,151.69,OK,26.8
1900,2026-07-23T21:50:00.000,3.24,86.8,9.7200000000000006,438.2,76.2,1.68,151.71,OK,23.3
2321,2026-07-23T21:55:00.000,3.89,97.2,11.96,470.6,94.8,1.49,151.77000000000001,OK,35.200000000000003
2063,2026-07-23T21:58:00.000,3.57,95.7,11.69,434.2,88.1,1.23,151.83000000000001,OK,43.4
1870,2026-07-23T22:00:00.000,4.21,86.3,8.7200000000000006,421.7,80.2,1.38,151.91999999999999,OK,34.299999999999997
2809,2026-07-23T22:06:00.000,4.24,97.6,13.43,518.5,89.7,1.82,152.01,OK,42.2
2673,2026-07-23T22:10:00.000,4.0999999999999996,97.8,12.96,499.2,91.9,1.63,152.1,OK,39.799999999999997
2051,2026-07-23T22:16:00.000,3.37,86.3,9.16,414.8,78.2,1.46,152.22,OK,26.4
1498,2026-07-23T22:23:00.000,4.5599999999999996,93.8,7.88,389.9,87.7,1.1399999999999999,152.30000000000001,OK,41.9
1600,2026-07-23T22:25:00.000,3.65,88,8,374.4,79.3,2.0699999999999998,152.34,OK,21.4
1550,2026-07-23T22:30:00.000,3.55,85.8,8.81,379.3,83.4,1.24,152.44,OK,32.9
1997,2026-07-23T22:36:00.000,3.29,90.4,10.68,436.2,83.3,1.48,152.54,OK,32.4
1819,2026-07-23T22:44:00.000,3.8,88.4,8.59,408.4,82.7,1.56,152.62,OK,36.799999999999997
1548,2026-07-23T22:52:00.000,3.52,91.7,8.27,427.2,87.3,1.36,152.72,OK,35.1
2354,2026-07-23T22:57:00.000,4.0999999999999996,89.1,11.57,465.4,83,1.63,152.74,OK,29.1
1454,2026-07-23T23:00:00.000,3.04,87.2,10.24,397.5,79,1.56,152.86000000000001,OK,36.6
2231,2026-07-23T23:02:00.000,3.37,91,10.8,461,83.3,1.85,152.94,OK,28
1963,2026-07-23T23:04:00.000,4.32,97.7,10.32,426.5,92.2,1.1499999999999999,153.06,OK,39.6
1754,2026-07-23T23:12:00.000,3.22,95.1,9.92,412.4,88.7,1.5,153.18,OK,41.4
1231,2026-07-23T23:18:00.000,3.6,85.6,9.3699999999999992,359.1,78.5,1.22,153.19999999999999,OK,34.799999999999997
2041,2026-07-23T23:23:00.000,3.77,88.4,10.78,428.6,83,1.1499999999999999,153.26,OK,33.700000000000003
2146,2026-07-23T23:27:00.000,4.24,92.7,12.62,453.6,87.9,1.94,153.36000000000001,OK,43
1515,2026-07-23T23:32:00.000,3.66,84.8,7.44,376.2,77.400000000000006,1.7,153.44,OK,30.7
1846,2026-07-23T23:37:00.000,3.75,92.4,10.61,427.9,88.4,1.1599999999999999,153.47999999999999,OK,33.200000000000003
1422,2026-07-23T23:44:00.000,3.54,89.7,7.75,398.9,84.5,1.0900000000000001,153.53,OK,31.1
1892,2026-07-23T23:52:00.000,3.48,91.6,9.9,441.9,83.6,1.4,153.56,OK,28
1012,2026-07-23T23:57:00.000,2.88,85.1,6.64,346.3,81.099999999999994,0.76,153.6,OK,26.1
1670,2026-07-24T00:02:00.000,3.54,90.6,8.3800000000000008,410.4,82.3,1.02,153.71,OK,35.9
800,2026-07-24T00:07:00.000,2.65,82.1,7.29,301.5,80,1.07,153.81,OK,29
874,2026-07-24T00:14:00.000,2.44,87.3,5.67,348.4,82.6,1.18,153.88,OK,35
894,2026-07-24T00:20:00.000,3.24,87.9,6.04,307.5,83.8,0.71,153.96,OK,27.4
1251,2026-07-24T00:26:00.000,3.32,86.5,7.67,359.6,80.3,1.1499999999999999,154.01,OK,32.5
919,2026-07-24T00:30:00.000,3.54,88.1,6.11,323.5,84.4,1.2,154.11000000000001,OK,36.200000000000003
904,2026-07-24T00:37:00.000,3.51,86.2,6.93,342.2,78.2,1.44,154.18,OK,32.4
1131,2026-07-24T00:45:00.000,3.52,87,5.76,380.5,84.2,1.22,154.25,OK,37.700000000000003
1133,2026-07-24T00:47:00.000,3.5,88.2,6.65,351.2,81.900000000000006,0.97,154.36000000000001,OK,31.8
800,2026-07-24T00:55:00.000,2.84,89,5.62,352,83.5,1.23,154.43,OK,27.7
800,2026-07-24T00:57:00.000,3.27,90.2,5.52,321.7,86.8,1.04,154.47999999999999,OK,37
836,2026-07-24T01:01:00.000,2.99,82.7,7.66,312.8,73.5,0.69,154.5,OK,28.8
1471,2026-07-24T01:08:00.000,3.71,90.4,8.26,379.8,83.1,1.34,154.53,OK,38.5
2031,2026-07-24T01:15:00.000,4.8,91.8,10.17,460.5,84.1,1.44,154.59,OK,28
1606,2026-07-24T01:20:00.000,2.76,89.6,9.2799999999999994,418.6,85.2,1.84,154.62,OK,33.200000000000003
959,2026-07-24T01:23:00.000,3.54,82.3,7.77,327.7,75.900000000000006,0.73,154.71,OK,29.4
1219,2026-07-24T01:31:00.000,3.45,83.5,7.18,366.9,71.2,2.0299999999999998,154.78,OK,24.2
1063,2026-07-24T01:37:00.000,3.05,90.2,7.45,344.7,84.8,1.55,154.85,OK,40
1004,2026-07-24T01:41:00.000,3.5,89,5.86,362.2,82.5,1.06,154.96,OK,23.1
1084,2026-07-24T01:43:00.000,2.88,86,7.58,341.6,78.7,0.82,155.02000000000001,OK,35.5
1135,2026-07-24T01:48:00.000,4.0999999999999996,83.3,7.43,363.6,79.400000000000006,0.79,155.07,OK,26.8
800,2026-07-24T01:53:00.000,3.5,88.3,5.35,338.4,81,1.06,155.13999999999999,OK,31.9
808,2026-07-24T02:00:00.000,2.97,84.8,4.78,329.4,77.7,0.72,155.18,OK,27
1004,2026-07-24T02:05:00.000,2.59,86.9,8.09,310.2,79.8,1.02,155.26,OK,37.799999999999997
1848,2026-07-24T02:08:00.000,3.53,88.6,10.79,432.9,78.5,1.19,155.37,OK,27.8
1233,2026-07-24T02:12:00.000,3.9,86.6,8.2899999999999991,381.3,85.1,1.68,155.43,OK,30.2
1392,2026-07-24T02:18:00.000,4.1500000000000004,88.6,9.5399999999999991,383.8,84.2,1.57,155.49,OK,26.3
965,2026-07-24T02:24:00.000,3.17,85.2,7.36,350.8,86.3,1.51,155.58000000000001,OK,25.6
1505,2026-07-24T02:30:00.000,3.84,84.5,7.92,384,78.599999999999994,1.1299999999999999,155.66,OK,31
1100,2026-07-24T02:38:00.000,3.18,86.3,7.53,339,82.8,1.26,155.77000000000001,OK,31.1
1289,2026-07-24T02:43:00.000,3.28,92.6,9.3800000000000008,375.1,85.1,1.51,155.79,OK,33.299999999999997
1062,2026-07-24T02:45:00.000,2.95,90.6,6.73,376.8,85.6,1.01,155.82,OK,36.9
1195,2026-07-24T02:50:00.000,3.85,88.8,7.41,368.6,85.2,1.1299999999999999,155.88,OK,25.6
837,2026-07-24T02:55:00.000,2.95,82.9,6.77,311.60000000000002,71.8,1.87,155.94999999999999,OK,29.5
1646,2026-07-24T03:03:00.000,3.75,90.7,10.62,419.7,84.4,1.0900000000000001,156.04,OK,34.1
841,2026-07-24T03:10:00.000,3.23,86.6,7.05,339.9,81,1.45,156.13,OK,26.4
800,2026-07-24T03:17:00.000,4.08,84.8,5.53,341.3,80.2,0.77,156.21,OK,28.5
1074,2026-07-24T03:20:00.000,3.29,89.9,7.36,337.1,82.9,0.83,156.29,OK,33.1
1679,2026-07-24T03:25:00.000,3.47,89,9.4700000000000006,396.4,85.8,1.64,156.33000000000001,OK,39.1
800,2026-07-24T03:30:00.000,2.88,87.6,6.89,347.3,83.1,0.67,156.37,OK,38.1
973,2026-07-24T03:33:00.000,3.59,84.2,5.67,332.9,71.599999999999994,0.94,156.47999999999999,OK,29.7
1134,2026-07-24T03:38:00.000,4.03,89,6.26,317.7,84.5,1.29,156.57,OK,25.2
800,2026-07-24T03:42:00.000,3.77,87.1,6.2,301.60000000000002,85.5,0.77,156.6,OK,38.9
800,2026-07-24T03:46:00.000,2.98,85.7,6.28,336.1,82.2,0.87,156.63,OK,35.1
1466,2026-07-24T03:50:00.000,3.82,87.6,7.87,378.2,78.8,1.33,156.66999999999999,OK,40.1
1109,2026-07-24T03:53:00.000,2.96,87.4,7.45,343.3,80.400000000000006,0.78,156.76,OK,25.9
800,2026-07-24T04:00:00.000,3.13,87.6,6.32,350.4,83.7,0.97,156.80000000000001,OK,36
996,2026-07-24T04:06:00.000,2.79,85.7,8.64,344.1,84.3,1.22,156.9,OK,29.5
923,2026-07-24T04:10:00.000,3.21,89.3,6.37,355,85.1,1.02,156.93,OK,38.9
1135,2026-07-24T04:12:00.000,2.95,90.3,6.42,362.8,80.2,0.96,156.96,WARNING,34.5
1215,2026-07-24T04:19:00.000,3.36,87.6,9.06,357,77.400000000000006,1.53,157.08000000000001,OK,31.1
800,2026-07-24T04:21:00.000,3.59,88.7,5.8,302.60000000000002,79.8,1.06,157.12,OK,40.4
1643,2026-07-24T04:26:00.000,3.32,89.9,9.6300000000000008,397.7,82.5,1.55,157.21,OK,29.3
1218,2026-07-24T04:33:00.000,3.29,83,8.7799999999999994,351.5,77.400000000000006,1.18,157.27000000000001,OK,32.4
985,2026-07-24T04:39:00.000,3.6,86,8.4700000000000006,322.8,80,1.44,157.31,OK,26.1
1535,2026-07-24T04:44:00.000,3.47,84.5,9.01,398.5,73.2,1.07,157.35,OK,31.5
882,2026-07-24T04:52:00.000,2.8,83.7,5.54,316.2,74.5,1.01,157.47,OK,23.3
1152,2026-07-24T04:59:00.000,3.2,87.2,7.9,358.5,82.2,0.82,157.54,OK,27.1
855,2026-07-24T05:03:00.000,3.23,81.8,6.39,314.89999999999998,73.599999999999994,1.03,157.58000000000001,OK,34.6
1561,2026-07-24T05:11:00.000,3.8,88.3,8.01,382,84.3,1.07,157.65,OK,29.3
1738,2026-07-24T05:13:00.000,3.06,88.2,10.44,389,82.5,1.72,157.71,OK,29.6
1476,2026-07-24T05:16:00.000,3.72,89.6,9.44,379.9,84.6,1.32,157.75,OK,38.799999999999997
1296,2026-07-24T05:22:00.000,3.48,90,9.27,370.2,76.7,0.89,157.84,OK,33.5
938,2026-07-24T05:27:00.000,2.4500000000000002,90.9,6.98,344.5,89.8,0.83,157.91,OK,32.200000000000003
1247,2026-07-24T05:35:00.000,3.28,90.6,6.37,363.4,82.7,1.08,157.94999999999999,OK,37.299999999999997
1511,2026-07-24T05:42:00.000,3.6,87.9,10.47,390.7,78,2.2200000000000002,158.06,OK,28.7
1252,2026-07-24T05:44:00.000,3.12,85.8,6.61,367.5,81.599999999999994,1.89,158.11000000000001,OK,38.9
1317,2026-07-24T05:48:00.000,3.05,90.2,7.31,387.3,84.1,1.58,158.18,OK,27.9
1108,2026-07-24T05:52:00.000,3.29,88.6,6.91,372,84.1,1.34,158.29,OK,40.799999999999997
1265,2026-07-24T05:58:00.000,3.43,84.7,8.4700000000000006,379.2,80.2,1.03,158.41,OK,37.6
1037,2026-07-24T06:06:00.000,2.56,84.9,6.86,328.2,81.7,0.83,158.47,OK,36.9
1672,2026-07-24T06:11:00.000,3.44,85.3,9.92,402.4,75.099999999999994,1.35,158.5,OK,28.5
1619,2026-07-24T06:15:00.000,3.34,87.3,8.15,421.8,80.099999999999994,1.41,158.52000000000001,OK,35.700000000000003
1661,2026-07-24T06:17:00.000,3.13,92.7,9.1,402.8,89.3,1.32,158.57,OK,35.4
1528,2026-07-24T06:22:00.000,3.86,88.2,9.66,412,82.1,1.63,158.66999999999999,OK,28.1
1474,2026-07-24T06:24:00.000,3.86,88.8,9.67,392.9,83.1,1.71,158.76,OK,28.1
1604,2026-07-24T06:28:00.000,3.17,81.099999999999994,9.83,367.3,76.3,0.99,158.81,OK,28.1
1587,2026-07-24T06:30:00.000,3.51,91.3,9.4700000000000006,431.1,85.9,1.82,158.91999999999999,OK,33.5
1817,2026-07-24T06:34:00.000,3.87,90.4,9.27,433.6,84,1.7,158.97999999999999,OK,27.4
2433,2026-07-24T06:37:00.000,4.45,88.5,11.29,479.9,80.5,1.87,159.06,OK,33
1754,2026-07-24T06:42:00.000,4.03,86.2,10.33,415.3,78.900000000000006,1.1499999999999999,159.13999999999999,OK,30.3
1641,2026-07-24T06:50:00.000,3.48,91.5,9.32,411.2,85,1.88,159.19999999999999,OK,29.7
1790,2026-07-24T06:52:00.000,3.75,88.7,8.9700000000000006,408.8,80.3,1.17,159.30000000000001,OK,33.299999999999997
1734,2026-07-24T06:57:00.000,4.0599999999999996,89.8,10.37,423.5,84.2,1.1200000000000001,159.34,OK,22.4
1762,2026-07-24T06:59:00.000,3.54,90.7,9.14,411.1,81.7,1.47,159.38999999999999,OK,35.799999999999997
1760,2026-07-24T07:07:00.000,3.36,90.6,10.92,400.1,85,1.85,159.44999999999999,OK,40.700000000000003
2234,2026-07-24T07:11:00.000,4.34,92.6,10.88,450.1,83,1.6,159.51,OK,36.4
2259,2026-07-24T07:15:00.000,3.65,86.5,10.82,429.9,83.3,1.27,159.6,OK,30.1
2370,2026-07-24T07:18:00.000,3.4,94.6,11.26,473.1,83.8,1.87,159.62,OK,36.700000000000003
2473,2026-07-24T07:20:00.000,4.21,90.1,11.88,463.5,85.6,1.37,159.72,OK,32.799999999999997
1986,2026-07-24T07:23:00.000,4.1100000000000003,86.5,11,421.5,83.4,1.45,159.80000000000001,OK,33.299999999999997
1595,2026-07-24T07:25:00.000,4.0599999999999996,84.9,8.9600000000000009,371.5,83.6,1.1399999999999999,159.84,OK,30.4
2863,2026-07-24T07:28:00.000,4.57,90.6,14.98,491.8,83.2,1.55,159.93,OK,24.8
1413,2026-07-24T07:33:00.000,3.76,89.2,8.3699999999999992,412.5,82.4,1.25,159.99,OK,30.3
2114,2026-07-24T07:41:00.000,3.5,91,9.9700000000000006,450,86,1.46,160.09,OK,38.6
1764,2026-07-24T07:48:00.000,3.81,91,9.8699999999999992,412.3,82.7,1.43,160.21,OK,29.4
2434,2026-07-24T07:52:00.000,4.25,94.6,13.84,473.2,86,1.43,160.26,OK,30.8
1988,2026-07-24T07:54:00.000,3.58,92.9,10.45,445.2,85.8,1.34,160.28,OK,30.9
2749,2026-07-24T08:02:00.000,4.2,97.8,11.56,515.79999999999995,94,1.56,160.4,OK,28.3
2464,2026-07-24T08:08:00.000,4.46,95.5,11.35,482,92.3,1.87,160.47999999999999,OK,37.799999999999997
2941,2026-07-24T08:14:00.000,4.62,98.2,14.09,539,88.9,2.23,160.56,OK,39
2477,2026-07-24T08:18:00.000,4.54,89.5,10.47,487.9,83.9,1.35,160.63999999999999,OK,24.9
2877,2026-07-24T08:24:00.000,4.18,89.4,15.03,482.2,83.5,1.88,160.69,OK,34.1
2120,2026-07-24T08:30:00.000,4.42,92,10.55,451,83.8,1.33,160.78,OK,31.4
2874,2026-07-24T08:36:00.000,4.1500000000000004,91.3,10.95,523.29999999999995,85.7,1.95,160.88999999999999,OK,32.1
2511,2026-07-24T08:39:00.000,3.63,89.8,14.5,479,84.6,1.82,160.93,WARNING,33
2670,2026-07-24T08:42:00.000,4.1900000000000004,89.5,14.17,474.1,79.400000000000006,1.75,160.99,WARNING,26.5
2939,2026-07-24T08:44:00.000,4.29,96.7,13.26,525.6,91.2,1.56,161.02000000000001,OK,32.6
2778,2026-07-24T08:51:00.000,3.94,95.5,12.42,513,90.5,2.04,161.08000000000001,OK,27.3
2394,2026-07-24T08:54:00.000,4.18,92.5,11.79,479.3,87.6,1.57,161.12,OK,30.2
2527,2026-07-24T08:59:00.000,4.9800000000000004,92.1,13.82,500.6,83.2,1.86,161.16999999999999,OK,38.799999999999997
2355,2026-07-24T09:07:00.000,4.21,90.5,11.75,484.3,84.9,1.36,161.28,OK,27.4
3002,2026-07-24T09:15:00.000,4.66,97.2,12.73,533.6,86.9,1.58,161.34,OK,25.9
2657,2026-07-24T09:17:00.000,4.47,91.4,13.97,503.4,90,1.57,161.44,OK,25.4
2647,2026-07-24T09:25:00.000,3.99,92.3,13.22,496.7,85.5,2.86,161.46,OK,31.3
2901,2026-07-24T09:31:00.000,3.9,100.3,12.4,546,96,1.53,161.54,WARNING,40.4
2773,2026-07-24T09:37:00.000,4.1399999999999997,100.4,12.58,532.70000000000005,96.1,1.52,161.61000000000001,WARNING,34
3290,2026-07-24T09:41:00.000,4.5599999999999996,95,14.86,570.20000000000005,87.8,1.98,161.72,OK,29.2
3180,2026-07-24T09:49:00.000,4.96,93.7,14.49,545.70000000000005,88.1,2.5299999999999998,161.76,OK,39.1
3182,2026-07-24T09:57:00.000,4.2,97.1,15.47,571.6,91.5,1.76,161.87,OK,35.4
2807,2026-07-24T09:59:00.000,4.2699999999999996,95.6,14.32,526.20000000000005,90.1,1.78,161.97,OK,40.4
3224,2026-07-24T10:05:00.000,4.46,100.6,15.12,556.20000000000005,91.8,1.92,162.05000000000001,WARNING,34.700000000000003
3175,2026-07-24T10:08:00.000,4.3899999999999997,94.3,15.59,550.4,88,1.73,162.15,OK,37.799999999999997
2595,2026-07-24T10:14:00.000,4.3600000000000003,91.8,13,482.9,82.2,2.52,162.25,OK,34.700000000000003
2956,2026-07-24T10:22:00.000,4.42,96.7,12.94,539.4,95.4,2.1,162.33000000000001,OK,42.5
3003,2026-07-24T10:28:00.000,4.84,97,14.05,542.1,88.6,1.58,162.41,OK,32.200000000000003
3607,2026-07-24T10:32:00.000,4.79,95.6,15.66,588.1,90.6,1.93,162.53,OK,33.200000000000003
2957,2026-07-24T10:40:00.000,3.66,96.3,14.89,516.4,93.4,1.94,162.63,OK,26.3
3292,2026-07-24T10:46:00.000,4.18,97.4,14.4,572.4,89.1,2.09,162.69,OK,40.4
3598,2026-07-24T10:51:00.000,4.57,93.7,16.399999999999999,590.1,88.8,2.1,162.74,OK,30.5
2838,2026-07-24T10:59:00.000,3.44,92.6,12.86,496.4,84.5,1.59,162.77000000000001,OK,32.799999999999997
3276,2026-07-24T11:04:00.000,4.2,92.7,13.51,565.4,89,1.91,162.80000000000001,OK,30.6
3907,2026-07-24T11:10:00.000,5.24,97.9,17.25,615.70000000000005,95.3,2.4,162.87,OK,39.4
2663,2026-07-24T11:18:00.000,3.63,96.9,13.09,490.6,93.8,1.57,162.94,OK,25.2
3015,2026-07-24T11:24:00.000,4.54,97.9,14.98,547.4,93,1.67,163.05000000000001,OK,41
3338,2026-07-24T11:29:00.000,4.08,114.3,15.83,558.79999999999995,95.3,2.31,163.12,WARNING,35.299999999999997
3385,2026-07-24T11:32:00.000,4.58,97.7,14.25,548,91.3,1.82,163.21,OK,39
3326,2026-07-24T11:34:00.000,4.54,98.5,15.12,570.9,94.9,2.09,163.29,OK,33.299999999999997
3475,2026-07-24T11:42:00.000,4.76,94.7,14.7,564.5,88.6,1.96,163.36000000000001,OK,29.6
3738,2026-07-24T11:47:00.000,4.25,102.1,15.85,613.9,96.2,2.48,163.41,WARNING,29.4
3328,2026-07-24T11:51:00.000,4.93,95.3,15.41,585.79999999999995,86.8,2.2599999999999998,163.43,OK,29
3294,2026-07-24T11:56:00.000,4.42,93.2,15.49,575,90.3,1.78,163.53,OK,27.1
3538,2026-07-24T11:58:00.000,4.38,95,14.47,577.70000000000005,88.3,1.89,163.59,OK,34.1
4036,2026-07-24T12:03:00.000,5.14,97.4,17.920000000000002,628.9,96.1,1.95,163.63,OK,33.9
3559,2026-07-24T12:11:00.000,4.72,93.4,16.23,553.79999999999995,89.2,1.81,163.69,OK,27.6
3721,2026-07-24T12:18:00.000,4.49,102,15.51,593.79999999999995,92.5,2.7,163.74,WARNING,29.2
2814,2026-07-24T12:20:00.000,4.12,95,13.23,533.1,89.2,1.56,163.84,OK,36.6
3309,2026-07-24T12:23:00.000,3.57,94.8,14.12,577.9,91,1.85,163.95,OK,27.6
2953,2026-07-24T12:26:00.000,4.21,102,12.19,568.20000000000005,92.4,2.38,164.01,WARNING,27
3388,2026-07-24T12:32:00.000,4.43,98.8,16.29,562.1,92.8,2.2400000000000002,164.09,OK,24.1
3887,2026-07-24T12:35:00.000,4.72,98,17.920000000000002,616.29999999999995,91.5,2.1800000000000002,164.17,OK,39.700000000000003
2940,2026-07-24T12:40:00.000,4.03,100.1,13.63,518.1,97.5,1.95,164.22,WARNING,39.200000000000003
4003,2026-07-24T12:44:00.000,5.14,100.3,17.91,632,92.6,2.37,164.29,WARNING,38
3396,2026-07-24T12:49:00.000,4.7300000000000004,98.7,14.38,593.20000000000005,96.4,2.0699999999999998,164.36,OK,40
3711,2026-07-24T12:52:00.000,4.8899999999999997,96,17.260000000000002,608.5,89,2.0099999999999998,164.4,OK,28.6
3760,2026-07-24T12:56:00.000,4.43,99,16.809999999999999,600.4,89.7,2.62,164.5,OK,35.1
4098,2026-07-24T12:59:00.000,4.7699999999999996,99.2,16.72,638.70000000000005,94.9,2.1,164.57,OK,34.6
3603,2026-07-24T13:01:00.000,3.73,98,16.39,571.5,91.6,1.77,164.62,OK,35.9
3093,2026-07-24T13:06:00.000,4.58,95.9,14.66,531.1,88.8,1.76,164.69,OK,37
3750,2026-07-24T13:10:00.000,5.25,99.6,16.170000000000002,614.20000000000005,95.4,2.2200000000000002,164.75,OK,31.5
2458,2026-07-24T13:17:00.000,3.33,94.4,10.74,504.8,90.2,1.35,164.86,OK,33.4
3072,2026-07-24T13:25:00.000,4.7699999999999996,94.9,13.81,540.70000000000005,87.5,1.56,164.91,OK,28
3182,2026-07-24T13:31:00.000,4.87,97.9,15.66,580.79999999999995,93.2,2.04,164.94,OK,24.7
2644,2026-07-24T13:39:00.000,3.85,94.7,13.38,522.79999999999995,90.8,1.76,165.05,OK,25.4
3964,2026-07-24T13:43:00.000,5.81,102.2,17.66,644.4,101.2,2.23,165.12,WARNING,29.5
3833,2026-07-24T13:47:00.000,4.5199999999999996,98,16.29,614.29999999999995,90.3,2.12,165.24,OK,35.9
3518,2026-07-24T13:54:00.000,4.51,96.1,15.29,581.29999999999995,93.6,3.24,165.29,WARNING,37.799999999999997
3695,2026-07-24T14:01:00.000,4.6500000000000004,101.3,15.62,588.4,95.9,2.38,165.35,WARNING,41.1
3472,2026-07-24T14:05:00.000,4.8099999999999996,98.4,15.81,577,91.1,2.6,165.42,OK,32.299999999999997
3637,2026-07-24T14:11:00.000,4.46,95.3,16.420000000000002,562.5,91.8,2.5499999999999998,165.47,OK,31.1
3766,2026-07-24T14:15:00.000,4.6100000000000003,100.5,17.7,597.6,97.1,2.68,165.57,WARNING,36.299999999999997
2807,2026-07-24T14:20:00.000,3.84,90.2,11.98,514.70000000000005,80.900000000000006,1.66,165.69,OK,32.5
3622,2026-07-24T14:24:00.000,4.79,95.5,15.98,591.4,87.8,2.56,165.77,OK,25.4
3685,2026-07-24T14:27:00.000,5.29,92.5,15.8,616.9,89.1,1.86,165.83,OK,21.8
3070,2026-07-24T14:31:00.000,4.32,97.9,14.29,523,96.8,1.71,165.92,OK,37.299999999999997
3182,2026-07-24T14:35:00.000,4.68,100.3,15.24,587.20000000000005,94.2,1.79,166,WARNING,41.3
2978,2026-07-24T14:41:00.000,4.28,90.9,13.31,530.20000000000005,85.6,1.76,166.12,OK,36
3343,2026-07-24T14:43:00.000,5.2,86.7,15.85,563.1,81.099999999999994,1.75,166.21,OK,22.8
3355,2026-07-24T14:51:00.000,4.5599999999999996,100.5,15.76,597.1,94.2,2,166.28,WARNING,31
3271,2026-07-24T14:59:00.000,4.17,95.6,14.67,569.1,90.5,2.4900000000000002,166.31,OK,40.299999999999997
2917,2026-07-24T15:05:00.000,4.37,94.3,14.56,483.2,88.3,1.73,166.35,OK,35.1
3648,2026-07-24T15:11:00.000,4.67,97,16.71,626.1,93.3,2.14,166.39,OK,38.200000000000003
2946,2026-07-24T15:19:00.000,4.22,100,13.2,528.6,96.3,2.23,166.5,OK,40.200000000000003
3325,2026-07-24T15:27:00.000,4.66,100.3,14.46,562.6,95,1.85,166.61,WARNING,37.1
3388,2026-07-24T15:31:00.000,4.0599999999999996,96.2,16.13,584.1,90.7,1.84,166.67,OK,32.299999999999997
2493,2026-07-24T15:38:00.000,4.01,95,11.73,474.5,90.2,1.94,166.77,OK,33.299999999999997
3189,2026-07-24T15:40:00.000,4.87,94.8,15.26,557.5,86.1,1.76,166.84,OK,24.2
3490,2026-07-24T15:46:00.000,5.08,100.2,14.72,554,96,2.36,166.96,WARNING,40.200000000000003
3025,2026-07-24T15:49:00.000,4.1399999999999997,95.4,14.98,535.6,86.4,2.3199999999999998,167.06,OK,26
3322,2026-07-24T15:51:00.000,3.98,97.1,13.7,571.79999999999995,93.1,1.67,167.17,OK,34
2748,2026-07-24T15:58:00.000,4.78,93,11.69,496,86.3,2.33,167.21,OK,32.5
3331,2026-07-24T16:04:00.000,4.2,101.1,14.74,558.20000000000005,93.1,2.2799999999999998,167.3,WARNING,40.5
2541,2026-07-24T16:08:00.000,3.97,94.1,13.53,506,88,1.64,167.33,OK,34
2907,2026-07-24T16:15:00.000,4.03,95.4,14.63,526,89.1,1.56,167.36,OK,34.4
3323,2026-07-24T16:18:00.000,4.51,98.4,15.75,557.20000000000005,89,2,167.4,OK,37.9
3279,2026-07-24T16:26:00.000,4.34,95.3,15.47,567.70000000000005,90.6,1.83,167.44,OK,33.700000000000003
2386,2026-07-24T16:33:00.000,4.3600000000000003,89.9,11.21,458.3,84.1,1.78,167.47,OK,34.700000000000003
2740,2026-07-24T16:35:00.000,4.49,92.9,11.77,480,87.8,1.45,167.57,OK,33.700000000000003
2580,2026-07-24T16:42:00.000,3.67,95.2,13.72,471.7,85.6,2.14,167.66,OK,37.200000000000003
3176,2026-07-24T16:50:00.000,3.96,94.2,15.64,547.70000000000005,87.3,1.75,167.78,OK,25.5
2710,2026-07-24T16:53:00.000,3.82,93.4,12.11,501,91.4,1.58,167.89,OK,40.700000000000003
2761,2026-07-24T16:58:00.000,4.0599999999999996,89.3,13.35,499.7,82.7,1.53,167.93,OK,26.5
2851,2026-07-24T17:04:00.000,4.51,93.6,13.3,523.70000000000005,89.2,1.76,168.02,OK,40.200000000000003
2230,2026-07-24T17:08:00.000,4.05,92.9,10.38,431,86.8,1.81,168.07,OK,38.200000000000003
2731,2026-07-24T17:15:00.000,4.74,98.4,11.79,522.5,89.5,1.54,168.14,OK,33.299999999999997
2245,2026-07-24T17:22:00.000,3.75,89.4,11.61,446.9,86.1,1.85,168.21,OK,34
2398,2026-07-24T17:27:00.000,3.64,95.3,11.75,481,92.5,1.35,168.29,OK,35.9
2386,2026-07-24T17:35:00.000,4.09,86.5,11.44,477.9,84.4,1.61,168.32,OK,22
2682,2026-07-24T17:39:00.000,3.56,96.6,12.79,528.9,88.4,1.72,168.42,OK,35.5
2206,2026-07-24T17:45:00.000,4,88.8,11.16,439.5,84.4,1.97,168.46,OK,27.3
2288,2026-07-24T17:52:00.000,3.76,93.3,11.79,481.8,85.6,1.4,168.55,OK,38
2538,2026-07-24T17:57:00.000,4.8,93.7,13.48,499.1,86.5,1.59,168.64,OK,27
2880,2026-07-24T18:05:00.000,4.25,93.5,14.42,518.1,82.5,1.57,168.71,OK,26.3
2519,2026-07-24T18:07:00.000,4.8099999999999996,94,13.03,497.2,86.6,1.62,168.79,OK,33
2731,2026-07-24T18:12:00.000,4.37,94.5,12.64,501.7,91.2,1.83,168.91,OK,33
1562,2026-07-24T18:20:00.000,3.79,93.4,8.34,386,85.1,1.19,168.95,OK,31.6
2778,2026-07-24T18:27:00.000,4.4400000000000004,90.8,12.61,524.29999999999995,81.2,1.89,168.99,OK,30.8
1946,2026-07-24T18:34:00.000,3.28,88,11.11,425.8,76.2,2.08,169.07,OK,23.2
2003,2026-07-24T18:36:00.000,4.3099999999999996,89.8,11.2,463.4,82.2,1.53,169.1,OK,27.6
2865,2026-07-24T18:38:00.000,4.62,90,11.99,537.6,81.900000000000006,2,169.21,OK,22.1
2216,2026-07-24T18:42:00.000,3.95,93.9,12.15,443.1,80.400000000000006,1.5,169.28,OK,32.700000000000003
1864,2026-07-24T18:45:00.000,3.26,90.4,10.26,450,85.4,1.18,169.38,OK,37.1
1882,2026-07-24T18:48:00.000,3.14,92.6,10.11,427.7,84.1,1.5,169.45,OK,33
1582,2026-07-24T18:55:00.000,3.49,89.6,10.029999999999999,405.8,82.3,1.77,169.48,OK,33.6
2042,2026-07-24T18:57:00.000,4.16,89.9,10.9,445.9,80.5,2.0699999999999998,169.56,OK,31.3
1889,2026-07-24T19:03:00.000,3.75,93.8,9.31,417.6,86.1,1.88,169.64,OK,28.7
2212,2026-07-24T19:06:00.000,4.09,88.2,10.56,447.7,87.4,2.37,169.69,OK,36.1
2549,2026-07-24T19:09:00.000,4.66,92.8,12.62,508.5,84,1.72,169.79,OK,24.2
1480,2026-07-24T19:17:00.000,3.8,92.1,8.84,397.6,89.8,1.1200000000000001,169.89,OK,32.5
2098,2026-07-24T19:23:00.000,4.1500000000000004,88.2,11.4,424.1,86.2,2.0299999999999998,169.95,OK,34.799999999999997
1324,2026-07-24T19:27:00.000,3.68,88.4,10.210000000000001,388.4,81.8,1.06,170,OK,34.700000000000003
1984,2026-07-24T19:29:00.000,3.93,93.9,11.57,423.1,84.8,1.62,170.03,OK,40
1393,2026-07-24T19:37:00.000,3.7,87.6,7.57,393.2,85.2,1.27,170.12,OK,38.5
1304,2026-07-24T19:45:00.000,3.58,90.9,8.1199999999999992,398.7,85.1,1.8,170.18,OK,39.200000000000003
2640,2026-07-24T19:53:00.000,4.34,97.2,12.48,489.2,85.8,2.21,170.22,OK,32
2472,2026-07-24T20:00:00.000,5.32,94.3,12.39,502.3,88.3,2.04,170.26,OK,30.2
1445,2026-07-24T20:05:00.000,3.44,91.8,7.66,404,85.1,1.21,170.37,OK,27
2331,2026-07-24T20:10:00.000,3.26,88,10.36,490.8,84,1.32,170.47,OK,25.6
1625,2026-07-24T20:18:00.000,3.24,88.8,7.97,383.5,82.4,1.27,170.59,OK,32.799999999999997
1133,2026-07-24T20:20:00.000,3.75,85.3,5.24,332.6,82.4,1.48,170.68,OK,40.6
1814,2026-07-24T20:24:00.000,3.86,89.8,9.19,410.7,84.8,1.5,170.74,OK,36.1
1893,2026-07-24T20:31:00.000,3.65,91.8,12.03,412.8,84.9,1.25,170.79,OK,32.9
1799,2026-07-24T20:36:00.000,3.86,89.3,9.3800000000000008,458.2,83.9,1.0900000000000001,170.86,OK,26.8
919,2026-07-24T20:43:00.000,3.57,83.3,6.99,331.3,79.599999999999994,1.31,170.93,OK,26.8
1086,2026-07-24T20:50:00.000,3.52,85.3,6.32,349.5,78.900000000000006,1.44,171,OK,27.5
1791,2026-07-24T20:53:00.000,4.25,85.2,9.0399999999999991,436,82.5,1.33,171.04,OK,33.200000000000003
1036,2026-07-24T21:01:00.000,3.94,87.3,6.23,337.8,84.5,0.79,171.08,OK,34.5
1773,2026-07-24T21:05:00.000,3.98,93.3,9.14,428.2,86.8,1.1299999999999999,171.18,OK,30.5
1267,2026-07-24T21:11:00.000,3.45,82.2,7.91,336.6,73.400000000000006,0.86,171.23,OK,25.8
800,2026-07-24T21:13:00.000,3.64,84.7,7.28,316.89999999999998,78.3,1.31,171.33,OK,29.2
889,2026-07-24T21:18:00.000,2.93,88.1,7.83,360.3,84.7,0.69,171.38,OK,27.1
1488,2026-07-24T21:26:00.000,3.15,86.2,9.31,405.3,77,1.22,171.47,WARNING,33
1485,2026-07-24T21:28:00.000,3.15,86.5,9.36,392.8,83,1.36,171.5,OK,25.8
1836,2026-07-24T21:34:00.000,3.62,91.9,9.58,422.6,83.8,1.47,171.58,WARNING,27.6
1277,2026-07-24T21:39:00.000,2.99,93.2,9.84,377.4,87,1.06,171.68,OK,28.4
1181,2026-07-24T21:41:00.000,3.48,87.9,6.95,367.1,81.8,1.1599999999999999,171.75,OK,32.1
1862,2026-07-24T21:47:00.000,3.97,90.4,9.9600000000000009,396.8,82.3,1.07,171.83,OK,29.3
922,2026-07-24T21:50:00.000,3.91,81.3,6.37,353,73,0.73,171.94,OK,24.9
1100,2026-07-24T21:56:00.000,3.21,86.2,8.25,327.3,82.2,1.03,172.06,OK,25.8
1349,2026-07-24T22:00:00.000,3.88,85.6,7.82,354.7,79,1.86,172.16,OK,26
854,2026-07-24T22:04:00.000,3.25,88.1,6.64,301.10000000000002,85.1,1.1299999999999999,172.18,OK,38
1308,2026-07-24T22:10:00.000,3.68,88.7,8.92,383.5,79.5,1.69,172.23,OK,31
1139,2026-07-24T22:17:00.000,4,86.2,6.53,383.5,80.3,1.1100000000000001,172.27,OK,31
1521,2026-07-24T22:24:00.000,3.81,92.5,9.3699999999999992,378,89.7,0.94,172.37,OK,34.4
965,2026-07-24T22:27:00.000,2.98,86.4,7.19,330,79.2,0.84,172.43,OK,27.4
875,2026-07-24T22:29:00.000,2.8,86.1,5.83,322.10000000000002,80.599999999999994,1.27,172.51,OK,40.299999999999997
1759,2026-07-24T22:37:00.000,3.19,88.8,9.15,402.1,81.7,1.74,172.62,OK,40.700000000000003
1374,2026-07-24T22:39:00.000,2.84,89.9,8.2100000000000009,378.3,81.900000000000006,1.62,172.71,OK,24.9
1446,2026-07-24T22:47:00.000,3.32,92.5,8.76,388.2,85.5,1.1599999999999999,172.75,OK,37.5
1349,2026-07-24T22:55:00.000,3.52,89.5,9.52,391,83.7,1.05,172.77,OK,35.700000000000003
812,2026-07-24T22:58:00.000,3.18,84.5,7.96,322,79,1.04,172.84,OK,40.700000000000003
800,2026-07-24T23:03:00.000,2.95,84.6,5.63,299.7,76.599999999999994,0.89,172.93,OK,31.3
800,2026-07-24T23:09:00.000,2.4900000000000002,87,8.6,344.5,83.3,1.06,173,OK,32.799999999999997
825,2026-07-24T23:13:00.000,3.65,82.6,5.98,342.1,75.2,0.72,173.06,OK,29.1
1440,2026-07-24T23:21:00.000,3.2,95.4,10.19,386.1,95,1.1399999999999999,173.08,OK,41.3
1006,2026-07-24T23:29:00.000,3.47,84.6,8.31,353.4,81.3,1.1399999999999999,173.11,OK,36.9
1340,2026-07-24T23:33:00.000,3.14,83.3,7.28,385.7,80,1.52,173.17,OK,25.3
1295,2026-07-24T23:37:00.000,2.85,89.4,6.77,372,90.9,1.26,173.27,OK,36.799999999999997
1565,2026-07-24T23:44:00.000,3.36,94.7,9.09,397.7,89.1,1.66,173.33,OK,42.7
1283,2026-07-24T23:51:00.000,3.69,80.599999999999994,8.8000000000000007,382.1,77.400000000000006,0.94,173.36,OK,29.3
1075,2026-07-24T23:59:00.000,2.73,85.4,7.29,346.5,78,1.3,173.45,OK,35.299999999999997
800,2026-07-25T00:01:00.000,3.09,80.900000000000006,6.34,333.9,74.2,0.66,173.54,OK,40.9
1680,2026-07-25T00:09:00.000,3.57,92.5,9.7799999999999994,448.6,84.4,1.0900000000000001,173.61,OK,31.4
1374,2026-07-25T00:11:00.000,3.35,86.1,6.9,388.3,80.7,0.94,173.65,OK,32.700000000000003
1151,2026-07-25T00:19:00.000,2.87,90.9,7.63,340.3,80.400000000000006,1.32,173.73,OK,30.6
1079,2026-07-25T00:22:00.000,3.31,81.3,6.55,329,71.099999999999994,1.2,173.78,OK,27.3
800,2026-07-25T00:27:00.000,2.93,93.5,5.97,306.10000000000002,80.8,0.66,173.85,OK,33.700000000000003
1160,2026-07-25T00:34:00.000,2.84,87.9,6.41,365.4,76.5,0.97,173.95,OK,38.799999999999997
831,2026-07-25T00:40:00.000,3.59,85.2,5.23,294.8,80.5,0.93,174.07,OK,25.6
800,2026-07-25T00:48:00.000,3.5,85.5,6.59,322.8,83.1,1.1200000000000001,174.12,OK,31.5
858,2026-07-25T00:52:00.000,2.97,85.4,6.38,317.10000000000002,76.400000000000006,1.03,174.18,OK,37.299999999999997
1119,2026-07-25T00:55:00.000,3.19,80,8.9,310.10000000000002,74.900000000000006,0.78,174.26,OK,28.8
1173,2026-07-25T01:00:00.000,3.32,88.4,7.26,359.6,84.8,1.51,174.31,OK,39.9
800,2026-07-25T01:02:00.000,3.46,84.7,6.97,299.89999999999998,76,1.0900000000000001,174.36,OK,30.7
800,2026-07-25T01:06:00.000,3.62,85.3,7.36,309.2,78.5,0.94,174.48,OK,36.200000000000003
963,2026-07-25T01:12:00.000,2.71,88.6,7.03,353.4,83.2,0.8,174.59,OK,28.2
1279,2026-07-25T01:19:00.000,3.77,86.4,8.1999999999999993,363.9,80.5,1.1599999999999999,174.62,OK,29.8
813,2026-07-25T01:23:00.000,3.16,90.2,7.45,347.4,87.5,0.92,174.66,OK,36
947,2026-07-25T01:27:00.000,3.19,85,8.01,347.8,80.099999999999994,1.03,174.73,OK,22.5
1181,2026-07-25T01:33:00.000,2.95,86.6,8.18,375.5,77.099999999999994,0.91,174.77,OK,24
841,2026-07-25T01:40:00.000,3.11,86.9,7.7,347.2,84,1.04,174.81,OK,28.3
800,2026-07-25T01:43:00.000,3.12,84.7,6.48,315.89999999999998,75.599999999999994,0.67,174.84,OK,25.1
1265,2026-07-25T01:49:00.000,3.31,85.2,6.95,360.3,77.2,1.27,174.94,OK,26.7
800,2026-07-25T01:56:00.000,3.06,89.3,6.58,312.5,83.3,1.55,175.05,OK,42.5
1303,2026-07-25T02:03:00.000,3.79,89.5,7.46,378.9,83.6,1.25,175.07,OK,30.3
1126,2026-07-25T02:09:00.000,3.42,89.4,8.57,358.8,83.3,0.85,175.16,OK,36.700000000000003
1141,2026-07-25T02:11:00.000,3.73,82.5,7.25,332.7,77.5,1.1200000000000001,175.21,OK,28.8
852,2026-07-25T02:19:00.000,2.64,90.1,7.29,335.5,84.3,0.82,175.25,OK,41.3
1140,2026-07-25T02:22:00.000,3.21,88,6.77,370.7,85.3,1.42,175.29,OK,28.5
968,2026-07-25T02:25:00.000,3.06,87.5,5.95,335.3,82.2,0.74,175.4,OK,28.7
2292,2026-07-25T02:33:00.000,4.18,92.1,11.33,468,82.2,1.64,175.43,OK,35.200000000000003
1034,2026-07-25T02:38:00.000,3.37,86,5.94,349.7,79.099999999999994,1.07,175.49,OK,37.4
1699,2026-07-25T02:43:00.000,3.93,89.1,10.15,416.9,79.900000000000006,1.05,175.6,OK,30.8
1159,2026-07-25T02:45:00.000,3.88,90.2,8.65,370.1,79.8,0.82,175.7,OK,35.200000000000003
1463,2026-07-25T02:52:00.000,3.63,86.2,9.15,377.7,82.2,1.65,175.77,OK,37.5
1403,2026-07-25T02:54:00.000,3.49,87.5,9.67,346.2,83.6,1.43,175.86,OK,28.8
1365,2026-07-25T02:59:00.000,3.42,84.3,8.9,362.4,76.099999999999994,1.69,175.9,OK,37.1
1377,2026-07-25T03:04:00.000,2.91,83.5,7.95,364.9,76.400000000000006,1.08,176.01,OK,28.2
1556,2026-07-25T03:07:00.000,3.13,89.4,9.0500000000000007,416.5,86.7,1.05,176.08,OK,23.3
1975,2026-07-25T03:12:00.000,3.24,90.6,10.53,418.4,85.4,1.27,176.2,OK,29
1122,2026-07-25T03:18:00.000,3.16,85.6,8.5,373.9,74.099999999999994,1.04,176.28,OK,37.9
924,2026-07-25T03:26:00.000,3.07,87.6,6.81,345.1,76.599999999999994,1.04,176.32,OK,32
1278,2026-07-25T03:33:00.000,4.0599999999999996,84.2,6.99,375.8,80,1.04,176.37,OK,24.6
1639,2026-07-25T03:37:00.000,3.64,91,8.0399999999999991,395.2,85.4,1.25,176.43,OK,35.1
1516,2026-07-25T03:43:00.000,3.58,91.4,8.64,379.8,81.5,1.1100000000000001,176.5,OK,38.5
2186,2026-07-25T03:50:00.000,3.66,91.6,11.2,480.9,83.4,1.45,176.55,OK,25
2170,2026-07-25T03:55:00.000,3.84,94.4,9.9,443.9,89.1,2.21,176.64,OK,34.200000000000003
1541,2026-07-25T03:59:00.000,2.81,87.3,9.9,377.8,83.9,1.51,176.74,OK,28.3
2268,2026-07-25T04:01:00.000,4.2,91.7,11.26,443.4,83.8,1.31,176.82,OK,33.200000000000003
1903,2026-07-25T04:09:00.000,3.59,93.9,10.97,412.9,92.5,1.1000000000000001,176.88,OK,32.6
1528,2026-07-25T04:14:00.000,3.18,84,8.09,388.1,79.8,1.48,176.92,OK,21.8
1770,2026-07-25T04:19:00.000,3.62,90.9,10.53,437.7,86.1,1.37,177.02,OK,31.4
1773,2026-07-25T04:21:00.000,3.96,86.9,8.7899999999999991,414.7,81.3,1.25,177.05,OK,27.1
1611,2026-07-25T04:26:00.000,3.86,90.6,8.64,410.8,87.3,1.77,177.08,OK,37.6
1676,2026-07-25T04:30:00.000,4.21,95.4,8.99,428.3,85.1,1.3,177.18,OK,38.5
2085,2026-07-25T04:32:00.000,3.87,86.7,10.55,403.8,80.2,1.41,177.29,OK,26.3
1816,2026-07-25T04:34:00.000,3.35,87,10.83,419.3,82.1,1.06,177.36,OK,34.200000000000003
1887,2026-07-25T04:37:00.000,3.85,93.2,10.44,437.7,86.5,1.29,177.46,OK,29.4
1943,2026-07-25T04:45:00.000,4.0999999999999996,93.7,9.41,417.2,87,1.85,177.57,OK,42
1986,2026-07-25T04:50:00.000,3.99,90.1,9.48,446.2,86.5,1.3,177.65,OK,36.299999999999997
2397,2026-07-25T04:53:00.000,4.1100000000000003,90.4,12.03,465.7,83.1,1.83,177.71,OK,24.6
1816,2026-07-25T04:57:00.000,3.99,89.1,9.64,416.6,80.3,1.36,177.8,OK,30.3
2215,2026-07-25T05:04:00.000,3.84,89.8,11.44,484.3,88,1.94,177.92,OK,26.9
1635,2026-07-25T05:08:00.000,3.59,93.9,7.74,424.9,89.3,1.05,177.99,WARNING,37.200000000000003
2012,2026-07-25T05:10:00.000,3.94,89.3,12.55,446.2,87.8,1.61,178.03,OK,34.700000000000003
1767,2026-07-25T05:13:00.000,2.76,90.2,8.15,422.7,82.8,1.99,178.13,OK,35.9
2821,2026-07-25T05:18:00.000,4.07,92.1,13.18,500.7,86,1.69,178.25,OK,33.299999999999997
2332,2026-07-25T05:26:00.000,3.58,90.5,11,459.2,86.4,1.74,178.37,OK,26.9
2166,2026-07-25T05:30:00.000,3.47,87.8,9.9700000000000006,450.5,77.8,1.66,178.46,OK,23.4
1736,2026-07-25T05:33:00.000,3.16,92.3,10.14,401.3,87.2,1.1100000000000001,178.49,OK,39.5
1905,2026-07-25T05:35:00.000,3.83,88.3,9.99,413.7,77.599999999999994,1.35,178.51,OK,25
2702,2026-07-25T05:43:00.000,4.37,96.8,11.92,500.2,88.2,1.48,178.62,OK,37.799999999999997
2557,2026-07-25T05:51:00.000,3.71,96,12.04,527.20000000000005,86.6,1.68,178.66,OK,29.6
1958,2026-07-25T05:57:00.000,3.43,89.5,10.95,450.2,82.6,1.1200000000000001,178.7,OK,39.200000000000003
1989,2026-07-25T05:59:00.000,3.95,91.6,11.34,439.4,81.7,1.44,178.78,OK,34
3168,2026-07-25T06:06:00.000,4.8600000000000003,91.6,16.010000000000002,527.20000000000005,86,2.2000000000000002,178.8,OK,30.5
3024,2026-07-25T06:08:00.000,4.5199999999999996,96.8,14.38,539.79999999999995,91,2.31,178.89,OK,37.200000000000003
2682,2026-07-25T06:11:00.000,4.53,94.5,12.43,503,91,1.83,178.99,OK,29.2
2647,2026-07-25T06:17:00.000,4.12,92.9,12.2,525.20000000000005,87.8,1.39,179.1,OK,32.299999999999997
2576,2026-07-25T06:22:00.000,4.3899999999999997,95.6,12.98,519.9,85.5,1.87,179.21,OK,37.1
2222,2026-07-25T06:30:00.000,3.85,90.1,12.47,443.4,87.2,1.6,179.32,OK,22.2
2991,2026-07-25T06:32:00.000,4.49,96.1,12.19,545.29999999999995,90.3,2.13,179.35,OK,29.9
2649,2026-07-25T06:34:00.000,3.8,92.2,12.75,489.9,85.3,1.46,179.41,OK,38.200000000000003
3000,2026-07-25T06:40:00.000,4.84,98.6,12.86,524.6,89.3,2.4700000000000002,179.49,OK,34.6
2629,2026-07-25T06:45:00.000,4.79,91.8,12.77,514.6,85.5,2.52,179.53,OK,28
2924,2026-07-25T06:47:00.000,4.41,93.5,15.28,529.5,85.7,1.56,179.61,OK,42.8
2655,2026-07-25T06:49:00.000,4.78,92.1,11.19,539.9,82.3,2.0299999999999998,179.65,OK,34.9
2873,2026-07-25T06:52:00.000,4.51,91.1,12.06,513.1,80.5,1.83,179.76,OK,30.2
3152,2026-07-25T06:59:00.000,4.4400000000000004,94.8,15.9,533.4,88.4,1.67,179.86,OK,32.799999999999997
2711,2026-07-25T07:02:00.000,4.07,92.5,13.28,493.5,84.7,2.71,179.92,OK,34.799999999999997
3629,2026-07-25T07:06:00.000,5.44,92.1,16.18,587.4,82.5,2.5499999999999998,179.95,OK,23.5
2744,2026-07-25T07:09:00.000,4.22,90.7,13.92,487.6,81.8,1.82,180.01,OK,35.200000000000003
3017,2026-07-25T07:17:00.000,4.4000000000000004,93.5,15.64,527.1,85.3,1.97,180.05,OK,24.8
3476,2026-07-25T07:25:00.000,4.92,101.8,15.91,568.70000000000005,95.7,1.76,180.13,WARNING,35.5
3522,2026-07-25T07:30:00.000,4.78,99.5,15.82,576.6,95.1,2.08,180.18,OK,38.4
3200,2026-07-25T07:34:00.000,4.3899999999999997,96,13,543,87.5,1.75,180.29,OK,37.5
3151,2026-07-25T07:37:00.000,4.83,91.7,13.73,550.1,86.8,2.19,180.38,OK,25.6
3102,2026-07-25T07:43:00.000,3.91,93,12.69,535.6,87.5,1.56,180.46,OK,33.9
3573,2026-07-25T07:46:00.000,4.6500000000000004,99.6,16.03,588.29999999999995,100.3,1.99,180.54,OK,41.9
3453,2026-07-25T07:53:00.000,4.66,95.1,16.86,566.20000000000005,84.7,2.57,180.58,OK,25.2
3518,2026-07-25T07:56:00.000,4.62,96.9,15.44,560.4,91.5,2.8,180.61,OK,24.2
3727,2026-07-25T08:03:00.000,5.09,96.3,16.96,590.29999999999995,92.7,2.5099999999999998,180.63,OK,27
3333,2026-07-25T08:06:00.000,4.25,99,15.95,592.1,100.2,1.75,180.73,OK,27.2
3048,2026-07-25T08:13:00.000,4.4000000000000004,91.7,14.52,512.9,84.1,2.42,180.82,OK,30
3330,2026-07-25T08:15:00.000,5.45,95.4,15.07,558.70000000000005,91.8,1.8,180.85,OK,37.9
3243,2026-07-25T08:22:00.000,4.75,98,13.62,545.79999999999995,93.3,1.67,180.94,OK,34.5
3172,2026-07-25T08:28:00.000,4.8600000000000003,92.4,15.25,552.20000000000005,87.2,1.63,181.06,OK,22.7
3112,2026-07-25T08:32:00.000,4.42,93.5,15.47,532,85,1.91,181.1,OK,28.6
3459,2026-07-25T08:40:00.000,5.1100000000000003,97.7,15.63,581.6,90.2,1.82,181.14,OK,41.6
3504,2026-07-25T08:42:00.000,4.13,94.5,15.46,595.20000000000005,88,2.08,181.23,OK,34.1
3050,2026-07-25T08:48:00.000,4.87,88.7,14.91,528.4,80,2.08,181.33,OK,26.1
3416,2026-07-25T08:52:00.000,4.5199999999999996,97.5,15.77,564.70000000000005,94.5,1.97,181.38,OK,40.6
3885,2026-07-25T08:59:00.000,4.67,95.2,18.55,634,85.6,2.14,181.48,OK,27.5
3066,2026-07-25T09:02:00.000,4.1500000000000004,95.9,13.82,535.9,92.1,1.57,181.56,WARNING,30.7
3816,2026-07-25T09:04:00.000,4.8,99.1,17.53,621.9,94.3,1.95,181.59,OK,33.700000000000003
3040,2026-07-25T09:08:00.000,4.76,93.8,14.52,528.20000000000005,85.4,2.04,181.61,OK,32.1
3481,2026-07-25T09:11:00.000,4.2300000000000004,96.4,15.73,589,88.7,2.29,181.69,OK,33.1
2739,2026-07-25T09:13:00.000,4.74,95.6,12.55,522,85.5,1.44,181.8,OK,27
3594,2026-07-25T09:17:00.000,4.38,95.2,16.760000000000002,612.5,89.8,1.96,181.83,OK,29.7
3299,2026-07-25T09:21:00.000,4.41,97.9,16.48,559.4,93.9,2.09,181.86,OK,27.9
2771,2026-07-25T09:23:00.000,4.0199999999999996,97.7,11.4,533.4,91.8,1.5,181.91,OK,32.5
3222,2026-07-25T09:25:00.000,4.4800000000000004,99.5,14.92,570.9,96.6,1.87,182.02,OK,42.2
4009,2026-07-25T09:33:00.000,4.7300000000000004,97.5,18.059999999999999,625.4,91.3,1.95,182.06,OK,26.9
3593,2026-07-25T09:40:00.000,4.49,98.9,15.32,578,99.2,2.29,182.1,OK,37.9
3436,2026-07-25T09:48:00.000,4.2,97,15.93,552.1,87.2,1.81,182.16,OK,23.8
3584,2026-07-25T09:55:00.000,4.7699999999999996,95.2,16.37,583.5,87.4,2.68,182.28,OK,24.9
3753,2026-07-25T09:59:00.000,4.29,102.4,17.29,604.29999999999995,100.6,2.2799999999999998,182.34,WARNING,23.5
3933,2026-07-25T10:04:00.000,4.8,98.8,16.96,624.6,90.1,1.93,182.43,OK,37.4
3298,2026-07-25T10:07:00.000,4.17,99,13.86,556,85.6,2.0299999999999998,0.04,OK,34.799999999999997
3606,2026-07-25T10:11:00.000,4.32,100.2,16.14,605.9,96.6,1.78,0.14000000000000001,WARNING,31.8
3563,2026-07-25T10:13:00.000,4.49,91.7,17.14,576.4,87,2.37,0.24,OK,24.4
3431,2026-07-25T10:17:00.000,4.32,97.2,16.309999999999999,578,85.9,2.0299999999999998,0.28000000000000003,OK,30.2
3325,2026-07-25T10:19:00.000,4.71,97.2,13.96,543.4,94.1,2.09,0.33,OK,37
3948,2026-07-25T10:22:00.000,4.72,98,17.170000000000002,623.29999999999995,94.5,3.45,0.37,WARNING,29.5
3474,2026-07-25T10:29:00.000,5.09,98.8,15.56,595.6,95.5,2.84,0.46,OK,27.9
2950,2026-07-25T10:37:00.000,4.12,94,14.36,524.20000000000005,93.2,1.53,0.51,OK,30.2
2353,2026-07-25T10:39:00.000,3.91,97.1,11.64,453.2,89.2,1.59,0.59,OK,36.5
3697,2026-07-25T10:41:00.000,4.6100000000000003,95.3,16.29,591.20000000000005,90.3,2.1800000000000002,0.62,OK,32.6
3204,2026-07-25T10:46:00.000,4.4800000000000004,92.9,14.19,564,85,1.75,0.67,OK,30.6
3293,2026-07-25T10:53:00.000,4.5599999999999996,93.3,17.2,536.70000000000005,88.3,1.74,0.69,OK,22.2
3480,2026-07-25T11:01:00.000,4.6399999999999997,96.1,14.08,538,89.8,1.84,0.78,OK,33.299999999999997
4188,2026-07-25T11:03:00.000,5.28,98.3,18.190000000000001,644.6,89.3,2.3199999999999998,0.9,OK,31.5
3790,2026-07-25T11:09:00.000,4.88,94.6,16.88,583.5,89.5,2.42,0.98,OK,38.4
3226,2026-07-25T11:17:00.000,4.57,98.1,15.38,532.79999999999995,91.7,2.2400000000000002,1.04,OK,29.2
3549,2026-07-25T11:23:00.000,5.09,98.8,15.56,587.20000000000005,90.9,2.19,1.1399999999999999,OK,33.1
3070,2026-07-25T11:28:00.000,4.28,98.3,13.86,567.79999999999995,90.4,1.69,1.18,OK,37.700000000000003
3538,2026-07-25T11:31:00.000,5.14,96.5,16.36,575.6,94.8,1.83,1.26,OK,35.1
2965,2026-07-25T11:34:00.000,4.42,94.3,13.55,505.3,91.2,1.61,1.29,OK,23.5
3302,2026-07-25T11:42:00.000,3.57,100.1,14.45,532.70000000000005,90.7,2.0299999999999998,1.37,WARNING,24.3
3299,2026-07-25T11:44:00.000,4.57,100.4,16.04,571.20000000000005,90.6,2.16,1.44,WARNING,41.4
2839,2026-07-25T11:49:00.000,4.78,94.7,12.52,522.20000000000005,93.3,1.53,1.5,OK,32.6
2984,2026-07-25T11:56:00.000,4.59,94,13.3,528.79999999999995,84.6,2.44,1.52,OK,26.3
2412,2026-07-25T12:01:00.000,3.97,96.5,12.26,497.4,96.8,2.19,1.59,OK,35.299999999999997
3022,2026-07-25T12:06:00.000,4.21,94.1,14.74,547.1,89.5,1.68,1.69,OK,38.5
3527,2026-07-25T12:12:00.000,5.27,95.1,15.63,564.4,86.9,1.86,1.77,OK,23.1
3817,2026-07-25T12:19:00.000,4.8600000000000003,98.5,17.28,628.9,90.7,2.68,1.83,OK,30.1
3620,2026-07-25T12:22:00.000,4.32,97.5,16.36,594.5,84.8,2.57,1.93,OK,26.3
2943,2026-07-25T12:29:00.000,4.41,92.8,13.54,520,83.5,1.59,1.99,WARNING,30.7
3055,2026-07-25T12:35:00.000,4.1399999999999997,92,13.31,516.5,87.6,1.68,7.0000000000000007E-2,OK,37.9
3011,2026-07-25T12:38:00.000,3.56,95.2,14.93,521.5,90.5,2.44,0.17,OK,30.9
2941,2026-07-25T12:42:00.000,4.2699999999999996,103.2,12.9,523.5,101.6,2.56,0.25,WARNING,41.3
3333,2026-07-25T12:50:00.000,4.57,97.9,17.579999999999998,588.6,89.4,2,0.28000000000000003,OK,32.6
2776,2026-07-25T12:52:00.000,4.1399999999999997,93.7,12.75,505.4,90.5,1.72,0.34,OK,41.6
3454,2026-07-25T12:59:00.000,4.53,95.9,17.03,576.9,91.8,2.2599999999999998,0.42,WARNING,31.5
2971,2026-07-25T13:03:00.000,4.4400000000000004,92.3,14.88,495.5,83,2.0499999999999998,0.47,OK,23.6
2490,2026-07-25T13:11:00.000,3.83,95.5,11.95,470.5,88.2,1.68,0.56999999999999995,OK,26.4
2839,2026-07-25T13:18:00.000,3.92,92.4,14.37,504.6,88,1.63,0.65,OK,24.9
3016,2026-07-25T13:20:00.000,3.89,99.3,14.93,570.9,96.7,2.2599999999999998,0.72,OK,37
3165,2026-07-25T13:22:00.000,4.33,95.6,14.28,545.1,89.2,2.06,0.81,OK,28.7
3061,2026-07-25T13:27:00.000,4.49,96.7,12.67,536.79999999999995,90.1,2.79,0.85,OK,35.9
2660,2026-07-25T13:33:00.000,3.42,91.9,11.45,478.3,84.1,1.63,0.91,OK,34.700000000000003
2563,2026-07-25T13:39:00.000,4.3,94.3,13,484,90.4,1.49,0.97,OK,28
3323,2026-07-25T13:42:00.000,4.45,96.5,15.11,555.6,89,2.76,1.05,OK,36.799999999999997
2699,2026-07-25T13:47:00.000,3.99,94.9,13.11,523.20000000000005,88.1,1.96,1.1299999999999999,OK,24.7
2266,2026-07-25T13:53:00.000,4.49,90.9,12.33,427,83.4,1.3,1.19,OK,27.6
2430,2026-07-25T13:56:00.000,4.45,94.1,11.67,455.2,86.4,1.29,1.21,OK,38.4
1920,2026-07-25T13:59:00.000,3.97,89.8,10.89,432.2,81.099999999999994,1.36,1.25,OK,36.799999999999997
2008,2026-07-25T14:02:00.000,3.46,90.9,9.9600000000000009,450.2,86,1.5,1.3,OK,37
2364,2026-07-25T14:08:00.000,4.45,92,11.86,457.8,87.6,1.32,1.36,OK,34.799999999999997
2242,2026-07-25T14:10:00.000,3.59,92.1,11.51,478.9,85.6,1.43,1.39,OK,32.6
2251,2026-07-25T14:15:00.000,3.82,95.5,10.42,465.1,88,1.51,1.41,OK,30.6
2732,2026-07-25T14:20:00.000,4.33,92.3,13.06,488.7,86.7,1.81,1.5,WARNING,39.299999999999997
2739,2026-07-25T14:23:00.000,3.47,96.7,13.86,493.4,93.6,1.56,1.53,OK,41.2
1996,2026-07-25T14:26:00.000,3.88,93.1,10.95,444.6,83,1.27,1.56,OK,23.7
3036,2026-07-25T14:29:00.000,4.1100000000000003,94.6,15.44,544.29999999999995,88.1,2.75,1.62,OK,40.6
2380,2026-07-25T14:32:00.000,3.86,93.2,11.41,438.3,90,1.59,1.71,OK,39
2317,2026-07-25T14:35:00.000,3.55,95.1,12.97,463.1,92.1,1.63,1.73,OK,35
2007,2026-07-25T14:43:00.000,4.24,87,10.72,409,81,1.1399999999999999,1.76,OK,28.8
2149,2026-07-25T14:46:00.000,3.74,95.5,10.59,457.6,86.7,1.33,1.85,OK,33
2935,2026-07-25T14:53:00.000,4.29,100.1,13.92,532.5,91.6,2.81,1.96,WARNING,40
1816,2026-07-25T15:01:00.000,4.29,90,9.2100000000000009,414.5,83.4,1.54,1.99,OK,29.3
2258,2026-07-25T15:09:00.000,4.37,84.9,11.68,486.8,79.900000000000006,1.48,2.04,OK,33.200000000000003
1945,2026-07-25T15:14:00.000,3.83,88.4,8.83,451.8,83.2,1.1399999999999999,2.14,OK,28.2
1471,2026-07-25T15:21:00.000,3.26,90,9.77,394.6,85.2,1.66,2.2400000000000002,OK,28
1537,2026-07-25T15:24:00.000,3.34,85.4,8.3000000000000007,374.1,81,1.52,2.2999999999999998,OK,22.4
2259,2026-07-25T15:26:00.000,4.09,94.4,11.44,453,86.4,1.74,2.36,OK,41.6
1412,2026-07-25T15:30:00.000,3.13,91.7,9.52,404.7,84.7,1.34,2.38,OK,25.7
1554,2026-07-25T15:37:00.000,2.9,90.5,8.3699999999999992,377.4,82.2,1.1499999999999999,2.4300000000000002,OK,35.5
2244,2026-07-25T15:45:00.000,3.67,93.1,11.96,466.9,86.9,1.58,2.5,OK,34.700000000000003
2172,2026-07-25T15:52:00.000,4.05,92.3,12.15,484.9,87.3,1.55,2.58,OK,38.6
1918,2026-07-25T15:58:00.000,3.53,93.7,10.34,409.2,87,1.2,2.6,OK,29.2
1457,2026-07-25T16:06:00.000,3.83,93.6,8.9499999999999993,410.7,88.6,1.1200000000000001,2.63,OK,42.4
1427,2026-07-25T16:12:00.000,3.28,87.7,9.67,391.4,81.5,1.38,2.68,OK,34.4
1348,2026-07-25T16:19:00.000,3.41,86.5,7.18,378.4,85.8,1.05,2.7,OK,33.700000000000003
1737,2026-07-25T16:27:00.000,3.41,89,10.65,415.6,85.1,1.57,2.76,OK,37.6
1980,2026-07-25T16:32:00.000,3.78,88.8,8.9499999999999993,437.9,84.8,1.5,2.87,OK,29.1
1579,2026-07-25T16:38:00.000,3.22,86.4,8.56,400.9,80.2,1.1000000000000001,2.96,OK,29.4
2010,2026-07-25T16:41:00.000,4.2699999999999996,91.9,12.32,431.6,87.1,1.42,3.07,OK,35.1
2237,2026-07-25T16:43:00.000,4.29,92.6,12.2,468.5,89.1,1.61,3.16,OK,26.5
1783,2026-07-25T16:48:00.000,3.24,89.5,9.76,409.4,78.7,1.53,3.23,OK,38.6
1181,2026-07-25T16:53:00.000,3.74,86,9.49,345.3,83.2,0.9,3.26,OK,34.5
1624,2026-07-25T16:55:00.000,4.0999999999999996,89.4,8.19,396.2,84.1,1.1000000000000001,3.36,OK,39.1
2042,2026-07-25T17:02:00.000,4.0199999999999996,93.4,11.12,441.4,87.7,1.34,3.45,OK,38.200000000000003
1322,2026-07-25T17:05:00.000,3.87,87.2,8.0299999999999994,398.2,83.7,1.04,3.49,OK,39.700000000000003
1288,2026-07-25T17:10:00.000,3.49,84.2,8.0299999999999994,381.6,82.6,0.84,3.61,OK,33.200000000000003
1892,2026-07-25T17:18:00.000,3.99,89.7,10.8,429.2,85.6,1.73,3.72,OK,31.9
967,2026-07-25T17:20:00.000,3.41,87.5,7.46,319.7,81.5,0.85,3.8,OK,36.5
1515,2026-07-25T17:28:00.000,3.22,89.5,8.9,380.1,84.7,0.93,3.88,OK,36.9
1207,2026-07-25T17:31:00.000,3.69,86.6,8.4,385.7,83.3,1.61,3.94,OK,30.3
1249,2026-07-25T17:38:00.000,3.52,89.1,9.11,348.9,87.1,1.33,3.98,OK,30.1
1974,2026-07-25T17:40:00.000,3.42,92.3,10.72,448.1,87.2,1.29,4.01,OK,26.8
1188,2026-07-25T17:43:00.000,2.78,89.1,8.4,353.3,82.5,1.47,4.0599999999999996,OK,40.4
1378,2026-07-25T17:49:00.000,3.59,86.4,8.52,385.1,79.599999999999994,1.0900000000000001,4.12,OK,24.3
1676,2026-07-25T17:57:00.000,3.55,93.1,8.94,414.5,84.7,1.31,4.22,OK,28.4
846,2026-07-25T17:59:00.000,2.74,85.5,6.51,329.6,80.2,1.85,4.29,OK,33.9
1568,2026-07-25T18:02:00.000,4.0199999999999996,88,9.61,379,81.900000000000006,1.43,4.3099999999999996,OK,32.700000000000003
1100,2026-07-25T18:06:00.000,3.53,81.8,5.77,350,74.7,1.08,4.41,OK,25.3
800,2026-07-25T18:14:00.000,3.31,86.4,6.58,323.39999999999998,76.7,1.02,4.5199999999999996,OK,29
1048,2026-07-25T18:20:00.000,3.39,82.3,7.79,337.7,74.099999999999994,1,4.59,OK,29.4
1225,2026-07-25T18:28:00.000,2.96,87.7,7.88,352.1,84.1,0.82,4.6399999999999997,OK,39.700000000000003
1271,2026-07-25T18:33:00.000,3.07,85.2,7.09,358,81.099999999999994,1.0900000000000001,4.7300000000000004,OK,32.5
909,2026-07-25T18:35:00.000,3.7,80.599999999999994,7.32,310.3,75.900000000000006,0.95,4.76,OK,23.2
1081,2026-07-25T18:43:00.000,3.33,92.7,6.71,352.9,89.7,1.34,4.78,OK,40.6
800,2026-07-25T18:46:00.000,2.78,86.2,7.83,330.5,79.900000000000006,0.87,4.82,OK,33.5
880,2026-07-25T18:51:00.000,3.22,80.8,7.54,301.60000000000002,73,1.1000000000000001,4.9000000000000004,OK,27.7
800,2026-07-25T18:56:00.000,3.31,86.9,6.53,324.2,81.599999999999994,1.24,4.97,OK,34.5
1075,2026-07-25T19:03:00.000,3.08,90.9,7.02,346.1,86.6,1.56,5.03,OK,38.9
800,2026-07-25T19:08:00.000,3.21,87.4,4.99,344.3,84.7,1.5,5.14,OK,35
1806,2026-07-25T19:13:00.000,4.05,92.4,11.46,417.1,85.8,1.48,5.22,OK,30.4
1203,2026-07-25T19:16:00.000,3.98,88.2,7.18,361.4,78,1.3,5.28,OK,29.9
800,2026-07-25T19:24:00.000,2.4900000000000002,89.3,7.79,333.7,79.2,1.31,5.4,OK,39.4
800,2026-07-25T19:31:00.000,3.48,84.5,4.3099999999999996,346.8,74.099999999999994,1.26,5.43,OK,28.8
1288,2026-07-25T19:34:00.000,3.55,92.3,7.94,381.7,90.1,1.05,5.5,OK,35.299999999999997
1120,2026-07-25T19:41:00.000,3.45,86.6,6.91,389,78.400000000000006,1.1000000000000001,5.57,OK,22.7
800,2026-07-25T19:45:00.000,2.84,86.3,5.42,341.1,81.2,1.36,5.63,OK,32.299999999999997
800,2026-07-25T19:49:00.000,3.3,86.5,6.59,322.39999999999998,80.2,0.92,5.74,OK,44.5
1242,2026-07-25T19:52:00.000,3.18,90.8,9.32,328.8,86.2,1.31,5.76,OK,34.9
1142,2026-07-25T19:59:00.000,3.47,89.6,7.14,348.1,83,1.45,5.87,OK,30.6
1210,2026-07-25T20:02:00.000,3.49,92.5,7.93,379.1,88.5,1.1399999999999999,5.94,OK,31.5
907,2026-07-25T20:06:00.000,3.66,85.6,5.99,313.5,77.3,1.08,6.03,OK,30.9
800,2026-07-25T20:09:00.000,3.41,88.3,5.48,297.5,84.6,0.93,6.12,OK,39.200000000000003
800,2026-07-25T20:11:00.000,2.48,86.2,4.3600000000000003,327.60000000000002,79.2,0.77,6.15,OK,31
1333,2026-07-25T20:18:00.000,3.52,82.6,7.55,342.6,77,1.1599999999999999,6.21,OK,30.6
1680,2026-07-25T20:20:00.000,4.07,92.5,9.17,413,89.6,1.29,6.28,OK,35.799999999999997
1098,2026-07-25T20:28:00.000,2.78,89.2,6.05,351.7,83.6,1.78,6.32,OK,36.700000000000003
1330,2026-07-25T20:36:00.000,3.41,87.7,9.84,350.9,84.3,1.31,6.39,OK,35.700000000000003
800,2026-07-25T20:38:00.000,3.3,83.2,6.75,347.8,74.599999999999994,0.87,6.44,OK,30.9
1000,2026-07-25T20:46:00.000,2.5,83.7,7.65,328,80.2,1.03,6.51,OK,32.5
989,2026-07-25T20:48:00.000,3.37,87.3,5.63,356.9,83.6,1.24,6.55,OK,29.5
1150,2026-07-25T20:53:00.000,3.16,84,7.93,371.4,79.2,1.6,6.64,OK,26.5
1047,2026-07-25T20:55:00.000,3.32,89.9,8.5399999999999991,339.7,85.4,1.34,6.68,OK,40
1998,2026-07-25T21:02:00.000,3.9,91,10.42,469.4,81.5,1.31,6.75,OK,33.4
1313,2026-07-25T21:09:00.000,3.34,88.7,8.41,360.5,84.1,0.99,6.81,OK,33
1495,2026-07-25T21:13:00.000,3.5,92.6,8.51,393.6,84.2,1.42,6.85,OK,35.1
1143,2026-07-25T21:20:00.000,2.96,88.8,7.9,362.7,79.599999999999994,1.27,6.88,OK,34.1
800,2026-07-25T21:28:00.000,3.1,86.5,6.31,302.89999999999998,83.2,1.23,7,OK,31.5
1223,2026-07-25T21:33:00.000,3.19,87,7.53,360.2,78,1.62,7.02,OK,35.9
1460,2026-07-25T21:41:00.000,3.64,89.4,8.9700000000000006,397.2,82.4,1.1599999999999999,7.07,WARNING,30.9
1575,2026-07-25T21:49:00.000,3.59,90.1,9.01,404,80.8,0.97,7.11,OK,37
1075,2026-07-25T21:53:00.000,2.98,82.1,7.57,362.5,75.099999999999994,0.77,7.19,OK,26.6
800,2026-07-25T21:59:00.000,2.9,83,6.24,301.39999999999998,74.900000000000006,1.1599999999999999,7.25,OK,23.7
1023,2026-07-25T22:05:00.000,2.98,88.6,8.06,343.4,83,1.52,7.34,OK,28.2
800,2026-07-25T22:08:00.000,3.14,84.3,8,313.2,76.599999999999994,1.79,7.42,OK,36
1603,2026-07-25T22:13:00.000,3.62,91.4,9.35,389.6,84.2,1.01,7.54,OK,37.9
1326,2026-07-25T22:21:00.000,3.43,86.6,8.61,367,77.8,0.92,7.56,WARNING,28.2
1003,2026-07-25T22:23:00.000,3.3,87.9,6.65,347.7,80.7,0.88,7.65,OK,38
1459,2026-07-25T22:29:00.000,3.31,89.9,9.18,377.6,83,1.08,7.69,OK,40.1
1730,2026-07-25T22:34:00.000,3.37,91.7,8.15,404.1,82,1.85,7.77,OK,37.6
1508,2026-07-25T22:36:00.000,3.08,87.2,9.25,393.8,84.6,1.1000000000000001,7.82,OK,36.6
1951,2026-07-25T22:44:00.000,3.67,90,9.5,450.9,84,1.4,7.85,OK,24
960,2026-07-25T22:50:00.000,3.05,83.7,8.09,351.2,78.099999999999994,1.29,7.89,OK,26.6
1630,2026-07-25T22:53:00.000,4.43,88.3,9.9600000000000009,408.4,83.3,1.1100000000000001,7.94,OK,26.7
800,2026-07-25T22:57:00.000,3.85,86.7,6.18,307.10000000000002,80.599999999999994,0.71,8.02,OK,34.4
1992,2026-07-25T23:00:00.000,3.98,91.8,11.03,424.1,84.3,1.48,8.09,OK,33.4
1605,2026-07-25T23:06:00.000,3.27,90.9,10.84,393.4,81.5,1.91,8.11,OK,41.5
1241,2026-07-25T23:10:00.000,3.41,83.7,7.76,352.5,79.7,1.86,8.1999999999999993,OK,29.6
989,2026-07-25T23:16:00.000,3.37,85.2,7.26,343,76.7,0.78,8.23,OK,32.799999999999997
1227,2026-07-25T23:22:00.000,2.66,84.3,8.24,349.9,80.599999999999994,1.04,8.25,OK,23.3
1348,2026-07-25T23:24:00.000,3.47,86,8.74,378.9,82.5,1.01,8.34,OK,41.7
1538,2026-07-25T23:29:00.000,3.1,89.1,8.61,378.7,82.8,1.5,8.4,OK,38.6
1481,2026-07-25T23:36:00.000,3.4,89.8,9.44,406.9,89.5,1.08,8.4499999999999993,OK,26.1
1289,2026-07-25T23:44:00.000,3.15,85.8,8.0299999999999994,365.1,79.099999999999994,1.1399999999999999,8.56,OK,34.700000000000003
1941,2026-07-25T23:48:00.000,3.74,92.3,10.46,442.4,87.5,1.29,8.58,OK,31.3
966,2026-07-25T23:56:00.000,3.11,84.5,6.38,337.1,74.599999999999994,1.36,8.67,OK,30.6
1787,2026-07-26T00:04:00.000,3.78,89.7,10.72,398.9,86.1,1.42,8.7799999999999994,OK,37.299999999999997
1677,2026-07-26T00:11:00.000,3.91,88.7,8.58,416.8,84.3,1.49,8.8800000000000008,OK,31.2
1636,2026-07-26T00:19:00.000,3.81,90.1,7.9,391.8,83.6,1.42,8.91,OK,32.4
1886,2026-07-26T00:22:00.000,4.43,88.6,8.23,417.4,82.4,1.95,8.93,OK,29.5
1459,2026-07-26T00:26:00.000,3.39,84.8,9.34,353.6,80.099999999999994,1.02,8.9700000000000006,OK,22.9
1450,2026-07-26T00:31:00.000,3.96,92.9,8.14,379.9,85.3,1.24,9,OK,36.5
1646,2026-07-26T00:38:00.000,3.27,89.3,8.7200000000000006,392.7,82.1,1.73,9.1,OK,31
1591,2026-07-26T00:43:00.000,3,87,9.09,386.5,83,1.41,9.19,OK,38.200000000000003
1721,2026-07-26T00:48:00.000,3.89,86.3,8.43,411.2,80.8,1.43,9.2200000000000006,OK,40
2084,2026-07-26T00:50:00.000,4.37,93.8,11.13,454.4,89.2,1.71,9.25,OK,28
1899,2026-07-26T00:56:00.000,3.45,93.3,12.19,466.4,87.7,1.34,9.33,OK,34.4
1900,2026-07-26T00:59:00.000,3.93,92.6,10.8,445,85.2,1.32,9.43,OK,39.1
2000,2026-07-26T01:06:00.000,3.54,91.7,10.86,467.2,88.6,1.1399999999999999,9.5399999999999991,OK,34.1
1832,2026-07-26T01:09:00.000,4.12,89.5,10.73,403.5,80.5,1.36,9.57,OK,29.7
2294,2026-07-26T01:12:00.000,4.3600000000000003,91.8,13.75,465.1,84.2,1.85,9.66,OK,29.6
2205,2026-07-26T01:20:00.000,4.05,92.5,10.86,481.2,87.4,1.59,9.7200000000000006,OK,33.1
2038,2026-07-26T01:24:00.000,3.43,92.8,10.29,448,88.3,1.64,9.8000000000000007,OK,29
1670,2026-07-26T01:26:00.000,3.73,93.8,8.85,415.3,87.6,1.24,9.86,WARNING,40.299999999999997
2554,2026-07-26T01:28:00.000,3.56,91.9,11.11,498.9,83.4,1.36,9.92,OK,24.6
2359,2026-07-26T01:36:00.000,4.03,91.2,11.89,449.8,84.1,1.35,9.9700000000000006,OK,25.3
2355,2026-07-26T01:39:00.000,3.71,95.4,11.77,497.1,89.2,1.3,10.039999999999999,OK,35.9
2781,2026-07-26T01:42:00.000,4.28,95.8,13.51,500.7,93,1.8,10.1,OK,32.4
2459,2026-07-26T01:49:00.000,4.08,93.6,11.18,473.8,86.8,1.6,10.15,OK,35.9
2229,2026-07-26T01:54:00.000,4.08,83.9,9.59,436.1,76.5,1.25,10.24,OK,28.3
2097,2026-07-26T01:58:00.000,3.33,92.3,9.07,450.3,86.3,1.1599999999999999,10.27,OK,29.3
2114,2026-07-26T02:06:00.000,3.44,94.2,11.18,458.8,92.3,1.69,10.37,OK,32.4
2432,2026-07-26T02:11:00.000,4.7,91.1,12.34,470.7,84.1,1.43,10.4,OK,28.3
2704,2026-07-26T02:17:00.000,4.54,90.7,14.53,482.3,87.3,1.5,10.46,OK,30.1
2737,2026-07-26T02:22:00.000,4.3,97.7,14.14,495.4,87.7,1.61,10.55,OK,37.1
1942,2026-07-26T02:28:00.000,3.22,93.2,9.1,426.2,87.9,1.1599999999999999,10.62,OK,32.9
2778,2026-07-26T02:34:00.000,4.3600000000000003,94.3,12.24,524.4,86.9,1.44,10.73,OK,40.6
2380,2026-07-26T02:39:00.000,4.1399999999999997,94.7,12.29,445.6,88.3,1.44,10.75,OK,36.299999999999997
2307,2026-07-26T02:47:00.000,3.85,90.8,11.6,489.7,85.2,1.39,10.78,OK,31
2669,2026-07-26T02:55:00.000,3.77,94.4,13.73,492.4,86,1.55,10.86,OK,31.1
2846,2026-07-26T03:03:00.000,4.04,96.2,14.7,528.20000000000005,90.3,2.0299999999999998,10.97,OK,24.8
2167,2026-07-26T03:06:00.000,4.2699999999999996,91.3,11.43,457.7,80.7,2.19,11.07,OK,26.2
2703,2026-07-26T03:11:00.000,4.49,92.8,13.02,495.7,86.6,1.96,11.11,OK,33.700000000000003
2087,2026-07-26T03:17:00.000,4.21,91.7,9.89,455.3,85.4,1.61,11.16,OK,39.299999999999997
2959,2026-07-26T03:19:00.000,4.49,101.3,12.98,507,93.5,2.2000000000000002,11.21,WARNING,37
2321,2026-07-26T03:25:00.000,3.65,94.7,12.21,473,89.1,1.5,11.28,OK,29.2
2803,2026-07-26T03:32:00.000,3.68,94.5,12.21,486.1,91.6,1.67,11.32,OK,36.9
2635,2026-07-26T03:36:00.000,4.1399999999999997,95.2,12.38,503.3,91.8,1.54,11.41,OK,39.299999999999997
2590,2026-07-26T03:38:00.000,4.4800000000000004,94.7,11.53,508.7,94.1,1.42,11.44,OK,40.4
2115,2026-07-26T03:43:00.000,4.2300000000000004,92,10.01,437.2,90.2,1.26,11.46,OK,32.700000000000003
2351,2026-07-26T03:49:00.000,3.65,93.1,11.57,515.9,85.7,1.38,11.53,OK,27.2
2840,2026-07-26T03:56:00.000,4.41,94.3,13.18,532.6,89.3,1.87,11.6,OK,25.9
2565,2026-07-26T03:58:00.000,3.87,94,13.01,506,91,1.36,11.7,OK,27.9
2804,2026-07-26T04:01:00.000,4.1900000000000004,93,14.44,511.3,87.5,1.54,11.77,OK,33.6
2664,2026-07-26T04:06:00.000,3.75,93.1,12.61,494.5,87.5,1.9,11.85,OK,28.1
2865,2026-07-26T04:12:00.000,4.53,97,12.44,543.20000000000005,87.7,2.17,11.9,OK,33
2565,2026-07-26T04:19:00.000,4.28,96.4,12.18,529,91.3,1.77,11.92,OK,29.1
2841,2026-07-26T04:23:00.000,3.92,89.9,14.3,499.2,82.6,1.66,11.99,OK,34.9
2936,2026-07-26T04:26:00.000,4.24,94.5,12.89,520.4,91.1,1.63,12.1,OK,25.3
3061,2026-07-26T04:30:00.000,3.81,101.2,13.26,554.6,94.1,2.1,12.17,WARNING,42.4
2433,2026-07-26T04:32:00.000,3.52,88.1,10.73,494.8,80.900000000000006,1.43,12.29,OK,33.700000000000003
3110,2026-07-26T04:36:00.000,3.93,100.2,15.65,536.20000000000005,94.9,1.76,12.39,WARNING,36.1
2723,2026-07-26T04:42:00.000,4.2,97.3,10.98,494.2,96,1.45,12.44,OK,23.3
2653,2026-07-26T04:48:00.000,4.0199999999999996,92.2,11.81,477,86,1.41,12.52,OK,24.1
3581,2026-07-26T04:52:00.000,4.6900000000000004,100.2,15.04,606.5,95.2,2.04,12.6,WARNING,36
3423,2026-07-26T04:54:00.000,4.46,93,15.14,582.1,81.900000000000006,2.99,12.64,OK,25.2
3378,2026-07-26T05:00:00.000,4.79,104,14.75,558,100.6,1.7,12.67,WARNING,40
3125,2026-07-26T05:08:00.000,4.3099999999999996,96.8,14.56,573.70000000000005,93.5,1.8,12.72,OK,33.200000000000003
3015,2026-07-26T05:14:00.000,4.8499999999999996,87.2,13.57,501.5,80,1.7,12.75,OK,25
3755,2026-07-26T05:18:00.000,4.5999999999999996,101.7,15.74,598.9,91.1,2.33,12.81,WARNING,34.9
3296,2026-07-26T05:22:00.000,4.75,95.9,14.61,539.70000000000005,87.2,1.66,12.93,OK,38.299999999999997
2949,2026-07-26T05:24:00.000,4.32,95.2,12.72,540.6,94.8,1.81,13.04,OK,37.9
2929,2026-07-26T05:27:00.000,3.9,95.3,14.68,549.20000000000005,87.3,1.89,13.11,OK,30.8
3399,2026-07-26T05:32:00.000,5.14,96.8,16.61,587.1,89.5,1.79,13.13,OK,31
3180,2026-07-26T05:37:00.000,5.07,98.6,12.97,553.79999999999995,91.6,1.63,13.23,OK,38.9
3675,2026-07-26T05:42:00.000,4.7,101.1,16.78,604.4,95,2.74,13.31,WARNING,39.200000000000003
3349,2026-07-26T05:46:00.000,4.45,101.1,15.31,572.70000000000005,97.9,1.94,13.38,WARNING,35.799999999999997
2914,2026-07-26T05:52:00.000,4.6900000000000004,91.3,13.78,523.29999999999995,85.6,1.94,13.42,OK,31.2
3995,2026-07-26T05:58:00.000,4.8899999999999997,102.5,17.03,641.9,95.7,1.96,13.45,WARNING,38.1
2995,2026-07-26T06:05:00.000,4.6100000000000003,95.9,13.35,531.29999999999995,89.7,1.97,13.49,OK,33.200000000000003
2933,2026-07-26T06:13:00.000,4.43,94.9,14.61,517.9,89.3,1.88,13.61,OK,34.1
3338,2026-07-26T06:16:00.000,4.6399999999999997,95.1,16.05,575.5,87.1,2.06,13.63,OK,37.799999999999997
3537,2026-07-26T06:24:00.000,4.43,99.4,15.98,562.5,96.7,1.75,13.74,OK,35.200000000000003
3065,2026-07-26T06:30:00.000,4.2300000000000004,92.9,12.8,548.5,84.4,1.82,13.78,OK,31
3629,2026-07-26T06:34:00.000,5.1100000000000003,96.2,16.260000000000002,619,86.8,2.5499999999999998,13.86,OK,41.8
3217,2026-07-26T06:36:00.000,4.99,97.7,14.39,549.79999999999995,90.3,1.81,13.91,OK,40
4249,2026-07-26T06:38:00.000,5.0999999999999996,103.5,18.309999999999999,650,100.3,2.09,13.95,WARNING,37.1
3513,2026-07-26T06:45:00.000,5.15,93.4,15.91,576.29999999999995,85.2,2,14.05,OK,23
3018,2026-07-26T06:50:00.000,4.1500000000000004,91.7,13.96,530.79999999999995,83.7,1.71,14.08,OK,36
3153,2026-07-26T06:55:00.000,4.67,94,15.42,548,85.4,1.61,14.14,OK,24.6
3573,2026-07-26T06:57:00.000,4.59,99.1,15.41,590.29999999999995,95.8,1.87,14.2,OK,25.3
3116,2026-07-26T07:02:00.000,4.47,93.4,15.28,534.1,82.5,1.83,14.23,OK,29.7
3372,2026-07-26T07:07:00.000,4.55,92.4,14.99,569.1,86.2,2.17,14.32,OK,27.8
4087,2026-07-26T07:10:00.000,4.95,96,18.53,645.9,91.5,2.2599999999999998,14.44,OK,31.6
3619,2026-07-26T07:18:00.000,3.83,95.8,16.98,584,86.8,1.8,14.51,OK,30.4
3600,2026-07-26T07:26:00.000,4.2699999999999996,97,16.48,576,90.2,2.37,14.61,OK,28.3
4082,2026-07-26T07:28:00.000,4.3600000000000003,100.6,17.260000000000002,650,92.7,2.4,14.72,WARNING,38.9
3118,2026-07-26T07:31:00.000,4.2699999999999996,96.4,12.77,548.20000000000005,87.4,2.09,14.78,OK,32.1
3372,2026-07-26T07:38:00.000,4.22,95.6,15.73,544.5,90.2,1.73,14.84,OK,25.9
3265,2026-07-26T07:43:00.000,3.9,98.5,14.55,577.79999999999995,89.2,2.08,14.91,OK,30.2
3146,2026-07-26T07:49:00.000,4.09,97.3,14.59,534.29999999999995,87.4,2.1800000000000002,14.97,OK,39.1
3268,2026-07-26T07:56:00.000,4.46,95.6,15.81,553.5,89.6,2.74,14.99,OK,22.4
3189,2026-07-26T08:04:00.000,5.5,98.3,14.04,551.9,95.9,1.77,15.09,OK,40.5
3110,2026-07-26T08:09:00.000,4.38,96.2,14.5,536.79999999999995,90.7,2.16,15.12,OK,32.299999999999997
3227,2026-07-26T08:14:00.000,4.3600000000000003,97.4,13.33,569.1,92.9,2.1,15.14,OK,34.9
3091,2026-07-26T08:17:00.000,3.97,92.3,14.65,560.9,85.2,1.67,15.24,OK,28.9
3422,2026-07-26T08:21:00.000,4.22,97.7,14.93,589.79999999999995,91.5,2.35,15.32,OK,35.1
2963,2026-07-26T08:28:00.000,4.7,90.9,11.81,533.4,83.6,1.92,15.38,OK,21.5
3640,2026-07-26T08:32:00.000,5.25,96.4,16.62,587.6,86.8,2.4,15.48,OK,33.700000000000003
3525,2026-07-26T08:38:00.000,4.3499999999999996,97.1,18.2,619.20000000000005,91,2.5099999999999998,15.54,OK,26.2
3413,2026-07-26T08:46:00.000,4.6500000000000004,98.6,15.42,583.1,94.1,1.81,15.62,OK,33.299999999999997
3082,2026-07-26T08:51:00.000,5.35,92.8,13.33,555.5,88.7,1.99,15.68,OK,26.9
3243,2026-07-26T08:59:00.000,5.17,96.7,15.42,549.4,90.2,1.8,15.74,OK,26.7
3168,2026-07-26T09:03:00.000,4.57,94.9,14.25,575.4,91.4,1.63,15.82,OK,32.4
3205,2026-07-26T09:09:00.000,4.1500000000000004,96.7,15.12,524.6,90.1,1.68,15.92,OK,25.4
2709,2026-07-26T09:14:00.000,3.82,98.3,12.09,483.8,94.1,1.46,15.97,OK,27.5
3197,2026-07-26T09:16:00.000,3.73,97.3,13.31,567.1,93.7,1.63,0.09,OK,31.8
3256,2026-07-26T09:23:00.000,4.51,97.2,15.19,537.79999999999995,92.4,1.86,0.11,OK,36.200000000000003
3629,2026-07-26T09:29:00.000,5.37,95.5,15.69,582.29999999999995,86.7,1.79,0.14000000000000001,OK,28.6
2751,2026-07-26T09:37:00.000,3.97,96.7,12.51,512.9,88.9,1.76,0.25,OK,40.4
2669,2026-07-26T09:41:00.000,4.1399999999999997,89.6,13.71,497.1,84.1,1.51,0.28000000000000003,OK,25.1
3407,2026-07-26T09:46:00.000,4.58,96.7,15,601.79999999999995,88.1,1.83,0.38,OK,33.200000000000003
2513,2026-07-26T09:52:00.000,4.1500000000000004,89.4,12.69,483.1,83.6,2.36,0.5,OK,26.4
3530,2026-07-26T09:55:00.000,4.3499999999999996,97.9,15.35,564.9,88.9,1.9,0.55000000000000004,OK,24.9
3412,2026-07-26T10:03:00.000,4.55,97.3,16.53,576.79999999999995,93.1,2.5299999999999998,0.59,OK,38.200000000000003
3179,2026-07-26T10:11:00.000,4.5599999999999996,99,16.2,546.29999999999995,97,1.77,0.65,OK,44.2
2421,2026-07-26T10:19:00.000,4.24,91,12.59,472,85.3,2.37,0.75,OK,42.4
2873,2026-07-26T10:26:00.000,4.42,95.3,12.7,526.20000000000005,86.3,1.58,0.86,OK,38.1
2886,2026-07-26T10:32:00.000,4.05,92.9,14.34,533.1,86.3,1.6,0.93,OK,28.4
2982,2026-07-26T10:36:00.000,4.38,91.4,13.93,535.29999999999995,83.9,1.92,1.03,OK,26.3
3049,2026-07-26T10:44:00.000,4.54,93.3,14.56,538.20000000000005,87.8,2.23,1.1299999999999999,OK,26.5
2568,2026-07-26T10:49:00.000,4.58,86.1,12.18,498.9,75.8,2.2000000000000002,1.1599999999999999,OK,27.9
3176,2026-07-26T10:51:00.000,4.68,94.1,14.25,554.29999999999995,89.1,1.79,1.26,OK,35.700000000000003
2960,2026-07-26T10:58:00.000,4.0199999999999996,91.9,14.08,534.1,82.1,1.57,1.35,OK,35.9
2931,2026-07-26T11:00:00.000,4.34,97.5,15.46,502.4,92,1.53,1.37,OK,34.5
2647,2026-07-26T11:06:00.000,4.32,94.1,13.03,525.5,91.1,1.47,1.4,OK,34
2834,2026-07-26T11:09:00.000,4.54,85.6,13.22,494,80.3,2.23,1.45,OK,22.2
1920,2026-07-26T11:11:00.000,3.97,92.5,9.61,422.2,86.2,1.46,1.5,OK,30.1
2782,2026-07-26T11:14:00.000,4.43,96.3,12.92,522.6,91.8,1.48,1.52,OK,36
3195,2026-07-26T11:20:00.000,3.93,97.4,16.079999999999998,542.4,90.7,1.79,1.61,OK,38.299999999999997
2860,2026-07-26T11:25:00.000,3.95,93.8,13.06,507.5,87.8,1.68,1.69,OK,25.3
2790,2026-07-26T11:32:00.000,4.6900000000000004,92.6,12.89,538,88.5,1.51,1.76,OK,26.3
2800,2026-07-26T11:37:00.000,3.92,95.3,12.27,540.29999999999995,89.4,1.9,1.84,OK,39.4
2923,2026-07-26T11:39:00.000,4.41,97.6,14.4,527.9,95.9,1.99,1.88,OK,42.1
2401,2026-07-26T11:41:00.000,3.81,94,12.43,472.1,88.1,1.57,1.99,OK,37.1
2786,2026-07-26T11:43:00.000,4.6399999999999997,90.3,14.47,499.7,85.6,1.5,2.0299999999999998,OK,24.3
2572,2026-07-26T11:45:00.000,4.49,96.3,13.18,451.9,90.9,1.54,2.15,OK,36.200000000000003
2405,2026-07-26T11:51:00.000,3.76,89,11.8,486.9,81.900000000000006,1.83,2.27,OK,25.5
2826,2026-07-26T11:54:00.000,4.51,95.7,14.74,522.9,89.1,2.14,2.2999999999999998,OK,39.799999999999997
2082,2026-07-26T12:02:00.000,4.16,92.6,11.97,439.2,84.5,1.55,2.37,OK,29.3
2066,2026-07-26T12:09:00.000,4.04,93.1,10.85,482.4,85.8,1.62,2.41,OK,29.2
1438,2026-07-26T12:17:00.000,3.41,89.7,8.89,357,80.3,1.43,2.4900000000000002,OK,28.1
1908,2026-07-26T12:21:00.000,3.2,87.2,8.6999999999999993,448.2,80.2,1.1299999999999999,2.52,OK,36.200000000000003
2049,2026-07-26T12:27:00.000,4.26,90.9,10.93,426.1,87.6,1.96,2.5499999999999998,OK,33.4
2156,2026-07-26T12:29:00.000,3.71,89.7,11.14,478.5,82.2,2.19,2.66,OK,36.299999999999997
2300,2026-07-26T12:31:00.000,3.94,89,11.49,484.6,86.5,1.71,2.75,OK,29.8
2422,2026-07-26T12:38:00.000,4.24,90.7,12.4,458,87.3,1.73,2.82,OK,30.5
1618,2026-07-26T12:46:00.000,3.23,91.3,8.33,413.4,85.6,1.27,2.94,OK,43.6
5256,2026-07-26T12:53:00.000,3.5,89.1,12.91,451.5,81.400000000000006,2.23,3.01,OK,29.1
1680,2026-07-26T12:55:00.000,3.4,84,10.06,391,77.400000000000006,1.42,3.08,OK,36.700000000000003
1529,2026-07-26T12:59:00.000,3.25,87.1,9.49,404.7,82.1,1.29,3.14,OK,23
2078,2026-07-26T13:06:00.000,3.5,89.8,11.41,460,87.7,1.66,3.17,OK,27.4
1971,2026-07-26T13:13:00.000,3.77,94.4,11.29,449.5,90.3,1.24,3.23,OK,34.4
2079,2026-07-26T13:16:00.000,3.92,93.6,10.89,439.9,87.8,2.31,3.3,OK,42.5
2080,2026-07-26T13:18:00.000,3.65,88.5,10.26,467.7,81.8,1.1599999999999999,3.4,OK,40.4
1680,2026-07-26T13:23:00.000,3.7,86.3,7.98,392.7,77,1.53,3.44,OK,33.200000000000003
2203,2026-07-26T13:25:00.000,3.02,87.4,12.17,447.7,80.400000000000006,2.54,3.5,OK,31.6
1470,2026-07-26T13:29:00.000,3.63,88.4,9.16,386.8,81.900000000000006,1.31,3.58,OK,34.6
1394,2026-07-26T13:33:00.000,3.45,93.5,7.27,393.6,88.9,0.95,3.64,OK,37.700000000000003
1875,2026-07-26T13:37:00.000,4.12,91.5,8.89,422.7,82,1.08,3.73,OK,32
1783,2026-07-26T13:44:00.000,3.85,88.3,8.11,411.2,83.7,1.1399999999999999,3.77,OK,24.6
1397,2026-07-26T13:48:00.000,3.68,87.6,8.1199999999999992,356.6,78.2,1.03,3.87,OK,40.700000000000003
1363,2026-07-26T13:54:00.000,3.19,91,9.31,350.3,84,1.66,3.92,OK,39.9
1760,2026-07-26T13:56:00.000,3.06,90.8,8.34,428.5,86.3,1.65,4.01,OK,39
1689,2026-07-26T14:01:00.000,3.64,89.7,9.48,422.2,80.2,1.0900000000000001,4.05,OK,30.3
1212,2026-07-26T14:07:00.000,2.84,87.5,6.38,401.7,83.3,0.94,4.0999999999999996,OK,27.8
1325,2026-07-26T14:14:00.000,3.49,85.3,6.83,372.5,78.099999999999994,1.34,4.16,OK,26.5
1206,2026-07-26T14:21:00.000,3.55,87.7,7.1,346.6,77.900000000000006,0.86,4.22,OK,30.9
800,2026-07-26T14:24:00.000,3.08,89.2,7.93,308,82.5,1.1299999999999999,4.29,OK,28.5
1954,2026-07-26T14:30:00.000,3.43,92.8,9.6199999999999992,425.4,85.2,1.32,4.32,OK,28.2
1536,2026-07-26T14:32:00.000,4.16,89.4,7.61,400.5,80.599999999999994,1.31,4.42,OK,25.6
1835,2026-07-26T14:38:00.000,3.58,95.4,9.43,416.6,88.6,1.18,4.51,OK,29.6
1300,2026-07-26T14:42:00.000,3.74,92,7.57,389.3,85.2,0.95,4.5599999999999996,OK,29.5
1044,2026-07-26T14:50:00.000,3.81,89.1,6.93,358.4,83.2,1.27,4.59,OK,26.8
1057,2026-07-26T14:56:00.000,3.79,82.9,6.6,348,75.7,1.25,4.63,OK,27.5
1035,2026-07-26T15:03:00.000,3.58,81.2,6.61,314.8,71.900000000000006,0.91,4.72,OK,22.7
1139,2026-07-26T15:11:00.000,4,82,7.85,366.7,73.099999999999994,0.79,4.8,OK,24.6
800,2026-07-26T15:15:00.000,3.28,85.6,6.27,359.1,78.2,0.94,4.84,OK,24
1146,2026-07-26T15:21:00.000,3.68,89.3,6.61,343.1,80.3,1.8,4.95,OK,33.700000000000003
1061,2026-07-26T15:24:00.000,3.38,86.5,7.73,340.2,80.2,1.25,5.0599999999999996,OK,26.8
1549,2026-07-26T15:26:00.000,3.28,88,10.91,376.8,89.4,1.02,5.1100000000000003,OK,39.6
1414,2026-07-26T15:28:00.000,3.52,91.8,8.82,390.4,87.4,0.92,5.22,OK,36.9
1075,2026-07-26T15:35:00.000,2.79,87.9,8.32,358.8,81.900000000000006,0.78,5.25,OK,39.9
1358,2026-07-26T15:41:00.000,3.51,87.2,7.76,374.3,78,1.28,5.3,OK,31.1
800,2026-07-26T15:45:00.000,3.02,86.3,6.37,341.5,82.9,0.78,5.4,OK,27.9
800,2026-07-26T15:48:00.000,3.49,83.4,5.3,341.1,76.099999999999994,1.1200000000000001,5.5,OK,25.1
1113,2026-07-26T15:52:00.000,3.8,87.2,5.24,332.7,80.599999999999994,1.1299999999999999,5.52,OK,34.200000000000003
1168,2026-07-26T15:54:00.000,3,85.4,6.93,358.5,82.1,1.22,5.63,OK,39.4
1070,2026-07-26T16:01:00.000,3.49,82.4,6.85,348.8,75.099999999999994,0.75,5.75,OK,30
1581,2026-07-26T16:09:00.000,3.69,92.8,7.99,407.6,90,1.78,5.82,OK,37.200000000000003
1335,2026-07-26T16:13:00.000,3.9,89.8,7.97,371.7,85.6,1.91,5.94,OK,36.4
1445,2026-07-26T16:21:00.000,3.85,86.5,7.45,386.8,80.7,1.25,5.97,OK,34
878,2026-07-26T16:24:00.000,3.57,87.5,8.27,310,83.6,0.68,6.02,OK,35.299999999999997
1179,2026-07-26T16:32:00.000,3.52,85.3,6.48,378.8,75,1.03,6.07,OK,24.3
800,2026-07-26T16:35:00.000,2.76,82.7,5.53,314.5,76.400000000000006,1.38,6.09,OK,32.9
800,2026-07-26T16:39:00.000,2.9,85.6,5.73,314.2,74.7,0.88,6.14,OK,33.4
1153,2026-07-26T16:44:00.000,3.47,89.8,8.3699999999999992,335.7,85.2,1.34,6.2,OK,40.4
800,2026-07-26T16:47:00.000,2.75,81.400000000000006,6.93,343.1,77.8,1.24,6.23,OK,32.6
800,2026-07-26T16:55:00.000,2.95,87.9,6.33,355.9,84.7,1.34,6.26,OK,32.700000000000003
1169,2026-07-26T16:58:00.000,3.23,87.6,7,360.9,82.4,0.8,6.36,OK,31.6
800,2026-07-26T17:03:00.000,3.07,90.3,3.85,309.39999999999998,79.2,0.78,6.4,OK,34.200000000000003
1346,2026-07-26T17:05:00.000,3.56,91,7.42,375.1,85.2,1.49,6.44,OK,31.7
931,2026-07-26T17:12:00.000,3.31,88.8,6.79,336.9,79.3,0.72,6.46,OK,26.7
943,2026-07-26T17:19:00.000,3.47,83.9,6.43,321.89999999999998,78.3,1.35,6.53,OK,30.3
1089,2026-07-26T17:27:00.000,2.98,87.9,8.3000000000000007,357.5,78.8,1.22,6.58,OK,30.7
953,2026-07-26T17:35:00.000,3.1,86.8,7.26,349.5,77.7,1.1499999999999999,6.6,OK,33.6
1098,2026-07-26T17:41:00.000,3.44,91,6.72,357.2,87.2,1.3,6.64,OK,33.200000000000003
800,2026-07-26T17:47:00.000,2.7,90.6,6.9,305.89999999999998,85,1,6.75,OK,38.799999999999997
800,2026-07-26T17:55:00.000,3.37,90.7,4.96,323.10000000000002,84.8,1.49,6.8,OK,36
800,2026-07-26T18:01:00.000,3.2,84.5,6.54,316,80.5,0.67,6.89,OK,30.6
847,2026-07-26T18:07:00.000,2.76,82.4,7.35,317,79.5,0.81,6.98,OK,31.2
1181,2026-07-26T18:09:00.000,3.7,83.5,8.15,375.7,74.599999999999994,1.0900000000000001,7.04,OK,26.2
1769,2026-07-26T18:14:00.000,3.79,88.3,9.16,411.1,86.7,1.6,7.13,OK,21.9
811,2026-07-26T18:17:00.000,3.84,81.5,7.06,325.8,72.8,1.38,7.17,OK,27.9
800,2026-07-26T18:24:00.000,3.55,86.4,4.72,348.3,81.2,0.72,7.24,OK,33.700000000000003
1149,2026-07-26T18:26:00.000,2.79,86.1,6.48,354.5,76.7,2.0299999999999998,7.27,OK,30.2
1115,2026-07-26T18:32:00.000,3.28,82.1,6.54,346.3,73.599999999999994,1.3,7.32,OK,35.6
1135,2026-07-26T18:36:00.000,3.37,89.6,5.83,360.4,83.3,0.78,7.36,OK,39.9
965,2026-07-26T18:42:00.000,3.34,86.7,7.82,362.6,79.8,0.79,7.41,OK,27
800,2026-07-26T18:44:00.000,2.81,87.1,7.63,366.7,83.6,1.29,7.46,OK,26.3
1143,2026-07-26T18:46:00.000,3.37,87.3,7.31,357.5,82.4,0.9,7.55,OK,38.5
1068,2026-07-26T18:49:00.000,3.23,84.7,8.33,365.3,73.099999999999994,1.43,7.64,OK,34.799999999999997
800,2026-07-26T18:53:00.000,2.89,82.7,5.38,338,72.2,1.41,7.75,OK,24.9
1311,2026-07-26T18:59:00.000,3.29,85,7.69,387.8,75.5,1.85,7.79,OK,33.200000000000003
1376,2026-07-26T19:03:00.000,3.32,87.4,7.97,389,86.1,1.71,7.85,OK,23.8
1329,2026-07-26T19:08:00.000,4.08,88.8,7.14,375.7,84,0.92,7.96,OK,34.6
1006,2026-07-26T19:13:00.000,3.7,84.1,7.46,363.3,75.8,1.51,8.02,OK,34.700000000000003
1240,2026-07-26T19:20:00.000,3.49,88.4,7.76,340.6,83.2,1.84,8.1,OK,40.299999999999997
864,2026-07-26T19:28:00.000,2.57,88.9,6.08,324.3,82.1,0.73,8.1199999999999992,OK,29.1
800,2026-07-26T19:36:00.000,3.63,87.4,6.37,343.5,78.400000000000006,1.43,8.23,OK,40.299999999999997
1176,2026-07-26T19:44:00.000,2.66,86.5,8.41,341.3,83.4,0.93,8.2899999999999991,OK,36.700000000000003
800,2026-07-26T19:47:00.000,2.71,84.9,5.94,352.3,79.8,1.02,8.35,OK,34.9
1199,2026-07-26T19:51:00.000,2.84,87.3,9.7200000000000006,343.6,81.3,1.35,8.42,OK,30.5
1246,2026-07-26T19:53:00.000,3.03,91.7,8.49,387,90,0.83,8.52,OK,30.9
998,2026-07-26T19:59:00.000,3.89,83,7.26,317.8,80,0.75,8.59,OK,28.9
1983,2026-07-26T20:01:00.000,4.0599999999999996,92.9,10.51,452.6,87.4,1.37,8.65,OK,26.2
1114,2026-07-26T20:08:00.000,3.42,86.4,9.08,338.1,80.5,0.82,8.73,OK,33.200000000000003
1419,2026-07-26T20:13:00.000,3.46,92.8,8.75,400.4,85.7,0.92,8.84,OK,37.5
1299,2026-07-26T20:21:00.000,3.12,86.1,7.94,369.2,76.900000000000006,1.57,8.93,OK,37.299999999999997
1716,2026-07-26T20:25:00.000,3.9,94.6,8.69,425.1,84.5,1.7,9.0500000000000007,OK,36.700000000000003
1293,2026-07-26T20:28:00.000,3.9,91.9,8.31,385.2,87.7,1.38,9.1199999999999992,OK,31
989,2026-07-26T20:32:00.000,3.52,91.8,7.48,362.3,84.8,1.1299999999999999,9.2200000000000006,OK,35.4
1601,2026-07-26T20:37:00.000,3.82,88.9,10.65,400.7,84.4,1.25,9.25,OK,31.5
954,2026-07-26T20:39:00.000,3.58,87.3,6.65,340.3,82.7,1.05,9.33,OK,36.4
1207,2026-07-26T20:43:00.000,3.44,84.2,7.93,355.4,77.400000000000006,0.84,9.39,OK,27.2
1350,2026-07-26T20:47:00.000,2.81,83.9,7.97,365.2,76.2,0.99,9.43,OK,25.5
1388,2026-07-26T20:55:00.000,3.87,88.8,8.89,398.8,84.1,0.94,9.4499999999999993,OK,25.9
1458,2026-07-26T21:03:00.000,3.14,89.6,9.18,390.8,84.6,1.1599999999999999,9.56,OK,36.4
1456,2026-07-26T21:11:00.000,3.51,89.9,8.1199999999999992,384.1,81.2,1.1399999999999999,9.58,OK,33.299999999999997
1675,2026-07-26T21:19:00.000,4.28,88.7,9.41,420.5,82.5,1.19,9.61,OK,25.2
1420,2026-07-26T21:26:00.000,3.5,87.2,8.56,391.8,81.5,1.47,9.7100000000000009,OK,40.799999999999997
1837,2026-07-26T21:32:00.000,4.34,86.8,10.220000000000001,437.2,81.900000000000006,1.18,9.73,OK,31
1417,2026-07-26T21:35:00.000,3.53,90.3,9.4,373.6,84.3,1.28,9.8000000000000007,OK,32.5
1295,2026-07-26T21:38:00.000,3.12,89.5,9.4,354.6,85.5,1.63,9.8800000000000008,OK,35.1
1371,2026-07-26T21:44:00.000,3.44,88.5,7.01,380.4,85,1.1200000000000001,9.92,OK,35.1
1651,2026-07-26T21:51:00.000,3.44,89.5,10.130000000000001,378.3,84.1,1.1100000000000001,9.99,OK,29
2164,2026-07-26T21:57:00.000,4.25,96.4,10.220000000000001,457.9,93.7,1.48,10.01,OK,37
1843,2026-07-26T22:02:00.000,3.63,94,10.46,419.7,85.8,1.41,10.06,OK,38.5
1720,2026-07-26T22:04:00.000,3.91,90.3,9.8000000000000007,402.2,85.3,2.0299999999999998,10.119999999999999,OK,32.4
1896,2026-07-26T22:10:00.000,3.9,90.8,9.57,400.1,85.9,1.19,10.19,OK,29.5
1516,2026-07-26T22:15:00.000,2.89,90.1,10.18,398.9,85.5,1.03,10.29,OK,23.1
1372,2026-07-26T22:17:00.000,3.22,87.5,7.89,379.5,83.7,1.25,10.35,OK,34
1653,2026-07-26T22:21:00.000,3.62,91.9,10.17,406.7,87,1.37,10.43,OK,40.299999999999997
1661,2026-07-26T22:27:00.000,3.49,91.3,9.35,422.8,82.6,1.19,10.52,OK,40.299999999999997
2897,2026-07-26T22:30:00.000,4.3899999999999997,93.7,12.17,525.20000000000005,87.5,2.0699999999999998,10.57,OK,33.9
2760,2026-07-26T22:33:00.000,4.45,93.5,13.05,512.79999999999995,89.2,1.45,10.68,OK,31.1
2786,2026-07-26T22:41:00.000,4.6500000000000004,93.5,13.86,523.6,86.4,1.64,10.76,OK,39.200000000000003
1722,2026-07-26T22:45:00.000,3.77,90.5,9.25,415.7,85.2,1.02,10.81,OK,25
2792,2026-07-26T22:49:00.000,4.3099999999999996,93.4,12.44,509.7,87.9,2.5099999999999998,10.89,OK,32.6
1958,2026-07-26T22:56:00.000,4.01,90.2,10.9,428.1,81.2,1.72,10.96,OK,28.4
2813,2026-07-26T23:00:00.000,4.0199999999999996,98.6,13.11,505.3,90.2,1.48,11.01,OK,38.1
2421,2026-07-26T23:05:00.000,4.09,97.5,11.9,484.5,90.9,1.58,11.03,OK,37.5
1950,2026-07-26T23:12:00.000,3.95,90,9.14,448.8,83.9,1.25,11.12,OK,29.1
2906,2026-07-26T23:20:00.000,4.3499999999999996,95.9,14.99,533.1,88.8,2.17,11.19,OK,37.4
2922,2026-07-26T23:24:00.000,4.3,98,15.15,524.20000000000005,88.8,1.73,11.26,OK,37.4
2015,2026-07-26T23:29:00.000,4.08,90.3,10.17,451,83.2,1.24,11.37,OK,25.7
2530,2026-07-26T23:35:00.000,3.79,90.9,11.72,492.2,84.9,1.44,11.4,OK,34.200000000000003
1768,2026-07-26T23:41:00.000,3.36,93.9,11.84,413.7,87.5,1.06,11.45,OK,32.1
2337,2026-07-26T23:46:00.000,3.91,95.2,11.92,494.8,92.2,1.34,11.48,OK,41.2
2368,2026-07-26T23:53:00.000,4.3600000000000003,97.1,11.06,460.9,92.3,1.31,11.54,OK,42.3
2390,2026-07-26T23:55:00.000,3.54,92.4,12.1,475.1,82.1,2.0499999999999998,11.59,OK,27.7
3126,2026-07-26T23:57:00.000,4.78,97.7,14.47,536.6,89.8,1.84,11.61,OK,34.4
2123,2026-07-27T00:03:00.000,4.3899999999999997,91,11.99,465.1,86,1.81,11.7,OK,32.200000000000003
2540,2026-07-27T00:09:00.000,4.16,96.7,14.47,477.3,88,1.43,11.77,OK,39.200000000000003
2911,2026-07-27T00:11:00.000,3.93,97.7,13.66,516,90,2.08,11.88,OK,36.799999999999997
2214,2026-07-27T00:13:00.000,3.35,93,11.88,493.5,87.5,1.53,11.94,OK,28.5
2392,2026-07-27T00:18:00.000,4.8099999999999996,89.5,11.47,472.8,87.2,2.0499999999999998,11.99,OK,33.5
3119,2026-07-27T00:20:00.000,4.05,92.8,13.28,552.79999999999995,88.8,2.79,12.01,OK,32.299999999999997
3226,2026-07-27T00:23:00.000,4.32,96.3,14.85,556.5,90.2,1.8,12.12,OK,31.1
2630,2026-07-27T00:25:00.000,3.53,93.7,11.03,494,88.9,1.61,12.22,OK,36.4
3108,2026-07-27T00:27:00.000,3.68,99.4,16.670000000000002,560.29999999999995,94.3,1.74,12.28,OK,34.299999999999997
3378,2026-07-27T00:35:00.000,4.8600000000000003,93.7,16.27,566,87.6,1.7,12.33,OK,27.9
2716,2026-07-27T00:38:00.000,3.98,97.3,13.29,501.9,92.9,1.54,12.39,OK,36.299999999999997
3161,2026-07-27T00:45:00.000,4.8,92.4,12.97,557.70000000000005,88.9,2.27,12.41,OK,34.700000000000003
2760,2026-07-27T00:49:00.000,4.17,89.9,13.25,521.9,84.4,1.48,12.47,OK,30
2459,2026-07-27T00:56:00.000,4.5199999999999996,91,10.83,490.7,86.9,1.65,12.49,OK,24.8
2957,2026-07-27T00:59:00.000,4.21,97.9,14.55,545.70000000000005,89.1,1.92,12.55,OK,40
2893,2026-07-27T01:06:00.000,4.62,98.4,14.72,533.5,94.2,2.02,12.65,OK,40.200000000000003
2677,2026-07-27T01:12:00.000,3.83,95.7,12.91,517.5,89.4,1.66,12.74,OK,29.9
2905,2026-07-27T01:18:00.000,4.04,95.8,12.19,514.1,92.2,2.96,12.84,OK,32.700000000000003
2966,2026-07-27T01:24:00.000,4.01,96.6,12.5,539.4,95.4,1.88,12.86,OK,38.700000000000003
3164,2026-07-27T01:28:00.000,4.2699999999999996,94.2,13.09,549,88.9,1.73,12.97,OK,32.9
3450,2026-07-27T01:32:00.000,4.1100000000000003,91.2,14.86,559.29999999999995,83.8,2.37,13.06,OK,25.4
3471,2026-07-27T01:38:00.000,4.2699999999999996,98.8,14.57,609,95.5,1.96,13.11,OK,31.1
3096,2026-07-27T01:40:00.000,4.12,92.3,13.78,543.4,82.7,2.19,13.22,OK,27.5
2953,2026-07-27T01:45:00.000,5.03,95.3,15.16,517.4,89.4,1.67,13.34,OK,31.6
3632,2026-07-27T01:52:00.000,4.6399999999999997,102.2,15.65,599.4,98.4,2.41,13.38,WARNING,40.1
3146,2026-07-27T01:57:00.000,4.24,103.5,13.91,563.4,99.9,1.81,13.41,WARNING,32.5
2988,2026-07-27T02:05:00.000,4.62,96.4,14.07,552.1,92.2,2,13.52,OK,37.6
3273,2026-07-27T02:09:00.000,4.4000000000000004,93.3,15.54,565.70000000000005,89,1.73,13.56,OK,30.6
2591,2026-07-27T02:16:00.000,4.25,94.3,13.56,501.2,83.1,1.69,13.59,OK,34
3080,2026-07-27T02:20:00.000,4.7,90.7,15.96,542.29999999999995,84.2,2.0499999999999998,13.71,OK,30.7
3071,2026-07-27T02:25:00.000,4.62,96.5,13.62,541.20000000000005,93.8,1.67,13.78,OK,37.6
2997,2026-07-27T02:27:00.000,4.38,93.4,13.82,531.1,91.2,1.6,13.87,OK,24.3
3419,2026-07-27T02:29:00.000,4.6500000000000004,96.7,13.66,593.20000000000005,92.2,2.21,13.95,OK,28.8
3676,2026-07-27T02:37:00.000,4.83,103.3,15.29,638.79999999999995,96.1,2.15,14.04,WARNING,40
3903,2026-07-27T02:41:00.000,5.05,100.2,16.91,650,94.2,2.12,14.12,WARNING,28.8
3148,2026-07-27T02:43:00.000,4.5999999999999996,93.6,13.85,529,90.9,1.65,14.17,OK,29.6
3233,2026-07-27T02:48:00.000,4.51,101.3,14.06,553.1,100.6,1.82,14.25,WARNING,38.799999999999997
3103,2026-07-27T02:56:00.000,4.07,99,13.48,543.29999999999995,92.3,1.65,14.27,OK,32.299999999999997
3538,2026-07-27T03:00:00.000,4.9000000000000004,95.3,16.649999999999999,589,88.5,1.92,14.32,OK,31
2705,2026-07-27T03:03:00.000,3.83,89.7,11.67,480.8,87.1,1.96,14.36,OK,31.4
3230,2026-07-27T03:07:00.000,4.59,89.1,16.149999999999999,538.20000000000005,81.099999999999994,2.2200000000000002,14.39,OK,25.3
3475,2026-07-27T03:13:00.000,4.68,98.6,14.67,588.29999999999995,95.6,2.1800000000000002,14.43,OK,30.8
3160,2026-07-27T03:21:00.000,3.92,99.4,15.94,541.5,92.3,2.08,14.55,OK,35.6
3234,2026-07-27T03:29:00.000,4.26,95.3,13.57,562.20000000000005,94.4,1.97,14.62,OK,32.1
3735,2026-07-27T03:31:00.000,5.26,96.3,15.42,616.70000000000005,90.5,2.0099999999999998,14.67,OK,23.6
3372,2026-07-27T03:33:00.000,4.28,98.3,15.49,588.9,93,2.5299999999999998,14.7,OK,32.299999999999997
3813,2026-07-27T03:41:00.000,5.01,100.7,16.809999999999999,621.29999999999995,96.9,2.13,14.81,WARNING,36.5
3971,2026-07-27T03:46:00.000,4.49,100.3,18.11,641.9,95.6,1.99,14.9,WARNING,31.5
3585,2026-07-27T03:54:00.000,4.18,101.7,15.18,578.79999999999995,96.1,2.0699999999999998,15.01,WARNING,26.4
3298,2026-07-27T03:58:00.000,4.8099999999999996,95.6,14.71,570.79999999999995,87.9,2.13,15.12,OK,29.8
3954,2026-07-27T04:03:00.000,5.29,99.7,17.3,650,95.4,3.09,15.24,WARNING,31.2
2515,2026-07-27T04:11:00.000,4.12,92.4,12.79,463.8,88.3,2.29,15.29,OK,35
2855,2026-07-27T04:15:00.000,4.42,95.6,13.9,535.5,89.9,1.52,15.34,OK,24.9
3665,2026-07-27T04:19:00.000,5.16,103.6,17.04,612.70000000000005,97,2.19,15.41,WARNING,38.299999999999997
4259,2026-07-27T04:22:00.000,5,101.7,19.559999999999999,650,97.5,2.5299999999999998,15.46,WARNING,33
3628,2026-07-27T04:24:00.000,4.74,99.4,16.09,579.9,96.2,2.14,15.52,OK,33.6
3449,2026-07-27T04:32:00.000,4.5,102.3,16.899999999999999,571.29999999999995,97,1.88,15.59,WARNING,38.4
3216,2026-07-27T04:38:00.000,4.2300000000000004,96.5,14.62,576.9,91,1.66,15.69,OK,37.299999999999997
3568,2026-07-27T04:45:00.000,4.18,95.9,16.11,560,88.3,1.84,15.78,OK,21.5
3772,2026-07-27T04:51:00.000,4.55,93.9,17.03,575.79999999999995,84.7,2.0299999999999998,15.83,OK,29.2
3622,2026-07-27T04:53:00.000,5.12,98.9,16.23,610,95.2,2.37,15.88,OK,34.1
3373,2026-07-27T04:58:00.000,5.15,96.9,15.97,535.4,94.3,2.2400000000000002,15.94,OK,34.200000000000003
3704,2026-07-27T05:04:00.000,4.37,101,16.78,611.79999999999995,98.3,2.2999999999999998,15.97,WARNING,30.6
3440,2026-07-27T05:07:00.000,4.8899999999999997,96.7,14.2,547.70000000000005,92.1,2.08,16.079999999999998,OK,31.9
3501,2026-07-27T05:15:00.000,4.58,96.3,14.25,585.5,91.6,2.64,16.12,OK,30.6
3652,2026-07-27T05:18:00.000,5.23,102.8,16.579999999999998,601.29999999999995,97.3,2.0299999999999998,16.16,WARNING,34.700000000000003
2973,2026-07-27T05:25:00.000,4.34,96.3,13.12,563.70000000000005,90.2,1.93,16.239999999999998,OK,38.9
3280,2026-07-27T05:28:00.000,4.2699999999999996,99.4,15.4,546.79999999999995,93.5,2.21,16.29,OK,37.299999999999997
3315,2026-07-27T05:34:00.000,4.5999999999999996,99.4,13.62,563.4,95.6,2.0499999999999998,16.39,OK,28.8
2841,2026-07-27T05:37:00.000,3.78,93.9,13.36,522.9,89.1,2.2999999999999998,16.47,OK,35.299999999999997
2865,2026-07-27T05:40:00.000,4.33,97.1,12.88,502.1,93.1,1.8,16.52,OK,33.200000000000003
3013,2026-07-27T05:45:00.000,4.32,91.4,14.48,516.1,89.2,1.87,16.59,OK,23.7
3581,2026-07-27T05:47:00.000,4.5599999999999996,101.6,14.98,617.1,96.2,2.2999999999999998,16.66,WARNING,40.799999999999997
3132,2026-07-27T05:53:00.000,4.21,98.2,14.94,549.4,95.9,2.23,16.77,OK,32.9
3229,2026-07-27T05:55:00.000,4.22,96.6,15.76,543.79999999999995,91,1.64,16.87,OK,39
3274,2026-07-27T05:58:00.000,4.68,91.8,15.37,558.5,85.7,1.92,16.98,OK,36.200000000000003
3368,2026-07-27T06:03:00.000,4.63,95.1,15.57,561.79999999999995,87,1.75,17.059999999999999,OK,35.700000000000003
3304,2026-07-27T06:05:00.000,4.47,96.9,15.93,559.5,91.2,1.87,17.170000000000002,OK,31.7
3133,2026-07-27T06:13:00.000,4.59,95.2,15.21,569,92.5,2.1,17.239999999999998,OK,40.1
3041,2026-07-27T06:17:00.000,4.3899999999999997,93.6,12.47,540.29999999999995,88,1.79,17.36,OK,28.7
3452,2026-07-27T06:23:00.000,4.51,100.3,16.55,597,90.7,2.13,17.440000000000001,WARNING,39
2876,2026-07-27T06:26:00.000,4.07,94.2,14.95,526.29999999999995,89.5,1.82,17.559999999999999,OK,32.799999999999997
3503,2026-07-27T06:29:00.000,5.03,97.7,16.28,573.5,93.2,2.61,17.62,OK,32.299999999999997
2805,2026-07-27T06:33:00.000,5.0599999999999996,94.5,12.08,516.4,85.6,2.23,17.72,OK,39.200000000000003
2883,2026-07-27T06:36:00.000,3.41,100.9,12.48,551.1,95.4,2.71,17.739999999999998,WARNING,37.799999999999997
3207,2026-07-27T06:44:00.000,4.41,95.5,12.71,539.70000000000005,92.4,1.72,17.829999999999998,OK,36.700000000000003
3764,2026-07-27T06:46:00.000,4.75,97.6,17.61,603,92.2,1.88,17.899999999999999,OK,28.5
2234,2026-07-27T06:54:00.000,4.0199999999999996,90.9,12.49,461.3,81.599999999999994,1.41,17.95,OK,23
3191,2026-07-27T06:57:00.000,5.46,95.3,15.07,532.1,91.1,1.82,18.04,OK,39.4
3028,2026-07-27T07:05:00.000,4.4000000000000004,96.7,14.81,550.5,84.8,2.11,18.11,WARNING,37.4
2679,2026-07-27T07:12:00.000,4.09,93,12.6,508.5,88.3,1.52,18.170000000000002,OK,30.7
2938,2026-07-27T07:20:00.000,4.55,95.2,14.26,505.4,93,1.9,18.21,OK,25.1
2366,2026-07-27T07:22:00.000,4.3099999999999996,92.9,11.75,466.3,88,1.67,18.32,OK,33.4
2482,2026-07-27T07:30:00.000,3.9,90.9,12.42,460.3,84.6,1.44,18.399999999999999,OK,29.9
2883,2026-07-27T07:32:00.000,4.28,94.5,13.8,521,89.5,1.73,18.43,OK,28
2353,2026-07-27T07:38:00.000,3.98,94.6,12.34,470.8,89.2,1.36,18.510000000000002,OK,29.6
2731,2026-07-27T07:44:00.000,4.79,94.3,12.24,501.2,86.5,1.7,18.54,OK,35.799999999999997
2418,2026-07-27T07:51:00.000,4.0999999999999996,92.9,10.86,470.4,86.1,1.63,18.59,OK,32.200000000000003
2464,2026-07-27T07:57:00.000,4.24,93,13.42,469.7,85.1,1.31,18.670000000000002,OK,33.4
2971,2026-07-27T08:04:00.000,4.12,98.1,14.86,533.79999999999995,94.5,1.61,18.73,OK,40.200000000000003
2158,2026-07-27T08:10:00.000,4.08,90.5,11.63,460.6,83.9,1.53,18.82,OK,35.4
2526,2026-07-27T08:14:00.000,4.03,96.6,12.4,500.7,94.1,1.63,18.93,OK,27.2
2676,2026-07-27T08:18:00.000,4.08,96.9,11.96,501.2,87.1,1.75,19.02,OK,30.6
2570,2026-07-27T08:23:00.000,3.94,92.6,12.91,464.9,89.1,2.08,19.059999999999999,OK,32.5
2243,2026-07-27T08:25:00.000,3.98,97.4,10.53,472.2,88,1.47,19.12,OK,32.9
2549,2026-07-27T08:30:00.000,4.12,88,13.35,482.7,78.7,1.7,19.22,OK,35.5
2031,2026-07-27T08:34:00.000,3.48,93,9.48,436.8,85.9,1.41,19.260000000000002,OK,31.5
2191,2026-07-27T08:42:00.000,3.52,100.9,11.17,480.4,94.1,1.59,19.350000000000001,WARNING,32.1
2888,2026-07-27T08:49:00.000,4.41,92.3,14.19,536.6,87.3,1.52,19.43,OK,24.6
2526,2026-07-27T08:56:00.000,4.1399999999999997,93.6,12.72,512.1,87.3,1.81,19.47,OK,25.1
2273,2026-07-27T09:01:00.000,4.16,95.8,12.32,497,92.6,1.5,19.53,OK,38.1
2399,2026-07-27T09:09:00.000,4.07,94,11.06,476.3,86.5,1.5,19.579999999999998,OK,39.9
1930,2026-07-27T09:11:00.000,3.4,90.9,10.8,463.7,90.7,1.29,19.62,OK,27.9
2280,2026-07-27T09:17:00.000,4.1100000000000003,98.8,11.19,468,92.2,2.4300000000000002,19.66,OK,41.8
1994,2026-07-27T09:20:00.000,3.54,88.2,10.61,434.9,81,1.52,19.75,OK,30.2
1919,2026-07-27T09:24:00.000,4.1100000000000003,93.3,8.5399999999999991,460.1,86.2,1.22,19.79,OK,38.1
2049,2026-07-27T09:31:00.000,4.18,92,11.62,430.7,86.3,1.28,19.899999999999999,OK,26.3
1852,2026-07-27T09:33:00.000,3.57,86.6,9.08,427.1,78.099999999999994,1.23,19.97,OK,24.3
2082,2026-07-27T09:36:00.000,3.58,91.3,11.07,464,80,1.27,20.010000000000002,OK,31.4
2149,2026-07-27T09:40:00.000,3.46,94.2,12.23,450.7,88.6,1.66,20.04,OK,37.5
1878,2026-07-27T09:42:00.000,3.32,88,12.06,420.3,83.1,1.83,20.14,OK,29.8
946,2026-07-27T09:46:00.000,3.75,91.4,7.51,364.8,84.9,1.03,20.2,OK,38.1
1611,2026-07-27T09:48:00.000,3.32,89.3,9.64,399.7,83.3,1.73,20.27,OK,29.9
1507,2026-07-27T09:52:00.000,3.44,85.4,9.5500000000000007,381.1,77.099999999999994,1.7,20.38,OK,25.9
1986,2026-07-27T09:56:00.000,4.6900000000000004,90.3,10.01,419.6,85.5,1.44,20.420000000000002,OK,41.2
1573,2026-07-27T10:03:00.000,4.01,86.4,9.01,384.7,78.7,1.1499999999999999,20.46,OK,24.2
1624,2026-07-27T10:09:00.000,3.97,89.6,9.9600000000000009,396.8,81.099999999999994,1.68,20.57,OK,36.6
2065,2026-07-27T10:17:00.000,4.07,93.5,10.54,436,88.7,1.93,20.68,OK,37.200000000000003
1470,2026-07-27T10:19:00.000,3.93,85,6.95,406,76.7,1.05,20.74,OK,29.6
1787,2026-07-27T10:24:00.000,2.9,88.3,10.87,406.2,82.3,1.66,20.84,OK,31.8
1473,2026-07-27T10:27:00.000,3.47,90,9.2899999999999991,416,78,1.9,20.95,OK,22.5
1497,2026-07-27T10:31:00.000,3.34,84.7,7.7,412.8,77.2,1.1200000000000001,21,OK,31.5
1228,2026-07-27T10:37:00.000,2.84,87.4,6.75,380.5,83.7,1.01,21.03,OK,37.700000000000003
1426,2026-07-27T10:44:00.000,3.02,84.9,8.7899999999999991,373.4,75.599999999999994,1.1599999999999999,21.11,OK,30.5
1761,2026-07-27T10:49:00.000,3.63,89.8,12.9,407.1,85.3,1.19,21.13,OK,29.6
1220,2026-07-27T10:53:00.000,2.88,88.5,7.82,374.1,83.5,1.33,21.21,OK,29.2
1282,2026-07-27T10:55:00.000,3.24,98.3,7.48,384.6,92.7,1.02,21.26,OK,38.700000000000003
2274,2026-07-27T10:58:00.000,3.77,97.1,9.83,474.6,89.2,1.55,21.35,OK,42.2
1573,2026-07-27T11:03:00.000,4.1900000000000004,85,9.33,410.7,77.7,1.49,21.39,OK,28.3
1578,2026-07-27T11:06:00.000,3.82,88.4,9.6300000000000008,378.1,81.5,1.21,21.42,OK,24
1217,2026-07-27T11:14:00.000,3.71,85.7,7.45,359.4,79.400000000000006,1,21.54,OK,26.3
1778,2026-07-27T11:22:00.000,3.33,89.1,9.58,415,81.099999999999994,1.3,21.58,OK,33.6
1812,2026-07-27T11:26:00.000,4.1500000000000004,91.3,9.57,423.9,86.5,1.75,21.7,OK,37.1
1157,2026-07-27T11:32:00.000,3.54,89.7,6.65,374.3,83.3,1.27,21.76,OK,33.4
1721,2026-07-27T11:39:00.000,3.63,90.5,8.66,448.6,89.1,1.23,21.83,OK,27.2
1796,2026-07-27T11:46:00.000,3.22,88,7.31,412.8,79.900000000000006,1.38,21.92,OK,38.1
800,2026-07-27T11:51:00.000,3.27,87.9,5.33,336.3,81.5,0.65,22.02,OK,41.4
1587,2026-07-27T11:55:00.000,3.52,85.9,9.41,379.9,77.2,1.07,22.05,OK,29.8
1000,2026-07-27T12:02:00.000,3.01,88.4,6.15,346.5,83.7,1.26,22.11,OK,38.5
1713,2026-07-27T12:06:00.000,3.74,90.6,9.8699999999999992,433.3,85.2,1.8,22.18,OK,40.5
951,2026-07-27T12:14:00.000,3.09,87.8,5.28,343.8,76.400000000000006,1.88,22.26,OK,30.5
1426,2026-07-27T12:21:00.000,3.46,88.5,8.83,410.2,84.1,1.43,22.32,OK,35.5
800,2026-07-27T12:24:00.000,2.74,84.3,5.75,311.89999999999998,76.400000000000006,0.67,22.42,OK,34.1
1571,2026-07-27T12:30:00.000,3.02,90.8,8.41,402.8,83.8,1.94,22.53,OK,38.9
1191,2026-07-27T12:35:00.000,3.89,85.9,8.84,338,82.3,1.1000000000000001,22.6,OK,27
1602,2026-07-27T12:43:00.000,3.2,87.4,7,413.9,85.5,1.17,22.65,OK,26.9
885,2026-07-27T12:46:00.000,2.8,85.9,7.1,314.39999999999998,85.3,0.69,22.74,OK,36.700000000000003
1197,2026-07-27T12:54:00.000,3.24,79.099999999999994,8.4,351.2,73.7,0.81,22.86,OK,24
1641,2026-07-27T12:57:00.000,3.89,92.3,8.9600000000000009,437.6,88.3,1.2,22.9,OK,24.9
1088,2026-07-27T13:05:00.000,3.12,83.1,6.04,354.2,79,1.1399999999999999,22.95,OK,31
1236,2026-07-27T13:09:00.000,3.35,86.8,7.89,351.8,78.7,1.5,23.03,OK,27.2
1320,2026-07-27T13:13:00.000,3.09,90.9,7.7,344.5,81.8,1.26,23.12,OK,40.6
800,2026-07-27T13:17:00.000,3.51,90.3,7.23,313.10000000000002,84.6,1.33,23.15,OK,29.5
873,2026-07-27T13:25:00.000,2.4,91.9,7.34,345.3,86.4,0.71,23.22,OK,33.1
1445,2026-07-27T13:27:00.000,3.6,87.3,8.56,396,81.8,2.04,23.26,OK,23.6
800,2026-07-27T13:32:00.000,3.85,83.5,5.34,319,79.2,0.74,23.3,OK,34.4
1423,2026-07-27T13:37:00.000,3.41,87.2,8.3699999999999992,363,80.099999999999994,1.47,23.34,OK,37.9
819,2026-07-27T13:44:00.000,2.83,86.7,6.5,321.39999999999998,77.2,0.85,23.39,OK,42.7
1739,2026-07-27T13:51:00.000,2.9,90.8,9.4600000000000009,410.7,82.3,1.08,23.51,OK,37
1167,2026-07-27T13:57:00.000,3.51,84.6,7.37,372,80.8,1.56,23.59,OK,26.7
800,2026-07-27T13:59:00.000,3.51,82.4,5.75,331.6,77.599999999999994,0.99,23.64,OK,29.5
1349,2026-07-27T14:05:00.000,3.87,86.8,7.08,378.4,79.599999999999994,2.0699999999999998,23.69,OK,26.5
1506,2026-07-27T14:11:00.000,4.09,85.9,8.56,402.6,78.5,1.61,23.81,OK,29.5
1213,2026-07-27T14:19:00.000,3.61,91.6,7.87,374.1,87.5,1.36,23.88,OK,35.299999999999997
844,2026-07-27T14:21:00.000,2.63,83.5,6.53,340.1,80.2,1.02,23.97,OK,31.5
1503,2026-07-27T14:23:00.000,3.97,88.6,8.7200000000000006,398.2,80,1.1100000000000001,24.03,OK,39
800,2026-07-27T14:25:00.000,2.87,84.8,4.58,327.39999999999998,82.8,0.96,24.05,OK,28
1376,2026-07-27T14:31:00.000,3.36,84.9,7.6,373.2,77.7,1.31,24.1,OK,32.4
800,2026-07-27T14:36:00.000,3.41,85.4,7.37,351.5,75.8,0.82,24.2,OK,35.5
1047,2026-07-27T14:44:00.000,3.43,85.1,7.79,351.2,78.2,1.1599999999999999,24.24,OK,41.3
813,2026-07-27T14:50:00.000,2.88,84.1,6.2,316.5,77.099999999999994,1.57,24.35,OK,26.9
800,2026-07-27T14:53:00.000,3.29,84.8,6.36,302.5,79.7,0.89,24.38,OK,37.6
1474,2026-07-27T15:00:00.000,2.58,88,7.65,406.2,77,1.61,24.49,OK,34.9
800,2026-07-27T15:04:00.000,3.48,84.3,5.33,319,81.2,1.07,24.53,OK,26
1513,2026-07-27T15:12:00.000,3.38,88.6,8.17,394.8,85.9,1.98,24.61,OK,35.9
800,2026-07-27T15:17:00.000,3.85,85.9,6.02,346,79.599999999999994,1.45,24.66,OK,26.3
1412,2026-07-27T15:20:00.000,3.39,86.8,7.96,387.5,79.5,1.18,24.68,OK,36.200000000000003
800,2026-07-27T15:28:00.000,3.6,83.8,6.42,328.1,82,1.33,24.78,OK,29.9
800,2026-07-27T15:33:00.000,3.49,84.3,6.35,328,78.599999999999994,0.94,24.86,OK,30.5
912,2026-07-27T15:36:00.000,3.46,88.9,6.88,340.1,82,0.91,24.94,OK,35.700000000000003
1278,2026-07-27T15:40:00.000,3.67,91.2,6.24,368.1,84.7,1.1399999999999999,24.97,OK,35.9
800,2026-07-27T15:44:00.000,3.34,84,8.61,327.9,75.5,1.1299999999999999,25.03,OK,36
1195,2026-07-27T15:49:00.000,3.6,87.3,7.94,348.1,78.5,1.29,25.07,OK,36.4
1358,2026-07-27T15:55:00.000,3.79,81.3,7.93,361.7,71.8,1.32,25.11,OK,24.6
1652,2026-07-27T15:58:00.000,3.54,89,8.92,376.7,81.5,1.28,25.15,OK,30.8
1166,2026-07-27T16:06:00.000,3.1,90.2,7.58,349.2,79.8,1.18,25.23,OK,44.1
1566,2026-07-27T16:13:00.000,3.36,93.5,8.56,412.3,85.4,1,25.35,OK,36.4
1471,2026-07-27T16:17:00.000,3.43,87.6,7.96,394.8,79.900000000000006,1.31,25.37,OK,30.5
1157,2026-07-27T16:20:00.000,3.43,86.2,7.48,366.2,81,1.06,25.46,OK,29.6
1607,2026-07-27T16:22:00.000,3.87,89.3,9.89,355.1,80.900000000000006,1.31,25.53,OK,37.4
1536,2026-07-27T16:28:00.000,3.6,88.2,8.7899999999999991,394.1,81.5,0.95,25.58,OK,24.7
1183,2026-07-27T16:34:00.000,3.67,89.7,7.8,379,81.900000000000006,1.07,25.63,OK,39.700000000000003
1509,2026-07-27T16:39:00.000,3.57,87.4,9.67,400.1,76.3,1.78,25.7,OK,22.9
1373,2026-07-27T16:42:00.000,4.18,93.9,9.0399999999999991,384.8,85.6,1.37,25.79,OK,34
1489,2026-07-27T16:45:00.000,3.59,86.4,10.24,395.9,83.4,1.83,25.91,OK,38.299999999999997
1977,2026-07-27T16:49:00.000,3.85,85.2,9.0500000000000007,413.1,84.1,1.71,25.95,OK,37.4
1057,2026-07-27T16:51:00.000,3.04,88.6,6.37,364.9,79.2,1.7,26.02,OK,32.6
1448,2026-07-27T16:58:00.000,3.92,87.2,7.79,379.7,80.8,1.08,26.05,OK,27.7
1392,2026-07-27T17:05:00.000,3.86,87.2,6.79,365.8,79.400000000000006,1.2,26.16,OK,34.200000000000003
1679,2026-07-27T17:07:00.000,4.16,93.5,8.68,412.4,87.5,1.69,26.25,OK,38.200000000000003
1268,2026-07-27T17:10:00.000,3.89,86.1,8.5399999999999991,356.1,79.400000000000006,1.1000000000000001,26.36,OK,24.4
1251,2026-07-27T17:14:00.000,3.44,85.2,9.11,345.1,82.2,0.94,26.4,OK,26.8
1450,2026-07-27T17:20:00.000,3.08,90.5,8.92,384.9,86.1,1.02,26.49,OK,31.4
1663,2026-07-27T17:25:00.000,3.67,92,11.02,413.6,85.3,1.41,26.55,OK,35.1
1361,2026-07-27T17:31:00.000,3.82,88.9,7.52,389.9,81.5,1.0900000000000001,26.62,OK,29.2
800,2026-07-27T17:33:00.000,3.15,83.7,7.01,327.10000000000002,78.8,1.0900000000000001,26.65,OK,37.5
1238,2026-07-27T17:35:00.000,3.27,85.5,8.43,398.1,78.2,1.24,26.69,OK,32.5
2092,2026-07-27T17:38:00.000,3.77,90.9,11,450.6,87,1.23,26.76,OK,27.7
2165,2026-07-27T17:40:00.000,4.34,94.1,10.99,481.2,86.9,1.7,26.8,OK,37.4
1476,2026-07-27T17:44:00.000,3.38,90.9,8.42,394.7,87.5,1.1599999999999999,26.83,OK,27.6
2306,2026-07-27T17:50:00.000,4.2699999999999996,88.1,12.32,472.3,81.900000000000006,1.54,26.92,OK,21.6
1590,2026-07-27T17:53:00.000,3.93,87.5,9.49,397.1,79.7,1.64,26.99,OK,26.1
1194,2026-07-27T17:57:00.000,3.54,91.7,7.98,372.8,89.6,1.38,27.1,OK,38.1
1652,2026-07-27T18:01:00.000,3.38,91.3,9.77,416.1,85.5,1.83,27.16,OK,41.5
2041,2026-07-27T18:09:00.000,3.72,93.8,10.58,461.2,87.5,1.62,27.19,OK,41.6
1618,2026-07-27T18:14:00.000,3.07,87.5,9.8699999999999992,374.5,78.3,1.61,27.22,OK,26.2
2055,2026-07-27T18:22:00.000,3.7,93.1,10.08,442.2,88.9,1.85,27.3,OK,34.4
1966,2026-07-27T18:24:00.000,3.19,91.1,10.48,420.8,84,1.25,27.36,OK,28.8
1802,2026-07-27T18:26:00.000,4.1100000000000003,86.3,9.77,383,82.1,1.53,27.43,OK,33.700000000000003
2203,2026-07-27T18:30:00.000,3.46,94.7,11.03,470.2,88.7,1.76,27.51,OK,37.5
2391,2026-07-27T18:37:00.000,3.64,94.6,11.94,474.4,84.5,1.69,27.57,OK,23.3
2053,2026-07-27T18:40:00.000,3.77,88.5,10.16,430.8,79,1.72,27.62,OK,35.700000000000003
2226,2026-07-27T18:48:00.000,3.77,90.6,13.6,461,82.8,2.19,27.73,OK,23.9
1539,2026-07-27T18:55:00.000,4.22,91.7,9.9499999999999993,408.6,84.4,1.3,27.77,OK,37.799999999999997
2566,2026-07-27T18:59:00.000,4.5599999999999996,92.3,13.54,499.7,85.9,1.4,27.8,OK,41.3
1922,2026-07-27T19:03:00.000,3.71,89.3,10.8,420.3,78,1.0900000000000001,27.89,OK,35
1837,2026-07-27T19:05:00.000,4.3099999999999996,86.4,10.79,419.3,80.900000000000006,1.61,27.98,OK,24.2
2479,2026-07-27T19:11:00.000,4.25,92.3,13.03,496.6,85.1,2.33,28.01,OK,27.3
2064,2026-07-27T19:19:00.000,3.89,86.7,10.49,409,77.599999999999994,1.51,28.05,OK,28.3
1986,2026-07-27T19:21:00.000,3.5,90.6,10.199999999999999,422.4,84.7,2.0299999999999998,28.08,OK,38.1
2156,2026-07-27T19:26:00.000,3.7,90.8,10.34,450.9,83.8,1.44,28.17,OK,25.7
1863,2026-07-27T19:31:00.000,4.4800000000000004,93.4,10.66,406.9,87.7,1.1200000000000001,28.23,OK,36.200000000000003
2072,2026-07-27T19:34:00.000,4.0199999999999996,91.9,9.23,430.5,83.4,1.56,28.31,OK,34.6
2706,2026-07-27T19:40:00.000,4.1500000000000004,92.2,13.32,523.1,85.7,1.76,28.34,OK,35.5
2786,2026-07-27T19:44:00.000,4.29,94.1,12.96,516.79999999999995,87.3,1.44,28.39,OK,33.9
2431,2026-07-27T19:52:00.000,4.0999999999999996,94.1,10.54,481,87.2,1.52,28.46,OK,35.4
2199,2026-07-27T20:00:00.000,3.89,94.6,11.45,446.6,91.2,1.48,28.55,OK,28.5
2611,2026-07-27T20:07:00.000,3.28,95.2,12.4,493,87.2,1.53,28.59,OK,34.4
1832,2026-07-27T20:13:00.000,3.97,95.3,10.28,408.9,90.7,1.47,28.65,OK,32.200000000000003
2935,2026-07-27T20:15:00.000,4.92,99.2,13.31,529.6,93.6,1.71,28.71,OK,40.9
2529,2026-07-27T20:17:00.000,4.17,98.1,11.05,469.3,94.7,1.75,28.75,OK,39.799999999999997
2220,2026-07-27T20:21:00.000,4.12,90.2,11.13,476.7,84.2,1.36,28.79,OK,32.200000000000003
3131,2026-07-27T20:28:00.000,4.13,98.6,13.68,537.20000000000005,95.3,1.93,28.83,OK,35.4
2653,2026-07-27T20:32:00.000,4.03,95.6,11.11,488.2,87,1.86,28.88,OK,37.6
2517,2026-07-27T20:37:00.000,4.17,100.4,13.07,496.5,94.1,1.71,29,WARNING,36.799999999999997
3411,2026-07-27T20:39:00.000,4.6500000000000004,98.5,14.89,582,94.6,1.68,29.12,OK,41.2
2537,2026-07-27T20:46:00.000,3.99,100,12.25,500.5,94.3,1.49,0.06,OK,41.3
3010,2026-07-27T20:48:00.000,4.7,100.4,12.05,553,95.6,2,0.09,WARNING,35.5
3017,2026-07-27T20:56:00.000,4.47,93,13.68,520.29999999999995,84.2,2.02,0.18,OK,28.3
2504,2026-07-27T21:01:00.000,4.3,93.5,12.89,489,87.5,1.44,0.25,OK,30.5
2777,2026-07-27T21:09:00.000,4.1100000000000003,89.9,11.38,507.2,85,2.4700000000000002,0.27,OK,29.1
2763,2026-07-27T21:12:00.000,4.5,98.9,13.04,524.5,91.7,1.52,0.39,OK,32.6
2258,2026-07-27T21:19:00.000,3.64,87.8,10.76,463.9,79.5,2.4,0.42,OK,36.799999999999997
2214,2026-07-27T21:22:00.000,3.98,88.2,11.91,466.3,86.1,1.57,0.5,OK,33.9
2164,2026-07-27T21:27:00.000,4.03,92.4,10.64,484.4,83.2,2.08,0.56000000000000005,OK,36.9
2792,2026-07-27T21:29:00.000,4.1500000000000004,90.4,13.69,506.9,85.6,1.97,0.65,OK,25.9
2625,2026-07-27T21:31:00.000,4.2300000000000004,89,13.25,475.1,83.8,1.68,0.73,OK,23.9
2669,2026-07-27T21:38:00.000,4.41,95.7,12.54,497.3,89.4,1.9,0.75,OK,43
2870,2026-07-27T21:46:00.000,4.54,95.9,13.99,518.4,89.9,1.58,0.82,OK,27.5
3040,2026-07-27T21:54:00.000,4.3600000000000003,99.1,13.91,553.29999999999995,89.1,1.91,0.88,OK,36.6
2951,2026-07-27T21:57:00.000,4.2,96,14.14,540.79999999999995,93.4,2.14,0.96,OK,31.4
2834,2026-07-27T22:01:00.000,4.43,95,12.57,523,87.8,1.59,1.01,OK,29.2
3777,2026-07-27T22:05:00.000,5.53,100.6,15.87,613.9,95.1,2.6,1.08,WARNING,39.1
3050,2026-07-27T22:10:00.000,4.5599999999999996,100.8,13.13,542,96.9,2.52,1.1499999999999999,WARNING,43
3489,2026-07-27T22:14:00.000,5.25,97,15.95,580.79999999999995,91,1.78,1.22,OK,29.3
2725,2026-07-27T22:17:00.000,4.33,91.6,14.12,485.7,86.3,1.74,1.31,OK,30.1
3643,2026-07-27T22:23:00.000,4.87,96.1,17.11,592.1,87.7,2.41,1.35,OK,26.8
3001,2026-07-27T22:28:00.000,3.59,95.6,13.79,537.9,85.5,2.1800000000000002,1.38,OK,31.1
4190,2026-07-27T22:30:00.000,4.95,103.8,18.02,650,97.7,2.34,1.4,WARNING,36.6
2766,2026-07-27T22:36:00.000,4.59,94.9,13.92,490,88.2,1.61,1.45,OK,31.5
2867,2026-07-27T22:39:00.000,4.4400000000000004,90.3,14.72,520.70000000000005,83,1.59,1.48,OK,26.8
3189,2026-07-27T22:47:00.000,4.4400000000000004,97.7,12.72,581.5,93.4,1.63,1.51,OK,30.1
3145,2026-07-27T22:49:00.000,4.4800000000000004,95.6,14.05,551.70000000000005,86,1.63,1.61,OK,34.700000000000003
2872,2026-07-27T22:53:00.000,4.88,98.3,13.69,524.5,91.9,1.72,1.66,OK,41.2
3811,2026-07-27T22:58:00.000,4.6399999999999997,95.8,16.8,618.1,91.4,1.94,1.76,OK,35.4
3786,2026-07-27T23:02:00.000,5.17,99.5,16.690000000000001,611.5,95.4,2.04,1.79,OK,29.3
3199,2026-07-27T23:07:00.000,5.03,99.3,16.41,541,90.6,2.92,1.85,OK,34.9
3682,2026-07-27T23:10:00.000,5.01,97.5,15.63,597.79999999999995,87,2.46,1.93,OK,34
3836,2026-07-27T23:17:00.000,4.51,101.7,16.37,629.1,96.9,2.02,2.0299999999999998,WARNING,39
3344,2026-07-27T23:24:00.000,4.79,96.6,14.34,535,88,1.98,2.0699999999999998,OK,29.3
3122,2026-07-27T23:27:00.000,4.63,95.9,13,540.29999999999995,88.3,2.2000000000000002,2.19,OK,39.4
3812,2026-07-27T23:29:00.000,5.33,102.2,16.25,598.1,97.7,1.91,2.2400000000000002,WARNING,36.1
3765,2026-07-27T23:37:00.000,4.7300000000000004,100.1,15.82,609.20000000000005,96.1,2.17,2.36,WARNING,40.200000000000003
2938,2026-07-27T23:42:00.000,3.62,92.6,13.52,533.79999999999995,85.6,1.65,2.42,OK,26.6
3878,2026-07-27T23:48:00.000,4.49,102.5,17.86,620.5,97.3,2.38,2.5299999999999998,WARNING,39.6
3030,2026-07-27T23:52:00.000,4.32,95.9,13.49,530.4,87.7,1.69,2.5499999999999998,OK,32.1
3524,2026-07-27T23:57:00.000,4.6500000000000004,100.1,16.59,576.70000000000005,94.9,2.14,2.57,WARNING,35.4
3109,2026-07-28T00:03:00.000,4.72,95.6,15.22,533.20000000000005,83.4,1.73,2.64,OK,30.1
3454,2026-07-28T00:07:00.000,4.58,98.6,15.5,589.29999999999995,91.9,1.84,2.75,OK,33.200000000000003
3439,2026-07-28T00:10:00.000,4.4400000000000004,96.9,15.98,584.5,89.7,2.35,2.82,OK,31.5
4181,2026-07-28T00:13:00.000,4.76,99,18.88,650,92.1,2.57,2.87,OK,32.5
2832,2026-07-28T00:21:00.000,4.24,93.1,13.09,523.4,89.5,1.77,2.97,OK,33.4
3130,2026-07-28T00:23:00.000,4.54,93,14.26,557.70000000000005,86,1.66,2.99,OK,27.5
3235,2026-07-28T00:31:00.000,4.59,96.8,15.15,541.6,90,1.93,3.04,OK,39.4
3511,2026-07-28T00:34:00.000,4.8,107.2,16.2,593.4,101,1.73,3.07,WARNING,40.200000000000003
3284,2026-07-28T00:37:00.000,4.6399999999999997,96.6,14.94,544,90.6,1.94,3.18,OK,26.9
2621,2026-07-28T00:40:00.000,3.66,91.2,13.35,490.5,85.6,2.0299999999999998,3.28,OK,29.6
3644,2026-07-28T00:45:00.000,4.2300000000000004,102,16.09,593.20000000000005,96.5,2.04,3.37,WARNING,37.6
3848,2026-07-28T00:47:00.000,4.6500000000000004,104.9,17.46,628.6,95.8,2.6,3.41,WARNING,37
3527,2026-07-28T00:52:00.000,4.54,98.6,16.190000000000001,585.6,93.6,3.12,3.52,WARNING,41.4
3209,2026-07-28T01:00:00.000,4.9800000000000004,97.1,14.17,564.9,87.6,1.77,3.59,OK,40.5
3433,2026-07-28T01:06:00.000,4.34,94.6,16.75,590.20000000000005,87,1.92,3.7,OK,39.799999999999997
2928,2026-07-28T01:13:00.000,4.53,94.7,14.59,531.5,86.8,1.78,3.76,OK,33.799999999999997
3717,2026-07-28T01:16:00.000,5.33,99.6,15.56,603.79999999999995,91.9,2.41,3.81,OK,28.5
3510,2026-07-28T01:22:00.000,4.91,96.5,16.39,584.6,91.2,2.15,3.89,OK,31.3
3139,2026-07-28T01:30:00.000,4.8,94.9,14.2,574,92,2.0099999999999998,4,OK,38.6
3344,2026-07-28T01:36:00.000,5.14,91.3,15.9,547.6,84.4,2.71,4.05,OK,25
3665,2026-07-28T01:41:00.000,4.88,99.7,17.3,600.9,91.1,2.12,4.13,OK,35
3699,2026-07-28T01:44:00.000,5.05,99.1,16.940000000000001,587.79999999999995,91.4,1.94,4.1900000000000004,OK,41.2
3253,2026-07-28T01:52:00.000,4.51,100.2,15.95,559,93.6,1.99,4.2300000000000004,WARNING,27
4017,2026-07-28T01:57:00.000,5.6,100.5,18.07,641.79999999999995,98.3,2.37,4.2699999999999996,WARNING,34.5
3730,2026-07-28T02:01:00.000,4.92,98.4,16.18,609.9,93.7,2.25,4.32,OK,39.5
3421,2026-07-28T02:05:00.000,4.3600000000000003,97.4,13.58,576.29999999999995,91.7,1.9,4.3499999999999996,OK,24.3
3082,2026-07-28T02:12:00.000,4.07,102.5,13.25,529.5,93,2.0499999999999998,4.46,WARNING,39.200000000000003
3077,2026-07-28T02:15:00.000,4.2,100.2,13.73,560.29999999999995,89.9,1.87,4.54,WARNING,32.299999999999997
3258,2026-07-28T02:22:00.000,4.01,93.3,15.34,574.5,86.4,2.09,4.63,OK,28.7
3132,2026-07-28T02:29:00.000,5,92.5,13.32,518.79999999999995,82.3,2.19,4.75,OK,31.5
3748,2026-07-28T02:35:00.000,5.36,94.1,15.37,609,89.6,2.44,4.8600000000000003,OK,26.9
2806,2026-07-28T02:43:00.000,4.57,97.2,12.92,501.4,91.2,1.84,4.96,OK,36.1
3292,2026-07-28T02:48:00.000,4.5599999999999996,97.1,14.73,578.20000000000005,91,2.98,5.07,OK,37.4
2395,2026-07-28T02:54:00.000,3.7,90.1,11.95,485.3,83,1.7,5.18,OK,29
3207,2026-07-28T03:01:00.000,4.28,97.3,15.85,576.29999999999995,91.8,2.27,5.24,OK,28.3
3360,2026-07-28T03:08:00.000,4.76,96.9,14.78,561.29999999999995,91.5,2.16,5.34,OK,40.9
3537,2026-07-28T03:12:00.000,4.5199999999999996,100.2,15.72,580.4,95.3,2.15,5.43,WARNING,32
2804,2026-07-28T03:17:00.000,4.29,92.5,14.08,541.20000000000005,79.099999999999994,1.95,5.51,OK,34.6
2740,2026-07-28T03:22:00.000,3.78,94.6,12.24,507.5,88.9,1.55,5.57,OK,37.700000000000003
3324,2026-07-28T03:27:00.000,4.17,101,16.149999999999999,564.29999999999995,94.8,2.25,5.68,WARNING,35.6
3361,2026-07-28T03:35:00.000,4.3899999999999997,96.6,14.35,557,85.7,1.68,5.78,OK,29.7
2839,2026-07-28T03:38:00.000,4.72,90.5,13.03,491.5,83.9,1.73,5.85,OK,26.3
2209,2026-07-28T03:41:00.000,3.98,95.6,10.56,458.1,91.7,1.54,5.89,OK,32.299999999999997
2499,2026-07-28T03:49:00.000,3.82,94.6,13.63,501.7,89.9,1.33,5.93,OK,27
2812,2026-07-28T03:52:00.000,4.12,97.7,13.42,499.3,92.7,2.76,6.01,OK,30.7
2323,2026-07-28T03:57:00.000,4.53,88.3,11.44,462.3,83.1,2.2000000000000002,6.11,OK,33.5
3048,2026-07-28T04:03:00.000,4.63,97.9,13.08,543,95.1,1.82,6.15,OK,38.799999999999997
2497,2026-07-28T04:05:00.000,3.76,92,13.27,466,81.3,1.46,6.25,OK,35
2715,2026-07-28T04:13:00.000,4.3,91.5,13.72,482.7,86.3,1.63,6.34,OK,28
3097,2026-07-28T04:19:00.000,4.47,96.4,13.71,542.6,92,2.31,6.37,OK,28.4
2815,2026-07-28T04:26:00.000,4.59,90.1,13.36,526,83.5,1.98,6.42,OK,32.200000000000003
3339,2026-07-28T04:30:00.000,4.16,97.6,15.53,552.6,96.2,1.84,6.51,OK,33.700000000000003
3120,2026-07-28T04:37:00.000,4.25,99.6,14.7,543.70000000000005,92.6,1.57,6.61,OK,32
2239,2026-07-28T04:44:00.000,4.29,94.6,10.89,464.4,86.3,1.59,6.69,OK,41.4
2782,2026-07-28T04:48:00.000,4.49,98,14.59,542.1,93.1,1.97,6.71,OK,35.9
2599,2026-07-28T04:51:00.000,3.96,92.7,12.39,505.1,85.6,2.02,6.76,OK,27.7
2932,2026-07-28T04:53:00.000,4.5,94.9,13.58,550.9,92.5,1.84,6.86,OK,40.5
2671,2026-07-28T04:56:00.000,3.99,98.4,13.72,521.6,92.9,1.91,6.93,OK,31.1
2284,2026-07-28T05:02:00.000,4.12,91.9,12.14,480.4,88.2,1.49,6.96,OK,33.1
2596,2026-07-28T05:05:00.000,4.4400000000000004,91.6,13.4,469.3,88.3,2.12,7.01,OK,37.4
2271,2026-07-28T05:09:00.000,3.76,87.6,13.14,419.5,79.8,1.63,7.09,OK,28.4
2144,2026-07-28T05:16:00.000,3.78,90.6,10.39,464.2,83.9,1.68,7.21,OK,30.5
2301,2026-07-28T05:24:00.000,3.99,96.1,11.68,478.2,90.5,1.62,7.25,OK,39
2398,2026-07-28T05:28:00.000,3.86,93.3,11.16,445.1,86.4,2.4500000000000002,7.34,OK,35.1
2736,2026-07-28T05:31:00.000,4.05,90.7,12.59,492,86.8,1.65,7.44,OK,33.299999999999997
2077,2026-07-28T05:37:00.000,3.98,92.1,10.050000000000001,440,82.4,1.27,7.47,OK,34.799999999999997
1550,2026-07-28T05:44:00.000,3.94,89.8,8.85,407.7,83.7,1.32,7.52,OK,25.1
2122,2026-07-28T05:49:00.000,3.71,89.3,11.65,448.1,83.7,1.9,7.64,OK,24.9
2250,2026-07-28T05:55:00.000,3.68,93.4,11.05,477,84.7,2.38,7.75,OK,23.5
2194,2026-07-28T05:58:00.000,3.65,90.5,11.31,437,86.9,1.39,7.84,OK,35.799999999999997
2012,2026-07-28T06:04:00.000,3.77,93.9,9.74,418.2,86.6,1.28,7.92,OK,35.1
2403,2026-07-28T06:08:00.000,4.49,95.5,11.24,451.9,83.8,1.39,7.96,OK,38.700000000000003
2150,2026-07-28T06:10:00.000,3.74,93.8,9.7899999999999991,463.2,87.2,1.18,8.02,OK,35.9
2222,2026-07-28T06:14:00.000,4.4000000000000004,92.9,10.96,459.1,85.5,1.94,8.09,OK,32.1
1339,2026-07-28T06:18:00.000,3.28,88.8,8.0399999999999991,377.5,80.599999999999994,1.23,8.1999999999999993,OK,38.9
1892,2026-07-28T06:23:00.000,3.31,89.4,10.07,428.9,80.2,1.1000000000000001,8.25,OK,25.1
1874,2026-07-28T06:26:00.000,4.38,87.4,9.3699999999999992,391.2,80.400000000000006,1.52,8.2799999999999994,OK,25
2483,2026-07-28T06:31:00.000,4.04,93.2,12.47,483.5,83.3,1.48,8.32,OK,30.1
1828,2026-07-28T06:36:00.000,4.07,89,9.7100000000000009,435.4,80.400000000000006,1.84,8.4,OK,24.9
1605,2026-07-28T06:44:00.000,3.9,88.3,8.36,415.5,86.5,1.51,8.4700000000000006,OK,31.5
1556,2026-07-28T06:52:00.000,3.8,88.5,9.0399999999999991,384.4,83.1,0.96,8.5500000000000007,OK,32.1
2122,2026-07-28T06:55:00.000,3.85,87.5,10.99,434.9,80.599999999999994,1.26,8.61,OK,30.9
1549,2026-07-28T07:01:00.000,3.71,89.8,8.7899999999999991,402.4,80.900000000000006,1.0900000000000001,8.7100000000000009,OK,35.4
1425,2026-07-28T07:08:00.000,3.4,89.9,9.4700000000000006,385.6,80.900000000000006,1.18,8.74,OK,32.700000000000003
2017,2026-07-28T07:10:00.000,3.31,94.1,10.9,425.4,87.3,1.17,8.85,OK,42.6
1807,2026-07-28T07:15:00.000,3.59,90,12.19,413,80.099999999999994,1.1499999999999999,8.9499999999999993,OK,30.6
1560,2026-07-28T07:20:00.000,3.88,86.9,8.56,403.7,76.2,1.44,9.01,OK,38.700000000000003
1152,2026-07-28T07:26:00.000,3.7,89.2,7.59,344.1,83.9,0.79,9.07,OK,36.9
1784,2026-07-28T07:29:00.000,4.12,85.3,8.6999999999999993,439.9,79.7,1.5,9.11,OK,26.1
1854,2026-07-28T07:33:00.000,3.75,88.6,9.5399999999999991,421.6,85.3,1.22,9.17,OK,33.4
1206,2026-07-28T07:39:00.000,3.84,85.4,6.01,352.6,81.2,1.19,9.2100000000000009,OK,35.9
1642,2026-07-28T07:43:00.000,3.29,88.2,9.68,416.3,78.099999999999994,1.23,9.31,OK,38.4
1455,2026-07-28T07:45:00.000,4.45,88.8,9.44,391.5,82.3,1.06,9.41,OK,32.4
1157,2026-07-28T07:52:00.000,3.36,85.6,7.3,365.3,72.5,1.36,9.4499999999999993,OK,39.700000000000003
1287,2026-07-28T07:57:00.000,3.48,85.3,6.51,342,75.3,1.1000000000000001,9.52,OK,34.799999999999997
1403,2026-07-28T07:59:00.000,3.04,91.2,10.34,387.5,85.3,1.17,9.5500000000000007,OK,28.2
936,2026-07-28T08:03:00.000,3.01,91.8,6.38,354.3,87.4,1.1599999999999999,9.66,OK,36.200000000000003
1575,2026-07-28T08:07:00.000,3.8,92.7,8.58,405.4,89,1.1100000000000001,9.69,OK,37.299999999999997
1105,2026-07-28T08:11:00.000,3.51,86.8,8.0500000000000007,364.4,78.7,1.55,9.76,OK,34.9
1098,2026-07-28T08:16:00.000,2.8,88.3,6.46,376.1,83.9,0.78,9.86,OK,26.6
1489,2026-07-28T08:19:00.000,3.64,88.8,8.06,400.7,80.900000000000006,1.07,9.92,OK,27.5
1134,2026-07-28T08:22:00.000,2.8,83,8.08,350,76.5,1.31,9.9499999999999993,OK,35.4
1197,2026-07-28T08:30:00.000,3.77,90.5,8.85,390.4,79.3,1.07,9.99,OK,33.200000000000003
1217,2026-07-28T08:37:00.000,3.88,81.900000000000006,7.52,375.4,77.2,1.0900000000000001,10.039999999999999,OK,22.7
965,2026-07-28T08:44:00.000,2.89,86,5.59,353.4,84.8,1.08,10.130000000000001,OK,36.1
1037,2026-07-28T08:49:00.000,3.37,85.3,7.97,336.6,79.3,0.89,10.210000000000001,OK,24.2
1195,2026-07-28T08:52:00.000,2.88,87.1,5.57,347.8,83.1,1.04,10.26,OK,28.4
1180,2026-07-28T08:55:00.000,3.19,89.6,8.07,358.6,84.4,1.67,10.32,OK,37.799999999999997
1354,2026-07-28T09:02:00.000,3.53,89.9,7.03,384.7,82.4,0.95,10.38,OK,27.9
1354,2026-07-28T09:07:00.000,3.51,86.5,7.91,366.5,77.2,1.02,10.46,OK,23.5
1566,2026-07-28T09:10:00.000,3.71,87.1,9.26,396.2,83.9,1.85,10.51,OK,23.1
800,2026-07-28T09:17:00.000,3.15,91.9,5.42,336.9,89.3,0.81,10.62,OK,42.4
1433,2026-07-28T09:24:00.000,3.64,88.1,8.1,401.5,80.2,2.1800000000000002,10.69,OK,32
982,2026-07-28T09:27:00.000,3.03,86.8,6.54,366.5,80.900000000000006,1.02,10.77,OK,35.299999999999997
1319,2026-07-28T09:33:00.000,3.37,88.5,8.01,374.2,85,1.75,10.89,OK,30.4
1197,2026-07-28T09:41:00.000,3.35,91.1,7.84,354.6,83.5,1.38,11,OK,27.5
866,2026-07-28T09:48:00.000,3.12,86.4,6.53,341.9,79.2,0.96,11.09,OK,41.3
1590,2026-07-28T09:50:00.000,4.57,86.6,9.09,385.7,83.9,1.23,11.14,OK,39.700000000000003
1316,2026-07-28T09:52:00.000,3.46,89.5,9.07,358.5,86.5,1.62,11.22,OK,39.200000000000003
1188,2026-07-28T09:54:00.000,2.87,89.2,8.9600000000000009,381.8,86.7,1.9,11.34,OK,25.9
1800,2026-07-28T10:00:00.000,3.33,89.5,10.220000000000001,410,87.1,1.1599999999999999,11.43,OK,24.5
800,2026-07-28T10:02:00.000,3.24,85.8,6.56,341.6,77.8,1.28,11.45,OK,38.299999999999997
1030,2026-07-28T10:06:00.000,3.25,85.2,5.73,324.8,80.5,0.98,11.48,OK,26.7
1213,2026-07-28T10:08:00.000,3.34,85.2,5.6,371.4,82.8,1.05,11.53,OK,33.299999999999997
800,2026-07-28T10:16:00.000,2.65,81.7,5.99,346,70.400000000000006,0.98,11.63,OK,34.6
800,2026-07-28T10:21:00.000,2.68,85.5,7.68,302.89999999999998,84.4,1.1200000000000001,11.72,OK,34.799999999999997
1353,2026-07-28T10:23:00.000,3.11,83.7,8.01,378.7,79.900000000000006,1.05,11.77,OK,25.1
829,2026-07-28T10:31:00.000,2.84,84.5,7.04,317.39999999999998,78,0.81,11.84,OK,30.8
1306,2026-07-28T10:35:00.000,3,84.7,7.89,353.3,76.5,1.21,11.94,OK,35
800,2026-07-28T10:37:00.000,3.37,88.2,6.44,372.5,79.900000000000006,0.78,12.01,OK,25.6
1707,2026-07-28T10:40:00.000,3.67,94.3,8.9,400.4,89.9,1.44,12.04,OK,41.6
800,2026-07-28T10:44:00.000,3.45,86.1,6.98,331.7,79.7,1.42,12.15,OK,39.799999999999997
1355,2026-07-28T10:49:00.000,3.94,87.1,8.27,361.8,79.3,1.23,12.24,OK,28.3
1092,2026-07-28T10:52:00.000,3.37,90.3,6.62,357.8,85.8,0.9,12.33,OK,35.5
800,2026-07-28T10:55:00.000,2.88,85.9,4.87,324.8,82.2,1.05,12.38,OK,30.6
933,2026-07-28T11:01:00.000,3.53,84,7.46,341.7,74.8,0.81,12.44,OK,27
800,2026-07-28T11:04:00.000,2.68,85.9,6.64,322.60000000000002,79.400000000000006,1.03,12.47,OK,29.1
1144,2026-07-28T11:12:00.000,3.14,87.8,7.69,356.7,78,1,12.51,OK,37.9
818,2026-07-28T11:14:00.000,3.07,87.2,5.58,331.9,83.6,1.41,12.58,OK,39.799999999999997
800,2026-07-28T11:17:00.000,3.16,91.3,6.98,338,81.599999999999994,1.02,12.62,OK,37.9
1099,2026-07-28T11:20:00.000,3.73,87.6,6.7,366.7,79.099999999999994,1.31,12.66,OK,30.8
1100,2026-07-28T11:26:00.000,3.01,87.2,8.17,345.7,80.599999999999994,1.08,12.73,OK,34.299999999999997
1795,2026-07-28T11:28:00.000,3.26,87.5,8.94,395.6,78.8,2.0699999999999998,12.75,OK,32.6
1357,2026-07-28T11:30:00.000,3.99,89.5,7.13,366.9,85.6,1.39,12.86,OK,32.700000000000003
800,2026-07-28T11:33:00.000,3.49,87.5,6.28,332.9,77.400000000000006,1,12.89,OK,29.9
904,2026-07-28T11:38:00.000,4.25,87,7.26,316.7,86.1,1.5,12.99,OK,24.6
1487,2026-07-28T11:43:00.000,2.94,94.4,9.41,378.9,88.9,1.1100000000000001,13.05,OK,29.9
800,2026-07-28T11:45:00.000,3.23,82.9,6.47,304.3,80.7,1.05,13.09,OK,31.4
856,2026-07-28T11:50:00.000,2.71,81.900000000000006,7.53,312.7,75.099999999999994,1.1100000000000001,13.2,OK,36.9
1140,2026-07-28T11:52:00.000,3.91,88,7.73,343.4,78.900000000000006,1.25,13.26,OK,25.9
969,2026-07-28T11:54:00.000,2.63,83.3,6.98,335.7,73.7,0.98,13.36,OK,32.299999999999997
1726,2026-07-28T11:58:00.000,3.38,85.4,7.44,403.9,81.5,1.26,13.48,OK,27
1249,2026-07-28T12:06:00.000,3.49,89.7,6.93,377.5,83.8,0.98,13.57,OK,35.4
1213,2026-07-28T12:08:00.000,3.41,89.8,8.6999999999999993,354.9,84,0.88,13.62,OK,38.700000000000003
897,2026-07-28T12:12:00.000,3.19,86.9,5.79,344.2,82.8,0.82,13.72,OK,42.3
850,2026-07-28T12:15:00.000,3.34,85.5,6.22,312.89999999999998,80.8,1.49,13.78,OK,39.5
1290,2026-07-28T12:21:00.000,3.77,89.9,7.65,403.3,84.8,1.71,13.89,OK,40.6
1244,2026-07-28T12:28:00.000,3.56,86.4,6.92,342.4,83.2,1.18,14.01,OK,32.5
866,2026-07-28T12:30:00.000,3.06,85.1,5.97,328.5,81.099999999999994,0.9,14.04,OK,28
1394,2026-07-28T12:33:00.000,3.21,87,8.33,384,78.599999999999994,1.1299999999999999,14.06,OK,37.5
1352,2026-07-28T12:41:00.000,3.58,87,7.18,385.9,84.8,1.55,14.18,OK,37.1
1245,2026-07-28T12:43:00.000,3.61,82.1,7.54,331.6,70.8,1.43,14.26,OK,26
1792,2026-07-28T12:45:00.000,3.93,88.9,9.14,398.9,86.6,1.69,14.34,OK,24.5
1392,2026-07-28T12:53:00.000,3.42,84.3,8.4600000000000009,372.2,76.400000000000006,1.83,14.43,OK,23.2
1336,2026-07-28T13:00:00.000,2.84,89.4,8.9700000000000006,367.5,84,1.05,14.5,OK,31.1
1838,2026-07-28T13:06:00.000,4,85,11.17,424,74.900000000000006,1.1200000000000001,14.57,OK,33.6
1413,2026-07-28T13:10:00.000,3.34,85.4,8.52,370.9,81.599999999999994,0.89,14.64,OK,34.700000000000003
1349,2026-07-28T13:18:00.000,3.54,85.6,7.31,382.4,78.099999999999994,1.68,14.68,OK,24.4
1105,2026-07-28T13:26:00.000,3.37,84.4,8.64,323.3,77.5,1.33,14.8,OK,29.1
1560,2026-07-28T13:34:00.000,3.12,87.9,9.31,412.5,85.1,1.85,14.9,OK,39
1891,2026-07-28T13:41:00.000,3.74,91.8,9.61,453.6,90.6,1.21,14.96,OK,40.9
1444,2026-07-28T13:43:00.000,3.63,88.3,8.25,403.6,81.5,1.06,15.08,OK,34.799999999999997
1151,2026-07-28T13:45:00.000,3.59,91.4,6.93,370.5,86.1,1.24,15.14,OK,40.799999999999997
1996,2026-07-28T13:53:00.000,3.18,88.9,11.14,417.4,89.3,1.68,15.23,OK,21.8
2037,2026-07-28T13:57:00.000,3.25,95.8,11.51,445.4,88.1,1.28,15.28,OK,39.9
1901,2026-07-28T14:02:00.000,3.53,94.3,10.45,429,89.3,1.27,15.4,OK,32.5
1757,2026-07-28T14:10:00.000,3.59,88.7,10.63,413.3,81,1.63,15.51,OK,34.4
1898,2026-07-28T14:16:00.000,3.16,92.7,10.09,424.4,84.8,1.28,15.59,OK,30.3
1237,2026-07-28T14:22:00.000,3.14,90.5,9.94,373,80.900000000000006,1.1299999999999999,15.71,OK,35.4
1604,2026-07-28T14:24:00.000,3.16,87.5,9,384.4,80.900000000000006,1.45,15.77,OK,26.4
2072,2026-07-28T14:32:00.000,3.44,92.9,9.01,427.6,84.3,1.42,15.87,OK,33.799999999999997
1983,2026-07-28T14:39:00.000,3.83,90.4,11.26,442.3,82.7,1.63,15.95,OK,28.9
2209,2026-07-28T14:45:00.000,3.75,90.8,10.87,465,87.2,1.68,16.059999999999999,OK,28.7
2459,2026-07-28T14:52:00.000,3.65,93.1,13.07,465.9,83.7,1.52,16.11,OK,30.4
1520,2026-07-28T14:57:00.000,3.82,88.6,9.08,395,84.7,1.35,16.170000000000002,OK,28.4
2151,2026-07-28T14:59:00.000,3.62,93.1,10.41,472.7,85.4,1.59,16.23,OK,28.4
1920,2026-07-28T15:03:00.000,4.25,90.2,10.130000000000001,430,82.8,1.81,16.29,OK,41.5
1884,2026-07-28T15:07:00.000,3.1,92.2,8.7799999999999994,439.3,83.1,1.31,16.37,OK,32.1
2935,2026-07-28T15:09:00.000,4.59,92.5,13.09,499,86,1.6,16.420000000000002,OK,33.700000000000003
1551,2026-07-28T15:13:00.000,3.56,88.6,9.2200000000000006,391.2,82.3,1.17,16.47,OK,32
2066,2026-07-28T15:17:00.000,3.75,90.9,11.42,440.9,84.5,1.92,16.510000000000002,WARNING,28.6
2077,2026-07-28T15:19:00.000,3.86,83,11.48,443,79.900000000000006,1.37,16.55,OK,24.6
2207,2026-07-28T15:22:00.000,3.95,88.8,10.66,455.9,81.5,1.27,16.579999999999998,OK,23.1
1530,2026-07-28T15:29:00.000,3.58,91.5,9.82,409.7,86.2,1.47,16.670000000000002,OK,38.799999999999997
1907,2026-07-28T15:37:00.000,4.24,88.3,10.199999999999999,409.2,79.900000000000006,1.18,16.72,OK,24.6
2297,2026-07-28T15:45:00.000,3.97,88.4,12.07,450.9,80.5,1.57,16.809999999999999,OK,26.2
1822,2026-07-28T15:52:00.000,4.1100000000000003,93.8,10.84,438.6,89.8,1.06,16.899999999999999,OK,39.700000000000003
2673,2026-07-28T15:58:00.000,4.0999999999999996,92.5,13.08,511.9,86.2,1.5,16.93,OK,34.6
2572,2026-07-28T16:04:00.000,4.17,92.6,11.67,483,86.5,1.58,17.05,OK,27.1
1844,2026-07-28T16:07:00.000,3.64,90.9,11.02,421.1,79.7,1.18,17.100000000000001,OK,36.299999999999997
2348,2026-07-28T16:11:00.000,3.41,91.9,12.11,463.3,83.9,2.27,17.12,OK,31
2590,2026-07-28T16:17:00.000,3.87,93.3,12.94,468.6,87,1.78,17.22,OK,29.9
2006,2026-07-28T16:22:00.000,4.3899999999999997,89.5,9.44,439.4,84.9,1.56,17.29,OK,32.700000000000003
1964,2026-07-28T16:29:00.000,3.49,91.3,11.45,417.1,84.5,1.2,17.32,OK,25.4
2210,2026-07-28T16:32:00.000,4.22,91.6,11.62,455.5,84.3,1.21,17.39,OK,39.5
3514,2026-07-28T16:36:00.000,3.9,98.3,14.58,574.6,88.7,2.23,17.489999999999998,OK,26.7
2985,2026-07-28T16:41:00.000,4.25,93,13.75,525.4,86.8,1.57,17.53,OK,27.1
2417,2026-07-28T16:48:00.000,4.26,87.2,11.89,499,82.4,1.81,17.61,OK,30.1
2192,2026-07-28T16:51:00.000,3.94,88.6,11.22,425.2,82.9,1.28,17.7,OK,27.7
2397,2026-07-28T16:55:00.000,4.1399999999999997,95.3,11.71,512.70000000000005,89.7,1.59,17.72,OK,29.9
3246,2026-07-28T16:57:00.000,3.63,97.3,14.87,558.70000000000005,94.2,1.76,17.829999999999998,OK,24.2
3452,2026-07-28T17:04:00.000,4.3099999999999996,93.1,16.440000000000001,581.6,88.6,2.08,17.87,OK,35.1
2482,2026-07-28T17:08:00.000,3.89,90.6,12.13,458.6,83.6,1.51,17.97,OK,29.9
2902,2026-07-28T17:16:00.000,3.99,92.2,13.16,538.70000000000005,81.7,1.49,18.059999999999999,OK,41.2
2727,2026-07-28T17:21:00.000,4.1900000000000004,93.4,13.18,506.2,86.3,1.42,18.079999999999998,OK,28.6
3289,2026-07-28T17:27:00.000,3.94,92.6,16,548.6,84.2,2.06,18.190000000000001,OK,23.2
2487,2026-07-28T17:34:00.000,3.98,92.4,12.87,474.7,86.9,1.55,18.28,OK,26.1
3237,2026-07-28T17:37:00.000,5.17,98.4,12.74,529.5,91.7,1.69,18.309999999999999,OK,33.799999999999997
2449,2026-07-28T17:44:00.000,3.89,97.8,10.9,473.4,87.4,1.47,18.399999999999999,OK,37.1
3274,2026-07-28T17:51:00.000,3.91,101,13.34,552.79999999999995,95.6,2.4300000000000002,18.440000000000001,WARNING,32.9
2668,2026-07-28T17:58:00.000,4.4800000000000004,100.5,13.22,496.5,97.1,1.71,18.489999999999998,WARNING,39.5
2878,2026-07-28T18:00:00.000,4.07,97.6,14.56,541.29999999999995,90.7,1.91,18.53,OK,34.4
2785,2026-07-28T18:03:00.000,3.73,92.9,13.2,516.9,85.5,1.72,18.579999999999998,OK,28.1
3719,2026-07-28T18:07:00.000,4.7699999999999996,92.3,16.63,615.29999999999995,84.4,2.2200000000000002,18.66,OK,25.6
3402,2026-07-28T18:14:00.000,4.43,94.6,14.52,545.20000000000005,82.4,2,18.739999999999998,OK,30.2
2931,2026-07-28T18:16:00.000,4.4000000000000004,93.3,14.75,511.9,85.5,1.67,18.86,OK,39
2806,2026-07-28T18:22:00.000,4.26,95.8,12.63,522.20000000000005,92.7,1.74,18.920000000000002,OK,33.1
3575,2026-07-28T18:25:00.000,4.8,104.9,17,589.5,97.5,1.87,18.95,WARNING,39.700000000000003
1944,2026-07-28T18:28:00.000,3.88,86.5,9.76,417.4,82.5,1.37,18.989999999999998,OK,24.5
3320,2026-07-28T18:33:00.000,5.37,94.2,16.579999999999998,566.6,87.4,1.68,19.04,OK,37.200000000000003
2835,2026-07-28T18:41:00.000,4.07,91.9,12.15,503.3,90.1,1.89,19.079999999999998,OK,31.9
3977,2026-07-28T18:45:00.000,4.41,102.2,16.47,599,100.7,2.2999999999999998,19.12,WARNING,25.1
4160,2026-07-28T18:52:00.000,4.68,101.8,19.12,637.70000000000005,96.2,2.96,19.170000000000002,WARNING,25
3231,2026-07-28T18:57:00.000,4.87,99.1,15.85,579,92.7,1.64,19.23,OK,32.799999999999997
3108,2026-07-28T18:59:00.000,3.86,93.8,14.13,541.5,84.6,1.65,19.350000000000001,OK,37.700000000000003
3275,2026-07-28T19:07:00.000,4.83,99.6,13.74,561.29999999999995,92.9,1.76,19.41,OK,35.200000000000003
3047,2026-07-28T19:10:00.000,5.15,95.7,11.92,547.5,94.8,1.7,19.510000000000002,OK,32.299999999999997
3000,2026-07-28T19:12:00.000,4.82,99,15.26,532.79999999999995,93.1,2.2400000000000002,19.62,OK,38.299999999999997
3373,2026-07-28T19:18:00.000,4.46,93.6,15.68,528.29999999999995,88.3,2.64,19.690000000000001,OK,29.4
3522,2026-07-28T19:26:00.000,4.9000000000000004,96.9,15.97,561,90.2,2.91,19.79,OK,29.8
3362,2026-07-28T19:32:00.000,4.8899999999999997,96,14.64,557.20000000000005,88.3,2.37,19.82,OK,34.4
3427,2026-07-28T19:39:00.000,4.4400000000000004,99.3,15.15,578.79999999999995,93.2,2.25,19.86,OK,33.6
3114,2026-07-28T19:46:00.000,4.01,100.9,15.18,569.9,95.5,2.17,19.95,WARNING,30.5
3018,2026-07-28T19:51:00.000,4.4000000000000004,92.1,13.05,522.20000000000005,88.2,1.69,19.97,OK,32.1
3023,2026-07-28T19:56:00.000,4.72,93.5,14.85,550.70000000000005,88.5,1.82,20,OK,26.7
3632,2026-07-28T20:01:00.000,5.18,99.5,16.79,611.5,91.7,2.2400000000000002,20.07,OK,27.3
3397,2026-07-28T20:08:00.000,4.62,98.4,16.82,565,95.3,1.75,20.16,OK,41.7
3446,2026-07-28T20:11:00.000,4.57,95,16.04,577.9,89.8,1.88,20.2,OK,31.3
3500,2026-07-28T20:17:00.000,4.62,96.8,16.54,588.20000000000005,90.3,2.4700000000000002,20.260000000000002,OK,28.3
3366,2026-07-28T20:23:00.000,5.27,94.8,14,573.9,87.4,2.78,20.3,OK,28
3428,2026-07-28T20:30:00.000,4.6399999999999997,101.6,15.29,579.20000000000005,97.2,2.7,20.39,WARNING,32.4
3847,2026-07-28T20:35:00.000,5.08,101,16.88,628.29999999999995,95.3,2.2400000000000002,20.43,WARNING,36.799999999999997
3668,2026-07-28T20:41:00.000,5.13,100.9,16.68,623.70000000000005,93.1,1.99,20.48,WARNING,37.6
3338,2026-07-28T20:48:00.000,4.4800000000000004,96.3,15.29,600.20000000000005,88.2,1.68,20.56,OK,39
3234,2026-07-28T20:51:00.000,4.29,95.1,15.72,560,91.6,1.75,20.61,OK,25.8
3760,2026-07-28T20:55:00.000,4.88,97,16.78,607,87,2.5,20.66,OK,26.4
3516,2026-07-28T20:58:00.000,4.38,99.2,15.02,580.9,88.9,1.83,20.78,OK,31.7
3291,2026-07-28T21:00:00.000,4.3499999999999996,97.7,14.1,553.4,88,1.83,20.82,OK,30.2
2945,2026-07-28T21:02:00.000,3.61,96.2,15.17,506.6,91.9,1.59,20.9,OK,42.4
3987,2026-07-28T21:07:00.000,5.3,98.2,17.71,601.70000000000005,93,2.12,20.95,OK,25
2997,2026-07-28T21:09:00.000,4.05,96.6,14.1,546.20000000000005,94.3,1.64,20.99,OK,27.9
3487,2026-07-28T21:14:00.000,5.09,95.6,15.94,569.79999999999995,93.3,2.34,21.04,OK,31
4021,2026-07-28T21:21:00.000,4.55,105.5,17.75,631.5,99.7,2.39,21.09,WARNING,36.1
3258,2026-07-28T21:25:00.000,4.07,93.4,14.63,556.4,86.8,1.7,21.15,OK,31.9
3355,2026-07-28T21:33:00.000,3.99,94.3,15.79,579.29999999999995,83.5,2.5099999999999998,21.2,OK,24.4
3663,2026-07-28T21:36:00.000,3.98,97.3,17.23,590.6,94,2.42,21.3,OK,37.4
2939,2026-07-28T21:44:00.000,4.8600000000000003,98,14.55,498.6,89.1,1.89,21.35,OK,39.1
2763,2026-07-28T21:51:00.000,4.5,96.1,13.13,494.9,86.4,1.63,21.4,OK,39.4
3214,2026-07-28T21:58:00.000,4.57,94.3,13.8,581.29999999999995,89.2,1.9,21.46,OK,38
3357,2026-07-28T22:04:00.000,4.99,103.4,14.09,600.1,95.1,1.8,21.5,WARNING,37.6
3343,2026-07-28T22:06:00.000,4.25,96.7,16.07,598,89.1,1.7,21.58,OK,37.4
3803,2026-07-28T22:10:00.000,4.5,95.6,16.37,606.20000000000005,87.2,2.21,21.67,OK,39.1
2964,2026-07-28T22:13:00.000,4.43,93.5,14.01,513.9,87,1.74,21.71,OK,23.2
3232,2026-07-28T22:20:00.000,4.32,95,14.03,553.4,83.2,1.84,21.79,OK,25.6
3797,2026-07-28T22:24:00.000,5.29,95.3,16.97,597.4,91.1,1.89,21.82,OK,24.5
3158,2026-07-28T22:31:00.000,5.56,94.6,15.56,572.4,92.2,2.06,21.94,OK,35.1
3936,2026-07-28T22:38:00.000,5.3,98.2,18.45,618.79999999999995,95.5,2.7,22,OK,27.3
3143,2026-07-28T22:41:00.000,4.62,91,13.25,590.29999999999995,86.7,2.27,22.07,OK,23.2
2967,2026-07-28T22:43:00.000,4.38,95.3,14.52,541.29999999999995,87,2.04,22.13,OK,24.2
3179,2026-07-28T22:48:00.000,5.0599999999999996,96.3,13.83,573,89.7,2.1,22.25,OK,25.4
3267,2026-07-28T22:55:00.000,4.54,97.5,16.52,537.20000000000005,91.5,2.2599999999999998,22.34,OK,35.5
3014,2026-07-28T23:03:00.000,4.63,90.8,15.8,560.1,82.7,2.02,22.39,OK,25.5
3279,2026-07-28T23:06:00.000,4.2,95.3,15.32,559.20000000000005,90.2,1.84,22.44,OK,38.5
3068,2026-07-28T23:09:00.000,4.21,98.4,14.33,540.9,93.7,2.11,22.47,OK,39.9
3545,2026-07-28T23:13:00.000,4.8499999999999996,98.4,15.74,573.20000000000005,91.3,1.98,22.57,OK,30.9
3259,2026-07-28T23:15:00.000,4.9400000000000004,96.5,16.239999999999998,539.5,89.2,1.7,22.6,OK,32.4
3064,2026-07-28T23:19:00.000,4.3499999999999996,95.7,14.37,546.20000000000005,87.7,2.21,22.71,OK,27.4
2928,2026-07-28T23:27:00.000,4.49,96.6,14.02,514.29999999999995,91.7,1.74,22.78,OK,33.299999999999997
3299,2026-07-28T23:34:00.000,4.17,98.5,14.84,584.79999999999995,94.1,1.88,22.85,OK,39.4
3006,2026-07-28T23:39:00.000,4.54,94.7,14.06,529.4,92.3,1.7,22.95,OK,28.8
2814,2026-07-28T23:47:00.000,4.68,92.4,13.83,511.2,86,1.9,22.99,OK,40.299999999999997
2696,2026-07-28T23:53:00.000,4.24,92.8,13.33,487.7,84.1,1.61,23.01,OK,27.3
3171,2026-07-28T23:57:00.000,4.43,95,15.4,559.6,93.2,1.69,23.05,OK,29.7
2737,2026-07-29T00:04:00.000,4.07,93.7,13.29,503.1,86.2,1.54,23.11,OK,38.799999999999997
2772,2026-07-29T00:11:00.000,4.07,96.3,13.07,504.9,86.4,2.3199999999999998,23.22,OK,34.4
3046,2026-07-29T00:19:00.000,4.9000000000000004,92.8,14.45,521.1,88,2.06,23.33,OK,22.2
3202,2026-07-29T00:25:00.000,4.28,98.3,14.91,571.5,89.5,1.89,23.36,OK,37.6
3009,2026-07-29T00:29:00.000,4.42,90.9,13.39,530.4,90,1.64,23.47,OK,34.4
3073,2026-07-29T00:32:00.000,4.09,95.6,12.36,535.79999999999995,93.5,1.57,23.51,OK,33.799999999999997
2997,2026-07-29T00:37:00.000,4.3600000000000003,95.3,13.12,549.70000000000005,93.6,1.54,23.54,OK,26.1
2724,2026-07-29T00:45:00.000,4.57,93.9,11.91,511,88.6,1.48,23.64,OK,35.299999999999997
2832,2026-07-29T00:51:00.000,3.89,95.2,14.21,520.5,88.4,2.14,23.75,OK,36.4
3306,2026-07-29T00:57:00.000,4.1900000000000004,99.4,14.23,558.6,91.5,1.88,23.82,OK,41
2570,2026-07-29T01:01:00.000,4.67,92.7,13.78,502.6,89.6,1.57,23.9,OK,29.6
2228,2026-07-29T01:06:00.000,3.73,95,10.63,475.8,90,1.67,23.99,OK,31.7
1698,2026-07-29T01:10:00.000,3.93,91.2,9.99,415.8,82.4,1.08,24.1,OK,33.6
3231,2026-07-29T01:16:00.000,4.34,96,16.53,557.6,89.1,1.68,24.19,OK,26.2
3218,2026-07-29T01:21:00.000,4.24,95.7,15.31,582.9,86.6,2.54,24.27,OK,26.9
2149,2026-07-29T01:25:00.000,4.67,93.8,12.76,443.1,86.8,1.87,24.36,OK,28.8
2917,2026-07-29T01:28:00.000,4.2300000000000004,98.4,12.86,526.4,95,1.99,24.46,OK,41.8
2799,2026-07-29T01:35:00.000,4.55,89.3,14.37,495,82.6,2.4700000000000002,24.57,OK,22.5
2633,2026-07-29T01:40:00.000,4.08,98.9,12.08,509,89.3,1.69,24.63,OK,42.8
2555,2026-07-29T01:48:00.000,4.09,90.9,13.33,473.4,85.1,1.83,24.72,OK,30.3
2088,2026-07-29T01:51:00.000,4.29,93.8,10.76,445.6,82.7,1.57,24.77,OK,36.6
2364,2026-07-29T01:58:00.000,3.93,89.2,11.99,481.3,81.8,2.2599999999999998,24.82,OK,30.8
2411,2026-07-29T02:03:00.000,3.75,89.2,11.92,456.9,79.900000000000006,1.3,24.93,OK,34.9
2284,2026-07-29T02:10:00.000,3.87,93,11.22,479.2,82,1.28,24.96,OK,38.299999999999997
2210,2026-07-29T02:18:00.000,3.92,95.7,11.35,446.9,92.3,1.49,25.04,OK,31.2
2654,2026-07-29T02:25:00.000,4.0599999999999996,89.4,13.18,497.7,84.9,1.38,25.07,OK,24.6
2525,2026-07-29T02:32:00.000,3.92,89.5,10.99,489.7,82.9,1.67,25.13,OK,28.6
2445,2026-07-29T02:38:00.000,3.65,90.4,11.81,493.5,79.2,2.2000000000000002,25.24,OK,29.7
2436,2026-07-29T02:43:00.000,3.94,86.3,12.61,484.5,79.2,1.95,25.33,OK,25.5
2160,2026-07-29T02:46:00.000,3.39,92.8,11.2,442.3,84.4,1.98,25.37,OK,23.8
2458,2026-07-29T02:53:00.000,3.67,99.1,12.97,495,92.7,1.71,25.43,OK,38.5
1601,2026-07-29T02:57:00.000,3.87,89.8,7.77,388.8,84.9,0.98,25.47,OK,36.6
2015,2026-07-29T03:04:00.000,4.22,89.3,10.83,446.2,80,1.45,25.53,OK,33.4
2209,2026-07-29T03:12:00.000,3.98,89,11.92,470,81.2,1.52,25.58,OK,25.9
2122,2026-07-29T03:18:00.000,3.41,86.5,10.67,442.3,83.4,1.42,25.69,OK,22.6
2033,2026-07-29T03:21:00.000,3.67,90.8,10.27,441.6,82.6,1.48,25.76,OK,30.5
2198,2026-07-29T03:23:00.000,4.33,91.9,12.41,456.2,82.2,1.31,25.86,OK,23.9
2349,2026-07-29T03:28:00.000,4.1500000000000004,94.6,9.09,466.8,92,1.85,25.96,OK,23.7
1444,2026-07-29T03:30:00.000,3.13,85.5,8.11,370.7,79.599999999999994,1.02,26.02,OK,28.4
1893,2026-07-29T03:33:00.000,4.05,89.6,9.6199999999999992,441.4,84.2,1.18,26.06,OK,38.1
1507,2026-07-29T03:35:00.000,3.39,91,9.33,390.3,85.6,1.46,26.12,OK,35.4
2106,2026-07-29T03:38:00.000,3.68,89.7,11.79,448.2,87.9,1.53,26.16,OK,28.4
1958,2026-07-29T03:44:00.000,3.92,90.1,11.32,442.3,82.1,1.33,26.19,OK,30.4
1338,2026-07-29T03:48:00.000,3.43,87.1,7.63,376.6,85,1.61,26.31,OK,31.6
1648,2026-07-29T03:52:00.000,4.2300000000000004,90.6,9.5,395.9,83.1,1.37,26.36,OK,34.5
1099,2026-07-29T04:00:00.000,3.53,90.1,6.87,355.1,79.900000000000006,1.33,26.4,OK,40.1
1930,2026-07-29T04:05:00.000,3.76,90,11.19,439.8,83,1.45,26.51,OK,30.3
1385,2026-07-29T04:13:00.000,3.73,84.9,8.59,379.7,80,0.99,26.59,OK,26.5
1151,2026-07-29T04:19:00.000,3.03,87.9,7.47,337.4,77.099999999999994,0.83,26.67,OK,25
1401,2026-07-29T04:21:00.000,4.05,86.3,8.58,356.2,81.599999999999994,1.4,26.74,OK,26.2
1702,2026-07-29T04:27:00.000,3.74,94.5,10.29,405.7,89,1.54,26.84,OK,37.9
1574,2026-07-29T04:29:00.000,4.41,85.6,9.3000000000000007,387.8,83.2,1.55,26.91,OK,29.3
1278,2026-07-29T04:35:00.000,3.16,88,7.71,359.1,79.400000000000006,1.47,26.96,OK,38.700000000000003
1390,2026-07-29T04:42:00.000,2.81,83.6,8.19,346.9,77.8,2.21,27.08,OK,27.8
1301,2026-07-29T04:46:00.000,3.32,91,8.7100000000000009,355.1,86,1.53,27.12,OK,37.9
1054,2026-07-29T04:54:00.000,2.5299999999999998,87.7,6.27,343.1,81.2,1.89,27.19,OK,32.299999999999997
800,2026-07-29T05:01:00.000,3.93,88.5,7.16,351.8,84.3,1.59,27.29,OK,38.5
1336,2026-07-29T05:09:00.000,3.44,87.2,6.43,407.5,86.1,0.95,27.32,OK,33.1
1523,2026-07-29T05:14:00.000,3.09,90.1,8.89,403.6,82.2,1.4,27.43,OK,30
1292,2026-07-29T05:18:00.000,3.19,90.8,7.42,371.9,80.5,1.56,27.51,OK,39.1
1996,2026-07-29T05:22:00.000,3.28,87.4,13.05,433.5,81.5,1.1499999999999999,27.63,OK,23.9
1051,2026-07-29T05:29:00.000,2.92,91,5.09,354.2,86.5,0.99,27.67,OK,30.3
1226,2026-07-29T05:35:00.000,3.99,85.7,7.5,365.5,77.8,1.36,27.75,OK,24.8
1394,2026-07-29T05:37:00.000,3.67,87.4,7.76,376.8,81.900000000000006,1.1100000000000001,27.84,OK,27.3
1360,2026-07-29T05:43:00.000,3.65,90.1,9.01,372.7,87.4,0.93,27.94,OK,31.6
1100,2026-07-29T05:45:00.000,3.45,85.2,8.48,375,82.5,0.84,27.98,OK,33.299999999999997
1155,2026-07-29T05:53:00.000,3.36,87,7.45,338.2,80.8,0.88,28.05,OK,31.9
1129,2026-07-29T05:56:00.000,2.84,86.2,5.0599999999999996,367.2,79.400000000000006,0.83,28.16,OK,36
1383,2026-07-29T06:01:00.000,3.63,83,10.06,344.9,80.5,1.18,28.27,OK,23.8
887,2026-07-29T06:03:00.000,4,88.3,7.5,340.9,77.2,1.02,28.33,OK,36.200000000000003
800,2026-07-29T06:06:00.000,3.56,78.900000000000006,7.93,288.8,73.099999999999994,1.08,28.4,OK,31.7
984,2026-07-29T06:11:00.000,3.43,81.8,6.81,362.2,68.599999999999994,0.92,28.49,OK,29.4
1683,2026-07-29T06:19:00.000,3.54,91.7,9.69,399.5,87.1,1.1200000000000001,28.6,OK,33.5
1362,2026-07-29T06:21:00.000,3.24,83.9,7.79,373.3,80.5,2.0499999999999998,28.71,OK,31
800,2026-07-29T06:25:00.000,4.34,85.7,4.37,337.1,79.3,1.29,28.75,OK,38.799999999999997
1297,2026-07-29T06:30:00.000,3.7,88.2,7.67,354.9,80.3,1.59,28.79,OK,31.5
1125,2026-07-29T06:38:00.000,3.31,90.4,6.63,360.3,85.4,0.87,28.88,OK,40.9
912,2026-07-29T06:43:00.000,3.11,88.7,6.61,333,84.9,1.24,28.98,OK,37.700000000000003
800,2026-07-29T06:49:00.000,2.81,88.9,4.87,342.3,84.8,0.75,29.01,OK,38.799999999999997
800,2026-07-29T06:56:00.000,3.71,84.3,6.87,336.5,78.2,2.15,29.06,OK,38
827,2026-07-29T07:01:00.000,3.26,86.1,6.7,331.2,78.099999999999994,0.75,29.13,OK,28.7
1660,2026-07-29T07:07:00.000,3.83,90,7.39,386.3,78.8,1.44,29.18,OK,39.700000000000003
1237,2026-07-29T07:15:00.000,3.03,81.5,5.63,348.9,72.7,1.71,29.3,OK,35.200000000000003
800,2026-07-29T07:18:00.000,3.32,87.6,5.53,324.3,79.3,1.07,29.36,OK,24
816,2026-07-29T07:25:00.000,3.16,85.2,7.09,342.5,82.4,0.87,29.45,OK,34.9
990,2026-07-29T07:30:00.000,3.39,86.3,8.89,320.10000000000002,81.900000000000006,1.17,29.52,OK,32
850,2026-07-29T07:32:00.000,3.12,81.400000000000006,5.54,317.39999999999998,69.8,0.73,29.57,OK,22.7
1006,2026-07-29T07:37:00.000,3.22,87.7,6.52,363.8,84.8,0.82,29.62,OK,32
949,2026-07-29T07:42:00.000,3.4,87.2,5.68,335.3,77.2,0.79,29.7,OK,40.5
1035,2026-07-29T07:44:00.000,2.96,85.9,6.93,344.2,78.599999999999994,2.2400000000000002,29.75,OK,36.9
800,2026-07-29T07:49:00.000,2.77,89.8,6.12,301,88.3,1.48,29.77,OK,23.9
1284,2026-07-29T07:55:00.000,2.88,80.5,8.8699999999999992,352.3,72.2,1.29,29.81,OK,31.6
811,2026-07-29T08:02:00.000,3.22,84.5,5.01,330.6,77.599999999999994,0.88,29.84,OK,33.299999999999997
1328,2026-07-29T08:09:00.000,3.58,89.2,9.0399999999999991,363.3,82.1,1.1599999999999999,29.92,OK,35.5
1783,2026-07-29T08:11:00.000,3.38,88.2,10.43,388.7,79.8,1.62,29.95,OK,37.6
800,2026-07-29T08:15:00.000,2.71,85.2,5.78,307.8,84.5,0.85,29.98,OK,38.299999999999997
1060,2026-07-29T08:20:00.000,3.26,87.6,6.52,368,79.7,1.07,30,OK,33.6
885,2026-07-29T08:27:00.000,3.48,81.2,6.37,329.8,72.7,1.81,30.09,OK,38.9
1177,2026-07-29T08:32:00.000,2.74,91.2,6.94,378,87.4,1.36,30.18,OK,33.4
800,2026-07-29T08:40:00.000,3.01,84,5.98,329.6,77.900000000000006,0.73,30.23,OK,24.4
930,2026-07-29T08:46:00.000,3.62,86.3,5.1100000000000003,372.9,79.099999999999994,0.98,30.27,OK,31.6
800,2026-07-29T08:48:00.000,2.9,84.2,6.01,336.2,78,0.82,30.37,OK,27.3
1644,2026-07-29T08:56:00.000,3.43,88.5,8.89,402.4,78.2,1.1399999999999999,30.4,OK,35.200000000000003
1736,2026-07-29T09:01:00.000,3.92,89.9,9.7100000000000009,409.3,83.4,1.27,30.45,OK,36.200000000000003
997,2026-07-29T09:07:00.000,3.2,86.6,8.1300000000000008,349.3,82.8,1.49,30.53,OK,32.1
800,2026-07-29T09:15:00.000,3.32,83.7,6.13,338.3,76.7,1.27,30.6,OK,30.3
829,2026-07-29T09:19:00.000,3.46,85.9,5.52,313.39999999999998,82.4,0.72,30.66,OK,37.1
1149,2026-07-29T09:26:00.000,3.88,86.2,5.96,362,78.099999999999994,1.88,30.71,OK,24.7
800,2026-07-29T09:30:00.000,3.56,84.4,6.81,324,79.8,0.84,30.8,OK,41.9
1346,2026-07-29T09:36:00.000,4.09,90.3,8.42,383.4,80.7,1.24,30.87,OK,36.1
1112,2026-07-29T09:38:00.000,3.94,94.7,7.3,359,87.9,1.2,30.89,OK,39.799999999999997
1321,2026-07-29T09:43:00.000,3.63,90.6,8.27,385.4,85.2,0.87,30.94,OK,23.2
1351,2026-07-29T09:49:00.000,3.51,88.1,8.98,395.5,79.400000000000006,1.43,31,OK,29.6
1713,2026-07-29T09:55:00.000,3.63,84.6,9.77,409,77.099999999999994,1.29,31.07,OK,24.6
1471,2026-07-29T10:01:00.000,3.24,93.2,8.93,367.1,86.8,1.21,31.14,OK,37.299999999999997
1370,2026-07-29T10:08:00.000,2.86,88.8,9.58,364.4,82.7,1.08,31.19,OK,36.9
1373,2026-07-29T10:11:00.000,3.28,89.4,8.35,405.7,83.7,0.94,31.25,OK,23.4
800,2026-07-29T10:18:00.000,3.59,82.9,5.69,301.2,75.099999999999994,0.7,31.29,OK,29.4
1389,2026-07-29T10:22:00.000,3.22,87.1,9.5399999999999991,359.1,85.2,1.53,31.38,OK,34
1561,2026-07-29T10:29:00.000,4.04,91.6,8.4499999999999993,391,83.8,1,31.42,OK,38.299999999999997
1326,2026-07-29T10:37:00.000,3.46,85.3,7.04,358.2,76.900000000000006,1.51,31.51,OK,28.6
1973,2026-07-29T10:45:00.000,4.16,94.4,10.78,441,85,1.64,31.54,OK,28.2
893,2026-07-29T10:48:00.000,3.57,87,7.21,340.1,80.599999999999994,0.83,31.62,OK,30.8
1177,2026-07-29T10:54:00.000,3.09,92.1,6.9,372,87.2,1.22,31.69,OK,33.9
1237,2026-07-29T11:01:00.000,4.0599999999999996,82.9,8.59,351.2,73.599999999999994,1.03,31.8,OK,25.2
1486,2026-07-29T11:09:00.000,4.22,86.9,8.69,378.5,81.400000000000006,1.41,31.92,OK,34.299999999999997
1281,2026-07-29T11:17:00.000,3.57,93.3,7.56,372,90.4,0.96,32.03,OK,27.5
1098,2026-07-29T11:21:00.000,2.57,83.9,7.37,365.9,77.2,1.21,32.090000000000003,OK,36.5
1432,2026-07-29T11:26:00.000,3.16,93,7.96,383.5,85.5,0.92,32.14,OK,37.4
1938,2026-07-29T11:31:00.000,3.23,93.1,10.27,441.2,86.1,1.66,32.24,OK,40.1
1872,2026-07-29T11:38:00.000,3.72,88,11.56,420.8,81.400000000000006,1.1599999999999999,32.31,OK,27.2
1391,2026-07-29T11:41:00.000,3.22,92.1,8.07,377,84.7,1.1100000000000001,32.39,OK,37.9
1531,2026-07-29T11:49:00.000,3.66,94,8.52,412.6,84.5,1.1499999999999999,32.479999999999997,OK,36.799999999999997
1416,2026-07-29T11:52:00.000,3.05,89.5,7.68,374.7,80.599999999999994,1.04,32.56,OK,36.299999999999997
1274,2026-07-29T11:59:00.000,2.6,86.5,7.56,370.4,78.599999999999994,1.47,32.630000000000003,OK,25
1893,2026-07-29T12:03:00.000,4.1100000000000003,90.1,8.99,437.1,84.8,1.56,32.74,OK,29.3
1323,2026-07-29T12:08:00.000,3.84,85,7.71,375.6,79.5,1.1499999999999999,32.81,OK,21.7
2031,2026-07-29T12:11:00.000,3.09,85.5,9.9700000000000006,438.5,81.099999999999994,1.57,32.880000000000003,OK,27.1
2464,2026-07-29T12:18:00.000,3.89,92.7,11.9,483.4,84.3,1.44,32.97,OK,40.1
1988,2026-07-29T12:24:00.000,3.65,93.4,9.52,442.5,87.6,1.83,33.04,OK,30.3
2103,2026-07-29T12:30:00.000,3.68,90.3,13.09,446.4,78.599999999999994,1.32,33.130000000000003,OK,33.5
2122,2026-07-29T12:37:00.000,4.37,88.7,10.199999999999999,438.5,82.1,1.97,33.21,OK,31.6
1772,2026-07-29T12:40:00.000,3.77,88.1,9.34,404.8,79.900000000000006,1.56,33.29,OK,28.7
2102,2026-07-29T12:47:00.000,3.25,91.5,11.09,448.1,86.4,1.44,33.36,OK,35.5
2112,2026-07-29T12:55:00.000,4.17,87.9,11.25,446.5,80.900000000000006,1.22,33.479999999999997,OK,32.5
1813,2026-07-29T13:02:00.000,3.79,87.5,10.51,420.5,81.7,2.02,33.590000000000003,OK,23.6
1181,2026-07-29T13:09:00.000,3.37,88.7,7.4,370.3,81.7,1.04,33.69,OK,37.200000000000003
1725,2026-07-29T13:11:00.000,3.92,87.4,8.77,391.5,81.900000000000006,1.41,33.770000000000003,OK,30.3
1792,2026-07-29T13:14:00.000,3.01,92.1,11.1,426.6,87.8,1.47,33.85,OK,37.700000000000003
2327,2026-07-29T13:16:00.000,3.92,100.3,10.85,485.5,92.4,1.3,33.880000000000003,WARNING,36.299999999999997
1664,2026-07-29T13:21:00.000,3.84,86.8,9.1300000000000008,407.2,80.2,1.0900000000000001,33.979999999999997,OK,24.9
2866,2026-07-29T13:24:00.000,4.1399999999999997,90.7,13.58,522.4,87.3,2.15,34.06,OK,28.7
2812,2026-07-29T13:32:00.000,4.09,97.2,13.9,508.9,87.1,1.62,34.130000000000003,OK,32.5
2640,2026-07-29T13:37:00.000,4,95.6,13.13,505.6,92.2,1.44,34.229999999999997,OK,30.2
4806,2026-07-29T13:40:00.000,4.18,93.5,10.4,456.5,86.9,1.24,34.33,WARNING,29.1
1604,2026-07-29T13:43:00.000,3.21,89.6,9.3000000000000007,375.4,83.2,1.24,34.43,OK,30.9
2652,2026-07-29T13:49:00.000,4.1399999999999997,90.6,11.39,517.79999999999995,83.9,2,34.54,OK,25.5
2129,2026-07-29T13:55:00.000,3.73,90.2,12.93,435.6,88.7,1.63,34.659999999999997,OK,25.7
2696,2026-07-29T13:57:00.000,4.75,90.4,12.21,503.6,83.7,1.95,34.68,OK,23.8
2660,2026-07-29T14:04:00.000,4.18,99,13.62,477.3,89.7,2.79,34.729999999999997,OK,39.6
2325,2026-07-29T14:09:00.000,3.96,95.9,10.76,490.7,90.2,1.47,34.75,OK,36.6
2081,2026-07-29T14:13:00.000,3.16,88.5,11.36,433.2,84.7,1.89,34.79,OK,37
2602,2026-07-29T14:15:00.000,3.69,92,11.69,487.8,85.5,1.66,34.82,OK,30.6
2016,2026-07-29T14:22:00.000,4.0599999999999996,93.4,11.36,428.5,87.9,1.33,34.94,OK,33.9
2692,2026-07-29T14:25:00.000,4.18,89.6,14.64,491.4,85.6,2.67,34.979999999999997,OK,27.3
2787,2026-07-29T14:28:00.000,4.49,92.6,13.32,513.4,84.4,1.48,35.06,OK,25.1
2419,2026-07-29T14:34:00.000,4.3899999999999997,86.9,12.48,493.7,80.2,1.73,35.119999999999997,OK,26.5
2152,2026-07-29T14:41:00.000,4.32,91.4,11.91,465.7,81.7,1.52,35.17,OK,35.6
3275,2026-07-29T14:48:00.000,4.13,97.2,14.44,574.5,95.3,1.77,35.229999999999997,OK,35.200000000000003
2545,2026-07-29T14:50:00.000,4.7699999999999996,90.3,13.26,468.6,80.599999999999994,1.87,35.29,OK,32.200000000000003
2686,2026-07-29T14:53:00.000,4.34,92.5,12.49,505.6,87.3,1.9,35.36,OK,25.2
3167,2026-07-29T15:00:00.000,4.63,95.8,16.53,543.79999999999995,89.3,1.86,35.409999999999997,OK,26.1
2612,2026-07-29T15:05:00.000,3.53,92.5,11.55,479,87.3,2.36,35.43,OK,37.200000000000003
2570,2026-07-29T15:09:00.000,4.34,95.2,12.64,486,89.1,1.94,35.5,OK,32.299999999999997
3566,2026-07-29T15:16:00.000,4.38,99.7,15.06,591.79999999999995,94.4,1.88,35.53,OK,29.5
2631,2026-07-29T15:20:00.000,4.21,94.3,13.78,494.2,90.4,1.4,35.57,OK,36.799999999999997
3337,2026-07-29T15:25:00.000,5.26,91.9,17.420000000000002,564.70000000000005,85,1.93,35.659999999999997,OK,30.6
2989,2026-07-29T15:27:00.000,4.54,91.6,14.22,509.6,88.4,2.72,35.74,OK,24.2
3005,2026-07-29T15:29:00.000,4.43,98.1,15.75,574.6,93.8,2.19,35.840000000000003,OK,40.799999999999997
2805,2026-07-29T15:37:00.000,4.43,92.7,14.06,516.5,89.3,1.45,35.96,OK,36.9
2935,2026-07-29T15:41:00.000,4.0599999999999996,96.7,15.28,523.29999999999995,89.8,2,36.01,OK,40.700000000000003
3652,2026-07-29T15:49:00.000,4.2,98.2,17.02,592.29999999999995,93.6,2.46,36.06,OK,40.799999999999997
3347,2026-07-29T15:56:00.000,4.8,95.5,16.8,544.4,87.8,2.0299999999999998,36.090000000000003,OK,27.2
2592,2026-07-29T16:03:00.000,4.2,92.7,14.03,471,85.8,1.77,36.119999999999997,OK,31.2
2742,2026-07-29T16:07:00.000,4.71,92.5,12.66,504.4,84,1.45,36.200000000000003,OK,25.9
3243,2026-07-29T16:12:00.000,4.16,99.5,14.44,565.4,91.2,1.95,36.299999999999997,OK,39.799999999999997
3352,2026-07-29T16:20:00.000,4.12,96.9,15.05,549,89.9,1.87,36.39,OK,35.1
3415,2026-07-29T16:24:00.000,4.83,100.3,14.9,565.29999999999995,94.1,1.84,36.43,WARNING,28.2
3138,2026-07-29T16:29:00.000,4.16,102,14.99,558.1,97.2,2.0499999999999998,36.53,WARNING,42.5
2886,2026-07-29T16:34:00.000,3.75,97,14.92,510.6,89.1,1.63,36.65,OK,36.799999999999997
2916,2026-07-29T16:40:00.000,4.0999999999999996,98,14.18,544.1,86.9,1.91,36.729999999999997,OK,39.6
2411,2026-07-29T16:47:00.000,3.71,89.7,11.66,478.1,83.1,1.33,36.85,OK,26
3803,2026-07-29T16:54:00.000,4.2699999999999996,100.3,17.03,607.1,91.4,1.9,36.92,WARNING,34.299999999999997
2326,2026-07-29T17:00:00.000,4.1100000000000003,96.6,9.8800000000000008,477.8,90.1,2.04,37,OK,43.9
3176,2026-07-29T17:03:00.000,4.66,97.2,13.6,540.29999999999995,91.6,1.6,37.03,OK,31.2
2655,2026-07-29T17:08:00.000,4.05,96.2,12.52,492,88,1.58,37.06,OK,31.5
3083,2026-07-29T17:13:00.000,5.0599999999999996,96.4,14.76,565.29999999999995,91,1.73,37.14,OK,31.1
3502,2026-07-29T17:21:00.000,4.57,97.3,15.54,607.4,94.1,2.29,37.18,OK,28.3
2511,2026-07-29T17:24:00.000,4.3099999999999996,94.8,12.47,483.2,91.2,1.7,37.24,OK,26
3446,2026-07-29T17:32:00.000,4.09,96.9,15.35,576.9,88.8,1.99,37.33,OK,29.6
3638,2026-07-29T17:38:00.000,4.3600000000000003,94.8,15.88,584.70000000000005,91,2.08,37.44,OK,24.8
3196,2026-07-29T17:43:00.000,4.8499999999999996,97.1,13.66,571.6,93.5,2.52,37.549999999999997,OK,30.3
4310,2026-07-29T17:45:00.000,5.5,102.7,18.98,650,94,2.89,37.6,WARNING,32.200000000000003
2574,2026-07-29T17:52:00.000,4.09,90.7,12.1,480.8,82.5,1.89,37.630000000000003,OK,25.3
2767,2026-07-29T17:56:00.000,4.47,93.1,13.31,491.7,86.2,1.81,37.729999999999997,OK,31.2
3267,2026-07-29T18:00:00.000,4.6100000000000003,98.8,14.37,576.9,91.5,1.68,37.83,OK,40.1
3280,2026-07-29T18:03:00.000,4.71,97.8,15.51,573.70000000000005,93.1,1.72,37.909999999999997,OK,24.6
3425,2026-07-29T18:09:00.000,4.25,97.8,15.59,595.29999999999995,91,2.0299999999999998,37.94,OK,39.6
3714,2026-07-29T18:13:00.000,5.71,94.9,16.739999999999998,601.29999999999995,88.8,2.27,37.97,OK,31.9
2953,2026-07-29T18:16:00.000,5.53,91.2,13.15,493.5,82.9,1.93,38.06,OK,31.2
2920,2026-07-29T18:24:00.000,4.1399999999999997,92.4,12.98,505.4,87.1,2.0699999999999998,38.130000000000003,OK,35
3155,2026-07-29T18:32:00.000,4.45,93.1,14.82,572.6,86.6,1.99,38.25,OK,32.6
3760,2026-07-29T18:40:00.000,5.08,98.2,15.38,606.1,95.7,2.4500000000000002,38.32,OK,35.799999999999997
3683,2026-07-29T18:43:00.000,5.12,95.5,17.170000000000002,583.1,90.7,2.12,38.39,OK,25.9
3375,2026-07-29T18:49:00.000,4.38,100,15.21,546.29999999999995,96.3,2.02,38.479999999999997,WARNING,39.5
3221,2026-07-29T18:55:00.000,4.71,100.5,13.9,568.79999999999995,95.7,2.14,38.549999999999997,WARNING,36.6
3344,2026-07-29T18:57:00.000,4.49,99.4,13.85,572.1,91.1,1.9,38.6,OK,33.700000000000003
3522,2026-07-29T19:00:00.000,4.2699999999999996,97,16.739999999999998,565.4,91.3,1.84,38.64,OK,37.1
3427,2026-07-29T19:03:00.000,4.51,97,13.47,561.20000000000005,91.3,2.08,38.74,OK,37.4
2896,2026-07-29T19:05:00.000,4.3600000000000003,101.1,14.06,521.29999999999995,95.4,1.66,38.770000000000003,WARNING,32.700000000000003
2867,2026-07-29T19:10:00.000,4.5,89.4,13.66,520.9,84.9,2.16,38.880000000000003,OK,26.2
3288,2026-07-29T19:17:00.000,4.24,97.9,15.58,589.4,93.8,1.77,38.9,OK,28.4
3626,2026-07-29T19:23:00.000,4.63,97.9,15.22,589.20000000000005,87.3,1.97,38.950000000000003,OK,40.200000000000003
2995,2026-07-29T19:25:00.000,4.6399999999999997,97.8,13.38,561.9,93.8,1.53,39,OK,34.5
3501,2026-07-29T19:32:00.000,4.82,102.4,16.05,589.20000000000005,98.1,2.5299999999999998,39.03,WARNING,39.700000000000003
2724,2026-07-29T19:40:00.000,4.2,96.4,13.08,498.9,93,1.42,39.1,OK,39.700000000000003
3366,2026-07-29T19:44:00.000,4.5199999999999996,100.2,16.07,595,94.6,1.71,39.130000000000003,WARNING,34.6
3058,2026-07-29T19:47:00.000,4.75,103.3,14.16,558,95.2,1.72,39.17,WARNING,30.1
2590,2026-07-29T19:50:00.000,4.5999999999999996,89.7,13.82,509.8,85.7,1.63,39.25,OK,30.6
3119,2026-07-29T19:56:00.000,4.2699999999999996,98.3,14.54,555,93.8,1.7,39.33,OK,31.5
2856,2026-07-29T20:04:00.000,3.23,99.4,14.96,563.70000000000005,91.9,1.76,39.39,OK,39.6
3189,2026-07-29T20:09:00.000,3.95,90.9,16.21,549.4,88.7,1.84,39.46,OK,25.5
3418,2026-07-29T20:14:00.000,4.0999999999999996,96.4,17.04,581.29999999999995,91.2,1.85,39.57,OK,25.6
3419,2026-07-29T20:22:00.000,4.58,95.9,14.8,562.20000000000005,92.3,2.57,39.6,OK,28.7
2553,2026-07-29T20:28:00.000,4.3099999999999996,96,13.53,509.5,90.3,1.71,39.67,OK,36.5
3431,2026-07-29T20:34:00.000,4.8499999999999996,99.6,15.49,577.29999999999995,91.7,1.9,39.71,OK,39.5
3359,2026-07-29T20:42:00.000,4.22,100.8,15.24,585,90.6,1.79,39.74,WARNING,39.4
3049,2026-07-29T20:47:00.000,4.22,93.9,14.91,558.5,83.7,1.98,39.85,OK,34.299999999999997
2737,2026-07-29T20:53:00.000,4.12,101.1,12.76,519.70000000000005,96.8,1.54,39.96,WARNING,38.200000000000003
3020,2026-07-29T21:01:00.000,4.3499999999999996,94.7,12.57,545.79999999999995,86.4,2.04,40.03,OK,27.1
3709,2026-07-29T21:08:00.000,4.55,103.6,16.5,631,100.9,1.86,40.08,WARNING,36.299999999999997
3335,2026-07-29T21:13:00.000,5.45,97.6,16.88,553,89.5,1.74,40.11,OK,30.9
3447,2026-07-29T21:20:00.000,4.72,98.7,15.25,581.6,91.1,1.86,40.15,OK,24.7
2741,2026-07-29T21:28:00.000,3.87,92.3,13.02,482.5,83.2,1.5,40.18,OK,24.4
2880,2026-07-29T21:36:00.000,4.28,97.2,13.94,524.1,92.7,1.48,40.229999999999997,OK,29.4
2591,2026-07-29T21:38:00.000,4.04,89.7,12.24,503.9,83.1,1.74,40.31,OK,26.9
2791,2026-07-29T21:41:00.000,4.1399999999999997,96.6,13.09,489.9,88.8,1.67,40.39,OK,30.9
3477,2026-07-29T21:49:00.000,4.3499999999999996,95,15.78,564.20000000000005,87.9,2.19,40.479999999999997,OK,29.9
2822,2026-07-29T21:55:00.000,3.99,93.8,13,497.4,86.1,2.04,40.54,OK,31.1
2715,2026-07-29T21:59:00.000,3.55,93.6,14.18,519.20000000000005,90.9,2.37,40.619999999999997,OK,41.4
3016,2026-07-29T22:06:00.000,4.32,93.2,15.96,540.4,89.8,2.0699999999999998,40.65,OK,30
2708,2026-07-29T22:14:00.000,4.25,91.2,13.39,519.79999999999995,82.4,2.04,40.69,OK,24
2917,2026-07-29T22:22:00.000,4.12,95.8,13.27,541.9,91.9,2.35,40.74,OK,29.6
2660,2026-07-29T22:26:00.000,4.4800000000000004,96.3,13.27,497.1,90.1,1.51,40.770000000000003,OK,38.4
2901,2026-07-29T22:34:00.000,4.3099999999999996,94.3,12.63,521.9,84.9,2.04,40.840000000000003,OK,33.799999999999997
2675,2026-07-29T22:38:00.000,4.1900000000000004,95.8,11.62,500.2,92.1,1.65,40.909999999999997,OK,33.9
2391,2026-07-29T22:45:00.000,4.1100000000000003,93.9,11.79,499.4,84.8,1.37,40.93,WARNING,32.799999999999997
3125,2026-07-29T22:50:00.000,4.43,95.9,15.57,554.5,93.5,1.85,40.97,OK,35.700000000000003
3365,2026-07-29T22:52:00.000,4.63,94.3,16.55,580.5,85.8,2.14,41.08,OK,25.5
2876,2026-07-29T22:59:00.000,3.84,92.5,13.92,530.4,91.5,2.78,41.2,OK,26.7
2149,2026-07-29T23:01:00.000,4.26,95.1,11.65,450.1,91.7,1.84,41.26,OK,26.1
2567,2026-07-29T23:07:00.000,3.68,91.5,12.69,476.5,88.9,1.78,41.31,OK,31
2705,2026-07-29T23:14:00.000,4.5199999999999996,95.4,12.88,515.4,88.2,1.66,41.38,OK,26.7
2001,2026-07-29T23:22:00.000,3.95,90.3,9.42,459.6,80.7,1.1399999999999999,41.43,OK,37.5
2375,2026-07-29T23:24:00.000,3.87,89.5,12.88,475,87.3,1.68,41.47,OK,24.4
2042,2026-07-29T23:28:00.000,3.97,92.1,10.27,425.9,87.6,2.12,41.5,OK,31.6
2144,2026-07-29T23:35:00.000,3.77,94.1,11.75,464.2,88,1.4,41.61,OK,35.799999999999997
2594,2026-07-29T23:37:00.000,4.47,95.8,12.55,490.8,90.4,1.43,41.69,OK,38
2429,2026-07-29T23:43:00.000,3.77,96.3,11.14,458.1,89.3,1.34,41.76,OK,39.1
2034,2026-07-29T23:46:00.000,3.84,90.4,9.8699999999999992,464.8,88.9,1.5,41.8,OK,23.5
2364,2026-07-29T23:53:00.000,3.77,92.1,11.25,460.4,84.3,1.51,41.92,OK,24.6
2231,2026-07-29T23:57:00.000,3.6,92.9,11.41,481.2,84.7,1.22,41.96,OK,41.5
2637,2026-07-30T00:04:00.000,4.1500000000000004,92.4,13.79,518.29999999999995,89.6,1.74,42.03,OK,30.1
1572,2026-07-30T00:09:00.000,4.08,87.8,9.64,401.5,82.4,1,42.11,OK,27.4
2009,2026-07-30T00:13:00.000,3.95,95.9,9.82,433.2,87.3,1.1599999999999999,42.21,OK,40.799999999999997
2769,2026-07-30T00:19:00.000,4.18,95.6,12.01,531.79999999999995,93.2,2.09,42.27,OK,30.8
1801,2026-07-30T00:23:00.000,3.68,89.6,10.41,406.4,80.3,1.07,42.31,OK,29.7
1800,2026-07-30T00:25:00.000,3.16,88.9,11.54,416.7,82.5,1.83,42.35,OK,26
1967,2026-07-30T00:31:00.000,3.54,87.5,11.25,426.8,85.6,1.56,42.44,OK,29.9
2562,2026-07-30T00:37:00.000,3.87,92.5,14.3,485.3,89.7,1.79,42.47,OK,31.2
2229,2026-07-30T00:40:00.000,4,92.6,10.85,464.9,87.2,1.26,42.56,OK,40.200000000000003
1686,2026-07-30T00:44:00.000,3.98,90,9.4,383.6,81.2,1.59,42.62,OK,25.7
1999,2026-07-30T00:52:00.000,3.78,89.7,11.69,426.2,88.2,1.38,42.65,OK,25.4
1876,2026-07-30T00:56:00.000,3.81,92.2,8.59,415.3,87.6,1.07,42.69,OK,27.5
2127,2026-07-30T01:00:00.000,3.84,97.8,11.29,467.6,95.6,1.82,42.77,OK,34.700000000000003
1925,2026-07-30T01:06:00.000,3.82,91.8,10.52,443.4,86.3,1.25,42.89,OK,28.9
1980,2026-07-30T01:08:00.000,3.84,88.3,11.69,429.8,83.5,1.31,42.98,OK,31.9
1769,2026-07-30T01:16:00.000,3.83,89.4,8.82,424.7,78.400000000000006,1.08,43.02,OK,32.5
2316,2026-07-30T01:19:00.000,3.78,89.4,11.4,463.6,81.900000000000006,1.67,43.08,OK,37.200000000000003
1809,2026-07-30T01:22:00.000,3.98,95,9.2200000000000006,422.5,92.5,1.64,43.17,OK,34.299999999999997
1577,2026-07-30T01:27:00.000,3.15,95.1,8.92,411,92.2,1.51,43.28,OK,34
2139,2026-07-30T01:30:00.000,3.38,88.8,9.8800000000000008,451.1,84.2,1.71,43.32,OK,30.9
1947,2026-07-30T01:34:00.000,3.89,87.7,10.79,413.1,82,1.78,43.36,OK,24.8
1394,2026-07-30T01:39:00.000,3.46,88.5,8.5299999999999994,394.4,82.6,1.73,43.43,OK,39.1
800,2026-07-30T01:44:00.000,3.08,81.900000000000006,6.05,296.10000000000002,76.099999999999994,1.22,43.48,OK,26
1847,2026-07-30T01:46:00.000,3.64,85.6,10.220000000000001,397.5,77,1.1200000000000001,43.52,OK,28.7
1479,2026-07-30T01:49:00.000,3.74,90.4,9.07,375.3,84.2,1.05,43.62,OK,31.2
1620,2026-07-30T01:56:00.000,3.36,85.2,10.51,395.8,80.3,1.1299999999999999,43.74,OK,27.1
1993,2026-07-30T01:59:00.000,3.46,91.7,10.39,462.2,83.5,1.25,43.84,OK,35.6
1220,2026-07-30T02:03:00.000,3.58,86,8.9700000000000006,380.5,85.4,1.08,43.87,OK,34.299999999999997
1135,2026-07-30T02:05:00.000,3.66,82.8,6.74,335.4,75.900000000000006,0.84,43.98,OK,32.4
1016,2026-07-30T02:11:00.000,2.99,87.1,6.5,342.7,79.7,0.77,44.01,OK,40.700000000000003
2251,2026-07-30T02:19:00.000,4.43,89.3,12.82,440.1,80.8,2.4,44.11,OK,36
1873,2026-07-30T02:25:00.000,3.65,91.1,11.15,416.8,82.3,1.37,44.21,OK,35.5
1668,2026-07-30T02:31:00.000,3.49,91.4,7.81,438,85,1.0900000000000001,44.29,OK,34.1
800,2026-07-30T02:36:00.000,3.22,85.7,4.33,319.89999999999998,82.3,1.83,44.33,OK,27
889,2026-07-30T02:43:00.000,3.24,85,7.97,347.8,81.900000000000006,1.06,44.4,OK,26.1
1612,2026-07-30T02:49:00.000,3.86,91.7,9.02,416.6,84,1.1399999999999999,44.49,OK,35.9
1485,2026-07-30T02:53:00.000,4.4000000000000004,85.4,8.1300000000000008,374,80.2,1.1399999999999999,44.55,OK,28.7
1229,2026-07-30T02:59:00.000,3.05,85.5,8.0299999999999994,348.4,80.900000000000006,0.82,44.64,OK,27.6
830,2026-07-30T03:06:00.000,3.03,86.5,5.88,326.2,78,1.24,44.68,OK,38.5
1653,2026-07-30T03:09:00.000,3.54,86.2,9.2899999999999991,398.4,79.099999999999994,1.59,44.75,OK,34.299999999999997
1892,2026-07-30T03:17:00.000,4.46,88.3,9.86,438.3,81.8,1.44,44.79,OK,32.1
1400,2026-07-30T03:19:00.000,2.93,85.5,8.06,372.6,85.2,1.21,44.85,OK,32.6
964,2026-07-30T03:21:00.000,3.18,86.9,5.14,352.7,79.2,0.98,44.96,OK,36.4
1745,2026-07-30T03:24:00.000,3.87,89.3,8.68,403.1,85.9,1.43,44.99,OK,25
1253,2026-07-30T03:26:00.000,3.8,85.7,8.8800000000000008,364.2,76.3,1.32,45.04,OK,29.1
1749,2026-07-30T03:33:00.000,3.56,90,10.31,399.6,82.4,2.02,45.11,OK,43
1038,2026-07-30T03:41:00.000,3.75,84.8,7.32,317.60000000000002,77.5,1.1299999999999999,45.14,OK,23.9
1870,2026-07-30T03:43:00.000,3.46,89.8,10.77,411.3,81.3,1.0900000000000001,45.18,OK,34.6
977,2026-07-30T03:46:00.000,3.12,83.3,6.99,343.1,75,1.23,45.21,OK,27
889,2026-07-30T03:50:00.000,2.54,90,5.07,357.5,80.900000000000006,1.18,45.28,OK,32.799999999999997
1398,2026-07-30T03:55:00.000,3.75,90.8,7.39,381.9,81.7,0.92,45.39,OK,32.299999999999997
1070,2026-07-30T04:01:00.000,2.98,87.5,7.69,356.7,85,0.95,45.51,OK,33.700000000000003
1220,2026-07-30T04:04:00.000,3.34,85,6.2,354.9,82.5,1.1100000000000001,45.62,OK,27.7
800,2026-07-30T04:07:00.000,3.67,85.2,5.58,315.2,79.599999999999994,1.27,45.69,OK,35.200000000000003
800,2026-07-30T04:09:00.000,2.83,84.4,5.66,337.8,78.8,0.84,45.79,OK,35.9
921,2026-07-30T04:17:00.000,3.67,82.5,6.95,348.9,76.2,0.91,45.82,OK,25.2
1171,2026-07-30T04:23:00.000,3.72,88.6,7.42,381.6,82,1.02,45.9,OK,38.700000000000003
800,2026-07-30T04:28:00.000,3.19,77.599999999999994,6.47,324.3,73.599999999999994,0.88,45.92,OK,25.3
1405,2026-07-30T04:33:00.000,3.44,91.6,8.85,381,85.1,0.9,45.99,OK,31.8
987,2026-07-30T04:36:00.000,3.04,86.8,7.28,332.5,79.7,2.13,46.05,OK,30
1616,2026-07-30T04:43:00.000,3.6,86.3,9.93,372.3,80,1.19,46.13,OK,29.4
800,2026-07-30T04:51:00.000,2.88,90.1,6.45,358.2,81.2,1.79,46.22,OK,36.1
1130,2026-07-30T04:59:00.000,3.91,87.1,6.56,332.3,80.3,1.37,46.31,OK,26.5
1167,2026-07-30T05:07:00.000,3.38,89.7,6.46,362.2,81.900000000000006,0.99,46.35,OK,34.6
1098,2026-07-30T05:11:00.000,3.7,84.7,7.71,324.39999999999998,75.2,0.89,46.44,OK,27.1
985,2026-07-30T05:15:00.000,3,87.5,6.85,358.1,79.400000000000006,0.73,46.54,OK,31.4
1297,2026-07-30T05:18:00.000,3.93,85,8.0299999999999994,372.5,76.5,0.85,46.59,OK,38
800,2026-07-30T05:25:00.000,3.46,86.1,5.7,343.3,81,0.83,46.69,OK,31.3
1099,2026-07-30T05:29:00.000,3.49,86.4,7.28,354.1,73.900000000000006,2.57,46.79,OK,34
800,2026-07-30T05:36:00.000,3.34,88.6,4.93,337.5,81.7,1.07,46.87,OK,34.799999999999997
800,2026-07-30T05:42:00.000,3.2,82.8,5.04,324.2,73.099999999999994,0.78,46.91,OK,24.9
1100,2026-07-30T05:46:00.000,3.59,86.2,9.99,369.7,81.099999999999994,0.88,47.01,OK,35.1
1341,2026-07-30T05:52:00.000,3.71,89.2,6.25,381.8,85,0.86,47.13,OK,25.3
800,2026-07-30T06:00:00.000,3.33,89.1,5.36,342.6,85.5,0.71,47.18,OK,35.200000000000003
1596,2026-07-30T06:07:00.000,3.79,91.7,8.0299999999999994,433.3,87.9,1.17,47.28,OK,35
1374,2026-07-30T06:11:00.000,3.54,88,7.25,365.8,83.1,1.4,47.36,OK,27.3
1045,2026-07-30T06:18:00.000,2.73,89.1,6.74,338.7,88,0.95,47.41,OK,35.1
800,2026-07-30T06:23:00.000,3.1,85.6,5.1100000000000003,341.5,77.099999999999994,1.58,47.44,OK,34.700000000000003
1580,2026-07-30T06:26:00.000,3.34,85.4,9.66,396.5,76.400000000000006,1.26,47.5,OK,26.6
1215,2026-07-30T06:33:00.000,2.89,90.6,7.82,371.3,85.3,1.22,47.57,OK,41.9
1224,2026-07-30T06:40:00.000,3.55,84.8,8.19,369.7,76.099999999999994,0.98,47.61,OK,38.9
835,2026-07-30T06:48:00.000,3.71,89.7,6.64,335.3,80.8,0.93,47.66,OK,34.9
1150,2026-07-30T06:54:00.000,2.56,87.2,6.89,332.9,78.5,1.49,47.75,OK,33.700000000000003
875,2026-07-30T07:02:00.000,2.88,85.5,5.85,333.3,77.400000000000006,1.47,47.87,OK,32.299999999999997
1531,2026-07-30T07:07:00.000,3.57,87.5,10.039999999999999,374.9,80.099999999999994,1.34,47.97,OK,36.4
1552,2026-07-30T07:10:00.000,3.72,90.9,9.0399999999999991,406,83.3,1.1100000000000001,48.07,OK,27
1078,2026-07-30T07:18:00.000,3.18,88.8,7.38,359.3,84.4,1.05,48.13,OK,33.200000000000003
941,2026-07-30T07:23:00.000,3.41,87.1,6.88,342.5,80.3,0.88,48.23,OK,33.5
1437,2026-07-30T07:29:00.000,3.94,88.6,8.61,382.5,79,0.98,48.27,OK,27.5
1404,2026-07-30T07:33:00.000,3.6,86.5,7.11,409.9,82.9,1.43,48.35,OK,24.4
800,2026-07-30T07:36:00.000,3.29,85.6,6.64,356.6,74.8,1.33,48.44,OK,24.2
1106,2026-07-30T07:43:00.000,2.8,84.1,9.68,321.5,80.2,1.61,48.56,OK,24.5
1993,2026-07-30T07:50:00.000,3.03,91.5,10.54,431.3,85.7,1.51,48.61,OK,34.6
1240,2026-07-30T07:58:00.000,3.16,90.5,9.4,395.2,84.9,1.45,48.66,OK,38.9
1344,2026-07-30T08:03:00.000,3.49,86.5,8.33,388.3,79.8,0.97,48.76,OK,40.5
1471,2026-07-30T08:07:00.000,3.62,87.3,8.92,381.6,82.4,0.99,48.82,OK,40.200000000000003
1105,2026-07-30T08:09:00.000,3.37,89.9,7.66,374.5,84.1,0.99,48.89,OK,25.8
1589,2026-07-30T08:15:00.000,3.4,87.9,7.31,385.4,78.599999999999994,1,48.95,OK,36.5
1473,2026-07-30T08:21:00.000,3.61,92.7,7.3,382.7,86.1,1.33,49.07,OK,33.5
1756,2026-07-30T08:28:00.000,3.68,88.5,9.49,413.1,84.2,1.43,49.16,OK,30.6
800,2026-07-30T08:32:00.000,3.23,81.5,7.86,324.60000000000002,71.099999999999994,1.0900000000000001,49.24,OK,27.1
1530,2026-07-30T08:36:00.000,3.59,91.3,8.44,403.3,89.4,1.77,49.28,OK,30.5
1502,2026-07-30T08:39:00.000,3.32,90.9,9.23,397.6,89.3,1.06,49.38,OK,35.200000000000003
956,2026-07-30T08:46:00.000,3.1,86.8,6.01,341,79.7,1.17,49.47,OK,27.4
1383,2026-07-30T08:51:00.000,4.16,87,9.19,374.6,77.7,1.48,49.56,OK,39.5
1638,2026-07-30T08:53:00.000,3.86,92.1,7.91,401.5,80.599999999999994,1.24,49.66,OK,39.1
1542,2026-07-30T09:00:00.000,3.54,83.3,9.8699999999999992,386.4,74.8,1.1000000000000001,49.75,OK,40.4
1541,2026-07-30T09:03:00.000,3.59,89.8,8.86,400.3,83,1.1599999999999999,49.83,OK,32
1570,2026-07-30T09:06:00.000,3.47,88.7,8.83,384.5,82.3,1.18,49.89,OK,40.1
1438,2026-07-30T09:08:00.000,3.55,90.2,9.15,366.2,87.6,0.94,49.93,OK,25.1
2329,2026-07-30T09:15:00.000,4.03,96.4,12.87,476.9,89.3,1.37,49.99,OK,39.200000000000003
1768,2026-07-30T09:21:00.000,3.46,91.5,8.2899999999999991,421,89,1.27,50.11,OK,37.200000000000003
1789,2026-07-30T09:29:00.000,3.8,92.7,10.38,416.6,87,1.24,50.19,OK,32.5
1243,2026-07-30T09:32:00.000,3.4,93.9,6.36,366.3,87.2,1.1599999999999999,50.28,OK,33.799999999999997
1625,2026-07-30T09:39:00.000,3.43,88.5,8.58,403.7,85,1.57,50.37,OK,29.9
1578,2026-07-30T09:45:00.000,3.84,92.4,6.75,401.7,86.9,1.18,50.43,OK,42.5
1780,2026-07-30T09:50:00.000,3.52,85.5,9.49,409.9,84.3,1.17,50.46,OK,27
1707,2026-07-30T09:54:00.000,3.32,89.3,9.65,439.2,87.3,1.36,50.54,OK,40
1632,2026-07-30T09:59:00.000,3.93,85.7,10.08,370.3,80.2,1.42,50.63,OK,27.1
1797,2026-07-30T10:03:00.000,3.37,91.1,10.07,401,87.2,2.4,50.72,OK,36.200000000000003
1527,2026-07-30T10:06:00.000,3.76,87.7,8.89,388.7,77.3,0.94,50.78,OK,24.4
2143,2026-07-30T10:10:00.000,4.55,88.9,11.84,459,82.8,1.38,50.84,OK,28.8
2246,2026-07-30T10:12:00.000,4.34,91.7,12.57,451,87.6,1.33,50.88,OK,28.2
2168,2026-07-30T10:14:00.000,3.69,96.3,12.03,443.1,91.3,1.2,50.99,OK,41
2323,2026-07-30T10:19:00.000,3.78,91.5,13.51,465.6,86,1.33,51.07,OK,27.4
2328,2026-07-30T10:21:00.000,4.3099999999999996,94.6,11.17,470.3,93.3,1.38,51.15,OK,30.6
1633,2026-07-30T10:26:00.000,3.75,83.9,10.37,369.7,79.099999999999994,1.0900000000000001,51.24,OK,28.2
2635,2026-07-30T10:32:00.000,3.63,91.3,11.4,502.3,86.3,2.12,51.34,OK,38.6
2447,2026-07-30T10:38:00.000,4.28,94.9,10.94,481.8,88.5,1.68,51.42,OK,34
1504,2026-07-30T10:43:00.000,3.47,88.8,8.75,398.4,86.9,1.04,51.51,OK,30.4
1937,2026-07-30T10:48:00.000,3.81,92.5,9.85,441.6,87,1.36,51.57,WARNING,39.200000000000003
1801,2026-07-30T10:56:00.000,3.77,90.6,10.44,386.3,84.3,1.45,51.6,OK,33.700000000000003
2415,2026-07-30T11:01:00.000,4.1900000000000004,90.7,12.36,474.8,84.7,1.6,51.65,OK,35.6
2106,2026-07-30T11:09:00.000,4.67,86.8,12.29,440.5,84.1,1.56,51.67,OK,31.3
2331,2026-07-30T11:16:00.000,4.5199999999999996,95.2,12.15,467.1,84.3,2.1,51.75,OK,34.5
2959,2026-07-30T11:23:00.000,3.8,99.1,14.28,540.29999999999995,95.8,1.85,51.77,OK,37.299999999999997
2888,2026-07-30T11:31:00.000,4.53,89.9,12.58,511.7,81.7,1.63,51.8,OK,19.7
2076,2026-07-30T11:35:00.000,3.37,85.7,10.54,427.3,76.900000000000006,1.6,51.88,OK,31.5
2601,2026-07-30T11:42:00.000,4.6100000000000003,94.9,13.44,494.3,87.4,1.88,51.96,OK,39
3110,2026-07-30T11:49:00.000,4.8499999999999996,94.3,17.03,530.5,91.8,1.76,52.02,OK,32.9
2179,2026-07-30T11:51:00.000,3.66,92.4,10.37,458,84.8,1.69,52.05,OK,27
2867,2026-07-30T11:55:00.000,4.29,91.3,14.6,508.5,82.2,1.52,52.1,OK,28.2
2498,2026-07-30T11:59:00.000,4.3899999999999997,94.7,12.26,483.8,88.1,1.73,52.21,OK,31.6
2257,2026-07-30T12:07:00.000,3.9,91.7,11.51,440.1,88.1,1.75,52.24,OK,29.9
3144,2026-07-30T12:11:00.000,4.22,100.2,13.77,537.29999999999995,90.8,2.37,52.29,WARNING,36.4
2492,2026-07-30T12:17:00.000,4.07,97.3,11.79,497,97.1,2.0299999999999998,52.32,OK,43.9
2618,2026-07-30T12:25:00.000,4.66,92.6,12.58,515.1,84.7,2.06,52.4,OK,32.1
2573,2026-07-30T12:31:00.000,3.61,93.5,13.3,493.5,88.8,1.59,52.49,OK,28.8
3093,2026-07-30T12:35:00.000,4.1399999999999997,94.7,15.68,567.1,91.5,2.2200000000000002,52.54,OK,28.2
3096,2026-07-30T12:38:00.000,4.24,93.5,13.9,549,86.9,1.71,52.56,OK,38.799999999999997
2518,2026-07-30T12:42:00.000,4.74,95.1,11.82,487,87.7,1.66,52.66,OK,33.9
2844,2026-07-30T12:45:00.000,4.75,95.5,14.13,543.6,84.6,1.74,52.77,OK,36.299999999999997
2959,2026-07-30T12:48:00.000,4.1100000000000003,88.6,13.63,509.3,82.2,2.23,52.87,OK,27.4
3196,2026-07-30T12:56:00.000,4.49,92.2,15.65,553.20000000000005,88.2,1.98,52.92,OK,30.7
2667,2026-07-30T12:58:00.000,4.49,94.4,13.41,506.2,86.3,1.73,52.99,OK,40.1
3388,2026-07-30T13:03:00.000,4.87,98.2,14.83,537.5,89.5,2.0299999999999998,53.01,OK,28.1
3214,2026-07-30T13:11:00.000,4.57,93.8,15.58,547.4,82.4,3.2,53.09,WARNING,28.8
2620,2026-07-30T13:15:00.000,4.16,95.7,13.12,526.79999999999995,89.5,2.0299999999999998,53.2,OK,32.9
3145,2026-07-30T13:19:00.000,5.13,97.4,14.3,543.1,93.6,1.95,53.27,OK,30.1
3169,2026-07-30T13:23:00.000,4.4400000000000004,93.9,15.01,540,85.4,1.64,53.35,OK,25.7
2772,2026-07-30T13:28:00.000,3.65,98.7,12.31,526.70000000000005,90,1.83,53.37,OK,42.2
3191,2026-07-30T13:36:00.000,4.55,95.2,14.3,517.9,89.1,1.78,53.4,OK,28.9
3064,2026-07-30T13:39:00.000,4.55,91.9,14.93,547.20000000000005,88.5,1.89,53.43,OK,25.1
2547,2026-07-30T13:47:00.000,4.1100000000000003,91.2,12.17,481.9,82.6,1.59,53.54,OK,25.9
1985,2026-07-30T13:51:00.000,3.4,88.7,10.85,418,82.1,5.54,53.66,OK,31.6
3840,2026-07-30T13:55:00.000,4.96,100.3,15.63,630.6,95.1,2,53.73,WARNING,29.3
3098,2026-07-30T14:00:00.000,4.09,96.1,14.29,550.9,94.4,1.87,53.76,OK,29.1
3198,2026-07-30T14:06:00.000,4.46,99.2,14.91,580.1,94,1.97,53.84,OK,29.1
2819,2026-07-30T14:11:00.000,4.0999999999999996,95.9,12.81,524.5,90,1.85,53.89,OK,38.299999999999997
2985,2026-07-30T14:18:00.000,4.71,96.5,14.05,537.1,89.8,2.12,53.92,OK,33.4
3970,2026-07-30T14:23:00.000,4.3600000000000003,100.3,17.600000000000001,632.20000000000005,95.8,2,54.03,WARNING,31.8
4073,2026-07-30T14:29:00.000,4.57,99.7,16.829999999999998,635,96.8,2.16,54.14,OK,25.3
2593,2026-07-30T14:31:00.000,4.1399999999999997,96.8,10.02,485.5,93.9,1.46,54.17,OK,41
3277,2026-07-30T14:36:00.000,4.5599999999999996,94.2,14.15,567.79999999999995,89.1,1.72,54.29,OK,30.4
3925,2026-07-30T14:41:00.000,4.82,98.2,15.34,619.70000000000005,95.3,2.4,54.38,OK,25.9
3353,2026-07-30T14:48:00.000,4.7,96.2,15.89,580.4,91.4,2.04,54.45,OK,29
3536,2026-07-30T14:52:00.000,4.67,104.2,16.899999999999999,585,96,2.29,54.48,WARNING,36.1
3249,2026-07-30T14:55:00.000,4.88,91.5,13.82,538.79999999999995,83,2.19,54.6,OK,29.7
3500,2026-07-30T14:58:00.000,4.7,98.3,14.79,585.1,88.7,2.19,54.72,OK,27.5
3836,2026-07-30T15:06:00.000,5.42,102.2,16.59,620.1,99.5,2.48,54.78,WARNING,29.7
3522,2026-07-30T15:11:00.000,4.3099999999999996,95.1,15.23,584.29999999999995,90.5,1.87,54.86,OK,31.3
2923,2026-07-30T15:14:00.000,4.83,102.1,13.05,535,99.4,1.63,54.96,WARNING,39
3136,2026-07-30T15:18:00.000,4.47,94.7,12.93,562.9,87.9,2.13,55.02,OK,25.5
3635,2026-07-30T15:26:00.000,4.1100000000000003,96.5,16.170000000000002,566.5,91.6,2.31,55.12,OK,27.6
3348,2026-07-30T15:31:00.000,3.72,97.1,14.39,559.79999999999995,89.7,1.88,55.16,OK,32.1
3187,2026-07-30T15:36:00.000,4.29,94.9,13.24,552.1,83.6,1.81,55.27,OK,25.4
3002,2026-07-30T15:41:00.000,4.59,98.1,13.56,539.9,94.8,2.67,55.29,OK,40.9
3039,2026-07-30T15:45:00.000,4.7300000000000004,94.2,14.26,532.4,87.7,1.73,55.37,OK,38.700000000000003
3141,2026-07-30T15:48:00.000,4.1500000000000004,95.5,14.29,532.79999999999995,89.5,2.46,55.39,OK,25.7
3555,2026-07-30T15:53:00.000,4.49,95.4,16.39,542.79999999999995,91.2,2.44,55.44,OK,39.9
3216,2026-07-30T16:01:00.000,4.9400000000000004,94.4,16.5,564.6,89.5,1.88,55.52,OK,28.9
3461,2026-07-30T16:07:00.000,4.0999999999999996,95.3,15.57,578.5,91.9,1.83,55.56,OK,27.5
3455,2026-07-30T16:12:00.000,4.3499999999999996,97.4,16.850000000000001,592.1,89.4,1.75,55.65,OK,32
3669,2026-07-30T16:15:00.000,5,96.7,15.06,566.5,91.1,1.81,55.7,OK,26.8
3112,2026-07-30T16:17:00.000,4.1500000000000004,97.8,11.4,533.1,93,2.11,55.75,OK,37.4
3964,2026-07-30T16:19:00.000,5.07,95.2,16.61,618.1,88.7,1.93,55.85,OK,27.9
2780,2026-07-30T16:21:00.000,4.16,93.5,12.86,489.4,89.3,2.06,55.97,OK,28.4
3279,2026-07-30T16:28:00.000,4.34,95.3,13.9,553.9,88.1,1.63,56.03,OK,36
3241,2026-07-30T16:36:00.000,4.18,95.8,15.4,570.1,89.1,1.94,56.12,OK,26.9
3109,2026-07-30T16:42:00.000,4.22,98.8,13.82,536.70000000000005,92.5,2.63,56.17,OK,26.7
2609,2026-07-30T16:44:00.000,4.96,93.5,12.47,515.29999999999995,82.9,1.42,56.29,OK,31
3799,2026-07-30T16:48:00.000,4.58,100.9,16.760000000000002,602.20000000000005,96.6,2.2599999999999998,56.37,WARNING,24.9
3658,2026-07-30T16:52:00.000,4.8099999999999996,98.8,17.399999999999999,610.1,91.2,2.02,56.41,OK,31.7
3535,2026-07-30T16:54:00.000,4.8499999999999996,95.6,15.32,570.79999999999995,86.9,1.96,56.53,OK,30.2
3098,2026-07-30T16:56:00.000,5.37,95.7,13.9,564.20000000000005,90.9,1.97,56.62,OK,29.6
3167,2026-07-30T16:59:00.000,5.07,90,15.69,547.20000000000005,79.5,1.68,56.71,OK,28.5
3217,2026-07-30T17:03:00.000,3.91,96.2,16.079999999999998,561.79999999999995,91.6,2.12,56.74,OK,29.3
3241,2026-07-30T17:11:00.000,4.6900000000000004,98.7,16.16,546.20000000000005,95.2,1.69,56.81,OK,28.7
3592,2026-07-30T17:14:00.000,5.03,93.4,17.350000000000001,574.9,88.9,2.63,56.83,OK,24.1
3129,2026-07-30T17:21:00.000,4.88,96.9,12.35,554.5,88.5,2.14,56.94,OK,25.6
2990,2026-07-30T17:24:00.000,3.86,94.4,13.08,541.1,85.1,1.68,57.06,OK,37.799999999999997
3328,2026-07-30T17:26:00.000,4.53,97.8,16.989999999999998,552.9,91.1,1.77,57.09,OK,37.9
3278,2026-07-30T17:29:00.000,4.41,95.5,15.48,578.9,95.1,2.42,57.12,OK,38.700000000000003
3425,2026-07-30T17:36:00.000,4.76,97.1,17.07,577.79999999999995,92.5,1.78,57.18,OK,31.7
3720,2026-07-30T17:38:00.000,4.57,104.9,17.329999999999998,620.4,104.3,1.87,57.29,WARNING,27.9
3076,2026-07-30T17:40:00.000,4.3,95.2,14.74,546.29999999999995,90.8,2.12,57.31,OK,36.299999999999997
3529,2026-07-30T17:45:00.000,4.17,98.8,16.350000000000001,566.79999999999995,95.4,2.5499999999999998,57.38,OK,38.5
3236,2026-07-30T17:49:00.000,4.79,94.2,14.69,577.1,92,1.71,57.47,OK,23.5
3527,2026-07-30T17:55:00.000,4.63,96,15.88,605,88.5,1.74,57.53,OK,27.2
3582,2026-07-30T18:03:00.000,4.57,101.1,15.02,590.20000000000005,96.7,1.79,57.61,WARNING,33.700000000000003
2867,2026-07-30T18:10:00.000,4.2300000000000004,90.9,13.04,545.79999999999995,85.9,1.98,57.67,OK,23
3805,2026-07-30T18:14:00.000,4.68,99.2,16.43,614.79999999999995,92.3,1.94,57.76,OK,30.2
3156,2026-07-30T18:20:00.000,4.8,94.4,14.88,550.1,88.3,1.94,57.78,OK,29.6
2671,2026-07-30T18:28:00.000,4.3499999999999996,95.9,13.5,502.7,94,2.67,57.88,OK,24.4
2653,2026-07-30T18:33:00.000,3.46,95.5,13.63,501,89.7,2.29,57.91,OK,36.700000000000003
3546,2026-07-30T18:38:00.000,4.16,97,17.63,614.70000000000005,91.9,1.84,57.98,OK,27.8
3468,2026-07-30T18:42:00.000,3.98,97.8,16.489999999999998,592.79999999999995,96.1,1.78,58.01,OK,26.7
3370,2026-07-30T18:47:00.000,3.68,101.8,16.010000000000002,578.9,97.7,2.76,58.08,WARNING,36.9
2773,2026-07-30T18:52:00.000,4.6100000000000003,97.8,12.01,510.4,90,1.78,58.19,OK,36
2809,2026-07-30T19:00:00.000,4.49,96.8,11.88,512.29999999999995,92.1,1.6,58.25,OK,32.700000000000003
2364,2026-07-30T19:02:00.000,4.55,94.2,12.1,472.5,90.1,1.44,58.34,OK,26.4
2789,2026-07-30T19:10:00.000,4.13,95.8,12.99,500.8,85.9,2.12,58.46,OK,37.799999999999997
2926,2026-07-30T19:15:00.000,4.5999999999999996,101.3,13.87,539.5,97.2,1.77,58.51,WARNING,37
3366,2026-07-30T19:18:00.000,4.75,98.1,14.3,593.70000000000005,93,2.62,58.63,OK,28.4
2719,2026-07-30T19:23:00.000,3.5,97.8,13.03,531.4,99.8,2.77,58.73,OK,41.5
2673,2026-07-30T19:30:00.000,4.59,93.9,12.41,474.2,92.6,2.17,58.85,OK,33.299999999999997
2865,2026-07-30T19:37:00.000,4.18,90,13.94,516.5,82.9,2.5299999999999998,58.97,OK,28.4
3035,2026-07-30T19:44:00.000,4.54,96.2,14.66,505.9,93.8,2.4,58.99,OK,34.6
3253,2026-07-30T19:52:00.000,4.3600000000000003,95.2,15.18,569.9,92.6,2.16,59.04,OK,36.1
2438,2026-07-30T19:59:00.000,3.53,92.3,11.02,478.7,92.9,1.43,59.15,OK,34.4
2595,2026-07-30T20:07:00.000,4.26,93.8,12.46,527,91.1,2.54,59.2,OK,32.200000000000003
2675,2026-07-30T20:13:00.000,4.71,98.8,14.39,516.6,94.8,2.1800000000000002,59.31,OK,38.4
2506,2026-07-30T20:17:00.000,3.65,95.1,11.81,475.6,90.4,2,59.4,OK,41.6
2353,2026-07-30T20:23:00.000,4.1100000000000003,90.8,11.13,448.9,82.6,1.5,59.48,OK,35.299999999999997
2452,2026-07-30T20:25:00.000,4.54,90.5,12.78,479.4,84.4,2.17,59.6,OK,37.1
2087,2026-07-30T20:30:00.000,3.03,86.5,10.3,444.2,82.6,1.42,59.64,OK,23.9
2272,2026-07-30T20:33:00.000,3.57,96.7,10.64,464.4,89,1.24,59.73,OK,29.1
2023,2026-07-30T20:40:00.000,3.87,87.6,9.9600000000000009,432.7,85.3,1.58,59.76,OK,24.2
2430,2026-07-30T20:42:00.000,3.92,90.4,12.88,464.9,82.7,1.45,59.85,OK,40.4
2259,2026-07-30T20:49:00.000,3.73,93.4,11.23,468,83.5,1.37,59.93,OK,35
2175,2026-07-30T20:53:00.000,3.52,88.5,11.84,443.9,81.3,1.35,59.98,WARNING,25.7
2342,2026-07-30T20:58:00.000,4.03,93.7,12.76,464.9,84.9,1.35,60.08,OK,37.700000000000003
1441,2026-07-30T21:05:00.000,3.18,90.1,8.15,369.2,87,1.03,60.2,OK,30.2
2166,2026-07-30T21:13:00.000,3.44,94.6,10.94,484,87.9,1.44,60.28,OK,31.9
2315,2026-07-30T21:20:00.000,3.57,92.7,11.39,455.9,80.599999999999994,1.27,60.33,OK,34.799999999999997
2558,2026-07-30T21:24:00.000,4.57,92.8,11.73,502,86.9,2.2000000000000002,60.36,OK,26.6
2400,2026-07-30T21:26:00.000,3.73,95.6,12.8,477.2,89.3,1.92,60.46,OK,31.1
2601,2026-07-30T21:29:00.000,4.34,91.2,12.22,497.7,86.4,1.81,60.49,OK,30.7
1625,2026-07-30T21:33:00.000,3.44,85.9,8.25,396.8,77.2,1.52,60.55,OK,31.8
2463,2026-07-30T21:41:00.000,3.47,95.9,13.66,479.4,90,1.74,60.59,OK,39.200000000000003
2171,2026-07-30T21:46:00.000,3.66,89.4,10.9,448.6,83.6,1.26,60.67,OK,33.6
1849,2026-07-30T21:54:00.000,3.53,90.1,9.92,408.3,81.2,1.1100000000000001,60.74,OK,36.1
2045,2026-07-30T22:00:00.000,3.85,91.8,10.14,469.6,84.6,1.31,60.85,OK,35.200000000000003
3072,2026-07-30T22:06:00.000,4.4800000000000004,94.2,13.22,535,89,1.62,60.89,OK,24.6
1999,2026-07-30T22:10:00.000,3.4,90.2,9.15,446.5,86.9,1.43,60.93,OK,32.299999999999997
1947,2026-07-30T22:13:00.000,4.25,92.7,11.09,446.7,88,1.24,61.02,OK,30.4
2191,2026-07-30T22:20:00.000,4.43,91.4,10.66,463.6,86,1.56,61.05,OK,31.7
1785,2026-07-30T22:22:00.000,3.74,88,7.85,422.5,79.900000000000006,1.19,61.09,OK,41.1
1555,2026-07-30T22:30:00.000,3.68,89.3,8.2100000000000009,377.7,79.5,1.03,61.14,OK,31.4
2296,2026-07-30T22:35:00.000,3.67,94.3,11.28,444.1,90.6,1.66,61.19,OK,39.1
1272,2026-07-30T22:39:00.000,2.87,88.4,7.28,341.6,80.2,0.96,61.24,OK,38.299999999999997
1763,2026-07-30T22:44:00.000,3.67,90,10.119999999999999,400.6,84,1.33,61.29,OK,35.5
1698,2026-07-30T22:47:00.000,3.54,86.9,9.06,412.4,80.400000000000006,1.01,61.34,OK,26.5
1401,2026-07-30T22:53:00.000,4.08,85.3,9.18,416.1,81.8,1.41,61.42,OK,29.1
1205,2026-07-30T23:01:00.000,4.18,92.2,8.49,396.6,90.3,0.99,61.51,OK,36.5
1595,2026-07-30T23:03:00.000,3.28,91.1,8.18,423.2,88.3,1.29,61.57,OK,34
1741,2026-07-30T23:09:00.000,3.71,91.3,8.94,399,88.9,1.4,61.68,OK,31.7
1954,2026-07-30T23:17:00.000,4.07,92.4,11.29,451.8,88.5,1.72,61.71,OK,41.4
1291,2026-07-30T23:25:00.000,3.61,85.4,8.2799999999999994,368.7,80.099999999999994,1.1200000000000001,61.78,OK,31.7
1262,2026-07-30T23:27:00.000,3.64,78.400000000000006,8.5399999999999991,333.7,69.7,0.91,61.85,OK,25.7
2045,2026-07-30T23:33:00.000,4.28,92.6,11.29,470.4,88,1.36,61.87,OK,27.1
1323,2026-07-30T23:37:00.000,3.89,91.8,7.52,370.3,83.8,0.86,61.95,OK,27.2
1346,2026-07-30T23:40:00.000,3.61,84.6,10.46,397.3,78.7,1.29,61.99,OK,32.5
1866,2026-07-30T23:46:00.000,4.5999999999999996,82.9,10.92,424.5,78.599999999999994,4.2,62.06,OK,22.3
841,2026-07-30T23:49:00.000,3.44,89.7,6.06,324.39999999999998,84.9,0.84,62.15,OK,41.6
974,2026-07-30T23:55:00.000,2.97,89.5,7.84,323.2,83.1,0.93,62.2,OK,27.2
1859,2026-07-31,4.12,87,9.91,424.6,79.900000000000006,1.43,62.26,OK,26.8
1140,2026-07-31T00:06:00.000,3.03,92.9,7.6,382.1,88.5,0.97,62.38,OK,36.200000000000003
1143,2026-07-31T00:08:00.000,3.37,90.1,6.94,361.7,82.3,1.86,62.45,OK,39.4
1152,2026-07-31T00:13:00.000,3.7,81.5,6.73,364.1,79.2,0.81,62.54,OK,34.6
1177,2026-07-31T00:17:00.000,3.12,89.9,8.32,362.7,83.6,1.57,62.56,OK,31.3
1110,2026-07-31T00:21:00.000,3.63,84.9,6.76,342.6,79.5,1.01,62.62,OK,26.6
1301,2026-07-31T00:25:00.000,3.5,89.5,7.36,369.2,81.5,0.91,62.71,OK,40.5
1672,2026-07-31T00:28:00.000,3.25,87.2,9.06,410.5,78.8,1.06,62.82,OK,26.1
935,2026-07-31T00:35:00.000,2.63,84.1,5.8,326.2,78.2,0.79,62.84,OK,23.4
992,2026-07-31T00:42:00.000,2.69,82.7,7.02,328.1,70.599999999999994,0.74,62.91,OK,25.8
1194,2026-07-31T00:46:00.000,3.29,84.1,7.21,333.9,80.5,1.1000000000000001,62.93,OK,31
1717,2026-07-31T00:52:00.000,3.42,93.1,10.41,418.5,87.6,1.28,63.02,OK,40
1049,2026-07-31T00:57:00.000,3.91,83.8,8.1,335.9,75.5,1.1100000000000001,63.13,OK,32.9
823,2026-07-31T00:59:00.000,3.13,82.4,6.37,300.5,79.5,0.77,63.17,OK,30.1
800,2026-07-31T01:06:00.000,2.99,79.900000000000006,5.55,308.5,74.400000000000006,1.37,63.27,OK,29.4
845,2026-07-31T01:10:00.000,3.23,87.8,6.27,330.8,77.400000000000006,1.26,63.37,OK,31
800,2026-07-31T01:18:00.000,3.13,90.6,5.97,335.4,89.6,0.76,63.47,OK,28.9
800,2026-07-31T01:20:00.000,3.01,80.400000000000006,7.72,324.8,72.5,0.64,63.52,OK,24.9
1101,2026-07-31T01:28:00.000,3.37,83.4,7.05,349.2,80.2,2.02,63.63,OK,25.8
974,2026-07-31T01:31:00.000,3.16,86.4,7.12,327.3,79.7,0.74,63.74,OK,32.799999999999997
1556,2026-07-31T01:39:00.000,3.37,92.3,9.5299999999999994,406.3,86.8,1.25,63.82,OK,37.799999999999997
1124,2026-07-31T01:46:00.000,3.15,87.8,8.74,343.1,79.2,1.37,63.88,OK,36.1
1393,2026-07-31T01:53:00.000,3.63,92.1,8.06,376.3,82.7,1.58,63.94,OK,31.6
973,2026-07-31T01:56:00.000,3.06,83.3,5.58,324.7,81,0.98,64.06,OK,27.6
800,2026-07-31T02:03:00.000,2.62,86.8,6.41,317.39999999999998,77.3,1.39,64.12,OK,37.200000000000003
1237,2026-07-31T02:05:00.000,3.34,88.9,8.85,379.7,76.400000000000006,1.1100000000000001,64.14,OK,37.4
800,2026-07-31T02:13:00.000,3.15,82.5,6.64,326,73.900000000000006,0.73,64.2,OK,37.799999999999997
1416,2026-07-31T02:21:00.000,3.23,90.3,7.96,394.6,84.3,1.89,64.239999999999995,OK,41.7
800,2026-07-31T02:27:00.000,4.0199999999999996,84.4,6,338.7,78.599999999999994,0.66,64.33,OK,24.7
1263,2026-07-31T02:29:00.000,3.72,83.5,7.15,345,75.099999999999994,1.17,64.349999999999994,OK,30.9
1134,2026-07-31T02:34:00.000,3.28,85,7.26,352.3,78.099999999999994,1.42,64.44,OK,31.4
800,2026-07-31T02:38:00.000,2.85,90.6,5.52,327.60000000000002,86.2,0.85,64.510000000000005,OK,34.1
1424,2026-07-31T02:44:00.000,3.08,84.5,8.83,382.3,75.599999999999994,0.9,64.58,OK,24.4
1672,2026-07-31T02:52:00.000,3.23,89.1,9.8000000000000007,410.9,82.5,1.24,64.64,OK,29.7
800,2026-07-31T02:54:00.000,3.05,86.1,6.38,300.60000000000002,80.900000000000006,1.19,64.72,OK,37.5
800,2026-07-31T02:59:00.000,3.48,81.900000000000006,7.09,336.3,76.2,1.42,64.81,OK,24
1029,2026-07-31T03:01:00.000,3.6,85.2,8.2100000000000009,334.9,75.7,1.52,64.91,OK,38.799999999999997
1312,2026-07-31T03:05:00.000,3.56,86.7,9.39,373.3,82.8,1.36,64.95,OK,24.3
1440,2026-07-31T03:08:00.000,3.78,85.6,8.66,386.8,80.400000000000006,0.99,65.040000000000006,OK,30.5
891,2026-07-31T03:10:00.000,3.3,85.5,6.13,330.6,82.6,0.78,65.099999999999994,OK,34.700000000000003
1070,2026-07-31T03:15:00.000,3.46,91.3,5.27,338.1,81.099999999999994,1.28,65.19,OK,38.1
905,2026-07-31T03:22:00.000,3.23,82.1,6.26,329.3,75.8,1.46,65.22,OK,25.3
890,2026-07-31T03:29:00.000,2.92,88.3,5.47,334.3,82.8,1.08,65.25,OK,30.3
856,2026-07-31T03:31:00.000,3.18,83.8,6.52,324.7,78.599999999999994,1.33,65.319999999999993,OK,28.8
800,2026-07-31T03:38:00.000,2.94,85.5,7.03,319.2,84.2,1.59,65.430000000000007,OK,34
1361,2026-07-31T03:42:00.000,3.56,89.6,8.93,389.1,84,1.29,65.459999999999994,OK,34.1
1105,2026-07-31T03:47:00.000,3,82.1,8.11,369.6,76.900000000000006,2.41,65.5,OK,27.2
1613,2026-07-31T03:55:00.000,3.59,91.2,7.81,430.5,86.2,1.1599999999999999,65.58,WARNING,33.4
1379,2026-07-31T03:58:00.000,4.05,86.6,7,387.6,83.8,1.87,65.599999999999994,OK,36
962,2026-07-31T04:02:00.000,3.96,86.1,8.02,348.2,78.599999999999994,0.81,65.63,OK,29.8
800,2026-07-31T04:04:00.000,3.53,81.8,4.4800000000000004,294.39999999999998,74.099999999999994,1.22,65.72,OK,28.8
1781,2026-07-31T04:11:00.000,4.13,89.9,10.36,419.3,80.2,1.2,65.77,OK,28.7
800,2026-07-31T04:17:00.000,2.9,80.099999999999994,6.13,322.2,74.3,1.54,65.88,OK,24.5
1036,2026-07-31T04:19:00.000,3.12,83.1,6.83,309.39999999999998,74.3,1.27,66,OK,23.7
1057,2026-07-31T04:27:00.000,3.44,87.4,7.38,377.2,80.2,0.94,66.099999999999994,OK,40.6
960,2026-07-31T04:30:00.000,3.93,86.5,8.49,337.3,79.2,0.71,66.17,OK,28.2
905,2026-07-31T04:38:00.000,3.71,89.4,5.95,324.8,82,0.91,66.25,OK,31.5
800,2026-07-31T04:46:00.000,2.81,86,5.94,307.89999999999998,75.099999999999994,1.34,66.3,OK,38.6
984,2026-07-31T04:53:00.000,3.32,87.1,7.96,345.2,78.599999999999994,0.93,66.33,OK,38.700000000000003
1238,2026-07-31T04:55:00.000,3.73,84.9,7.04,367.6,83.9,1.4,66.400000000000006,OK,29.3
1382,2026-07-31T05:02:00.000,3.92,93.3,9.1,406.1,88.4,1.55,66.430000000000007,OK,37.4
1111,2026-07-31T05:08:00.000,3.24,86.9,7.35,339.5,82.8,1.28,66.48,OK,35
1129,2026-07-31T05:11:00.000,3.26,90.3,5.43,358.2,86.4,0.91,66.569999999999993,OK,40.700000000000003
970,2026-07-31T05:19:00.000,3.32,88.9,7,340.3,82.2,1.41,66.64,OK,39.1
1415,2026-07-31T05:22:00.000,3.12,86,8.5299999999999994,372.2,77.3,1.05,66.67,OK,31.3
1394,2026-07-31T05:30:00.000,3.44,89.4,8.57,370.4,83.3,1.63,66.709999999999994,OK,31.5
1533,2026-07-31T05:32:00.000,3.74,93.4,9.49,429,89.1,1.19,66.78,OK,38.200000000000003
1233,2026-07-31T05:36:00.000,3.28,87.1,8.35,377,82,1.23,66.84,OK,35.1
1127,2026-07-31T05:39:00.000,3.94,88.8,7.45,358.2,85.1,1.1000000000000001,66.92,OK,29.8
1462,2026-07-31T05:44:00.000,3.67,91.7,9.65,397.3,90.7,1,67,OK,42.3
1675,2026-07-31T05:47:00.000,3.16,88.7,9.0299999999999994,420.4,86.5,1.46,67.05,OK,41.1
1207,2026-07-31T05:54:00.000,3.14,92.3,7.99,358.4,85.4,1.1000000000000001,67.14,OK,36.700000000000003
1323,2026-07-31T05:59:00.000,2.75,89.4,7.34,361.2,79.2,1.61,67.209999999999994,OK,30.7
1139,2026-07-31T06:03:00.000,3.33,82.4,5.63,344.8,75,1.38,67.31,OK,26.4
1183,2026-07-31T06:11:00.000,3.05,85.5,6.94,371.3,80.8,0.88,67.34,OK,34.5
1428,2026-07-31T06:17:00.000,3.47,93.5,8.59,423.9,86.4,1.41,67.44,OK,40.200000000000003
1351,2026-07-31T06:24:00.000,3.41,85,6.79,368.5,81.8,0.99,67.459999999999994,OK,30.1
1953,2026-07-31T06:29:00.000,3.97,87,9.5299999999999994,411.8,83.1,2.1,67.510000000000005,OK,30.9
1710,2026-07-31T06:34:00.000,4.21,84.5,11.04,407.3,80.2,1.48,67.599999999999994,OK,27.5
2170,2026-07-31T06:40:00.000,4.38,90.6,10.84,451.4,85.3,1.45,67.63,OK,34.799999999999997
2201,2026-07-31T06:43:00.000,4.4800000000000004,94.8,11.61,480.1,89.1,2.06,67.72,OK,37.5
1788,2026-07-31T06:51:00.000,3.66,90.3,8.98,420,84.8,1.07,67.84,OK,31.2
1110,2026-07-31T06:59:00.000,3.24,85.5,6.15,358.2,79.599999999999994,0.87,67.95,OK,39.4
1979,2026-07-31T07:04:00.000,3.55,90.4,9.51,429.5,79,1.28,67.97,OK,33.5
2269,2026-07-31T07:09:00.000,3.72,94.9,12.4,471.3,92,1.45,68.010000000000005,OK,37.299999999999997
2119,2026-07-31T07:15:00.000,4.05,89.6,10.65,428.3,85.1,1.48,68.040000000000006,OK,33.700000000000003
2049,2026-07-31T07:18:00.000,3.4,90.3,10.78,437.2,85.7,1.72,68.11,OK,31
1869,2026-07-31T07:20:00.000,3.56,96.5,9.4,423.3,89.7,1.57,68.209999999999994,OK,39.9
1573,2026-07-31T07:27:00.000,3.16,87,9.67,397.9,79.7,1.55,68.31,OK,23.9
2234,2026-07-31T07:32:00.000,3.92,95.9,12.58,462.6,90.7,1.69,68.400000000000006,OK,32.200000000000003
1976,2026-07-31T07:36:00.000,3.45,90.8,12.44,417.3,77.400000000000006,1.18,68.48,OK,40.4
2184,2026-07-31T07:42:00.000,3.45,91.2,11.73,462,84.1,1.53,68.55,OK,34.4
1899,2026-07-31T07:50:00.000,3.67,95.4,9.27,441.2,93.3,1.31,68.61,OK,39.5
2834,2026-07-31T07:55:00.000,3.75,93.6,11.73,531.5,84.5,1.92,68.64,OK,27.8
2248,2026-07-31T07:58:00.000,4.08,89.1,12.56,454.6,85.2,1.71,68.680000000000007,OK,33
2061,2026-07-31T08:02:00.000,3.65,94.1,9.0500000000000007,440.4,91.6,1.87,68.75,OK,23.8
1826,2026-07-31T08:10:00.000,3.77,89.5,9.83,408.8,88,1.7,68.84,OK,27
1765,2026-07-31T08:12:00.000,3.01,92.9,10.59,425.7,90.5,1.73,7.0000000000000007E-2,OK,25.8
2501,2026-07-31T08:16:00.000,4.58,91.5,13.77,490.2,88.9,1.96,0.15,OK,32.6
2110,2026-07-31T08:23:00.000,3.5,89.1,10.08,438,83.1,2.0699999999999998,0.18,OK,24.8
2186,2026-07-31T08:30:00.000,4.53,93.4,11.29,455.9,83.1,1.43,0.26,OK,32.200000000000003
2184,2026-07-31T08:35:00.000,3.71,97.7,11.03,469,87.1,1.48,0.36,OK,42.4
2021,2026-07-31T08:39:00.000,4.25,95.1,9.92,445.6,92.2,1.49,0.02,OK,38.5
2331,2026-07-31T08:41:00.000,4.42,84.3,12.78,459.6,82.4,1.36,0.14000000000000001,OK,24.2
4943,2026-07-31T08:44:00.000,3.96,90.1,12.7,501.7,82.6,1.6,0.21,OK,27.9
2139,2026-07-31T08:46:00.000,4.1399999999999997,91.3,9.91,432.2,85.5,1.26,0.24,OK,29.9
2636,2026-07-31T08:53:00.000,4.0599999999999996,94,12.55,494.9,93,2.2400000000000002,0.3,OK,25.9
2121,2026-07-31T09:01:00.000,3.79,92.9,10.58,474.4,86,1.2,0.33,OK,41.7
2423,2026-07-31T09:08:00.000,4.3099999999999996,93.5,12.37,484.1,85.3,2.29,0.44,OK,39.4
2734,2026-07-31T09:10:00.000,3.67,95.4,14.78,498,84.4,1.5,0.52,OK,35.1
2629,2026-07-31T09:18:00.000,3.99,91.5,13,500.4,90.3,1.57,0.56999999999999995,OK,32.4
2087,2026-07-31T09:24:00.000,4.0599999999999996,88.6,10.55,447.7,80.7,1.45,0.6,OK,28.3
1714,2026-07-31T09:30:00.000,3.96,91.8,9.41,428.2,87.4,1.29,0.62,OK,39.299999999999997
2915,2026-07-31T09:37:00.000,4.4000000000000004,93.7,14.07,536.79999999999995,86,2.0499999999999998,0.68,OK,27.8
2985,2026-07-31T09:39:00.000,4.17,91.4,12.39,517.4,86.8,1.94,0.75,OK,28.4
2923,2026-07-31T09:43:00.000,4.5,94.8,14.73,528.70000000000005,89.9,2.2000000000000002,0.82,OK,29.2
2717,2026-07-31T09:47:00.000,4.08,96.9,13.16,519.79999999999995,85,1.64,0.91,OK,39.5
2735,2026-07-31T09:49:00.000,4.99,95.5,12.96,499.2,87.2,2.1,0.99,OK,24.1
2810,2026-07-31T09:57:00.000,4.3600000000000003,91.9,12.97,513.4,83.1,1.79,1.1100000000000001,OK,22.4
3078,2026-07-31T10:01:00.000,3.79,100.7,14.21,524,95.8,1.7,1.1399999999999999,WARNING,41.1
2851,2026-07-31T10:09:00.000,4.16,90.7,12.62,517,83.6,1.81,1.23,OK,36.799999999999997
3052,2026-07-31T10:12:00.000,4.09,96.1,12.72,543.29999999999995,88.6,1.8,1.3,OK,35
3405,2026-07-31T10:20:00.000,4.12,97.2,15.9,567.1,93.8,2.04,1.4,OK,37.799999999999997
2630,2026-07-31T10:24:00.000,3.75,94.3,12.03,512.70000000000005,88.8,1.96,1.51,OK,39.9
2927,2026-07-31T10:28:00.000,4.25,97.8,13.95,546.70000000000005,92.5,1.98,1.62,OK,39.299999999999997
2713,2026-07-31T10:36:00.000,3.96,90.5,12.82,487.5,87.2,1.56,1.73,OK,36.5
2898,2026-07-31T10:38:00.000,4.45,91.8,14.81,536.79999999999995,92.4,2.31,1.77,OK,37
3021,2026-07-31T10:42:00.000,4.4800000000000004,95.4,14.5,537.4,91.3,2.3199999999999998,1.8,OK,26.4
2770,2026-07-31T10:46:00.000,4.16,95.1,14.19,501.6,85.4,1.77,1.84,OK,33.700000000000003
2529,2026-07-31T10:52:00.000,4.12,91.7,13.04,506.1,88.6,1.46,1.89,OK,33.700000000000003
2660,2026-07-31T10:58:00.000,4.78,97.8,14.4,508.8,93.5,1.76,2.0099999999999998,OK,35.200000000000003
3292,2026-07-31T11:02:00.000,5.01,102,13.61,554.79999999999995,90.8,1.76,2.0699999999999998,WARNING,43.8
2921,2026-07-31T11:06:00.000,4.3899999999999997,96.1,15.04,518.4,92.2,2.34,2.11,OK,33.299999999999997
3096,2026-07-31T11:13:00.000,4.5199999999999996,93.3,13.63,541.79999999999995,87.1,2.17,2.16,OK,36.4
3207,2026-07-31T11:15:00.000,4.66,97.8,13.74,563.20000000000005,91.9,2.2200000000000002,2.27,OK,25.4
3524,2026-07-31T11:18:00.000,4.8600000000000003,92.4,14.71,593.20000000000005,85.1,1.84,2.33,OK,30.4
3123,2026-07-31T11:24:00.000,4.6100000000000003,94.5,14.06,550.4,91.2,1.8,2.35,OK,38.1
3324,2026-07-31T11:29:00.000,4.01,96.9,15.52,548,95.1,1.84,2.46,OK,25
2857,2026-07-31T11:33:00.000,4.34,92.7,14.74,509.3,86,2.41,2.58,OK,39.200000000000003
3211,2026-07-31T11:38:00.000,4.7,101.5,13.02,595.6,93.3,1.81,2.62,WARNING,39.700000000000003
2938,2026-07-31T11:40:00.000,4.2,101.7,14.06,566.79999999999995,97.6,2.1800000000000002,2.68,WARNING,39.700000000000003
3244,2026-07-31T11:45:00.000,4.21,96.1,13.97,561.29999999999995,88.7,1.74,2.74,OK,24.8
3350,2026-07-31T11:53:00.000,4.54,96.2,14.09,578.6,86.9,2.0099999999999998,2.82,OK,37.200000000000003
3234,2026-07-31T11:56:00.000,4.54,95.4,14.32,562.29999999999995,92,2.46,2.85,OK,41.4
3179,2026-07-31T11:59:00.000,4,94.6,14.71,569.79999999999995,85.8,2.2799999999999998,2.91,OK,41.5
3431,2026-07-31T12:06:00.000,4.43,96.5,14.92,585.20000000000005,89.5,2.2200000000000002,2.99,OK,26.3
3205,2026-07-31T12:08:00.000,4.74,96.7,13.61,558,87.2,1.91,3.02,OK,33.200000000000003
3210,2026-07-31T12:14:00.000,4.6100000000000003,98.4,14.36,577.70000000000005,91.6,1.75,3.07,OK,38.700000000000003
2994,2026-07-31T12:22:00.000,4.42,100.8,14.5,548,92.5,1.69,3.19,WARNING,40.4
3547,2026-07-31T12:30:00.000,5.18,101.2,16.27,586.1,97,2.13,3.22,WARNING,38.5
3361,2026-07-31T12:34:00.000,4.6100000000000003,99,14.8,583.79999999999995,96.6,1.7,3.33,OK,37.799999999999997
3214,2026-07-31T12:42:00.000,4.57,94,14.58,562.9,90.1,2.66,3.38,OK,22.2
3023,2026-07-31T12:47:00.000,4.8099999999999996,94.7,13.39,528.9,91.4,1.73,3.43,OK,39.5
4208,2026-07-31T12:49:00.000,5.03,102.3,18.43,650,95.3,2.1800000000000002,3.51,WARNING,33.9
2338,2026-07-31T12:57:00.000,4.18,92.5,12.46,480.2,86.3,1.34,3.61,OK,30.5
3131,2026-07-31T13:00:00.000,3.78,99.2,13.75,551.20000000000005,91.1,2.02,3.73,OK,34.5
3230,2026-07-31T13:08:00.000,4.68,97,14.35,563.70000000000005,91.4,2.11,3.77,OK,32.1
3722,2026-07-31T13:15:00.000,4.58,105.7,17.03,631.70000000000005,98.3,2.06,3.79,WARNING,37.1
3290,2026-07-31T13:18:00.000,4.4800000000000004,99.1,17.29,567.70000000000005,90.5,1.75,3.91,OK,30.5
3463,2026-07-31T13:20:00.000,5.21,91.2,16.239999999999998,566.1,82.2,1.79,3.97,OK,25.9
3244,2026-07-31T13:28:00.000,4.62,98.6,14.69,548.29999999999995,88.4,1.96,4.07,OK,38.6
4042,2026-07-31T13:36:00.000,5.0599999999999996,104,16.71,606.79999999999995,98.4,2.52,4.1100000000000003,WARNING,35.799999999999997
3532,2026-07-31T13:38:00.000,4.51,97.1,16.82,575.6,94.2,1.93,4.16,OK,36
3163,2026-07-31T13:46:00.000,4.4000000000000004,96.3,13.83,542.70000000000005,93.3,1.61,4.2,OK,39.799999999999997
3633,2026-07-31T13:48:00.000,5.16,102.6,16.03,629.4,97.7,2.72,4.26,WARNING,33.4
3295,2026-07-31T13:53:00.000,4.71,94.6,14.68,536,91.2,1.74,4.32,OK,34.200000000000003
4016,2026-07-31T13:56:00.000,5.52,99.8,17.47,628.5,90.7,2.46,4.3499999999999996,OK,26.2
3843,2026-07-31T13:58:00.000,4.55,98.5,16.09,592.79999999999995,88.9,1.88,4.41,OK,31.3
3466,2026-07-31T14:02:00.000,4.08,99.7,16.489999999999998,575.1,98.8,1.94,4.5,OK,34.700000000000003
3272,2026-07-31T14:04:00.000,4.4400000000000004,97,15.35,600,86.1,2.39,4.54,OK,39.799999999999997
3124,2026-07-31T14:06:00.000,4.78,96,14.16,519.29999999999995,90.6,2.08,4.63,OK,39.6
3646,2026-07-31T14:11:00.000,4.78,102.5,16.04,598.5,95.7,2.2200000000000002,4.68,WARNING,38.6
3836,2026-07-31T14:18:00.000,4.38,101.3,16.62,593.1,95.3,2.59,4.78,WARNING,25.6
3215,2026-07-31T14:24:00.000,4.33,95.5,14.86,559,89.5,2.2599999999999998,4.83,OK,31.2
3463,2026-07-31T14:32:00.000,4.83,99.2,14.92,596.29999999999995,97.7,2.62,4.91,OK,35.299999999999997
3470,2026-07-31T14:35:00.000,4.97,98.4,14.7,556.29999999999995,92.6,1.78,4.9400000000000004,OK,27.9
3592,2026-07-31T14:42:00.000,4.43,100.4,15.87,608.5,93.4,1.98,5,WARNING,40.299999999999997
2995,2026-07-31T14:44:00.000,4.8099999999999996,97.3,14.56,557,93.6,1.53,5.08,OK,33.5
3409,2026-07-31T14:52:00.000,4.8,102,16.809999999999999,595.4,95.7,2.2799999999999998,5.13,WARNING,34.4
4024,2026-07-31T14:57:00.000,4.75,95,17.75,630.79999999999995,91.2,2.13,5.15,OK,26
3257,2026-07-31T15:03:00.000,5.15,98.6,15.63,541.5,91.3,1.8,5.26,OK,30.8
3366,2026-07-31T15:09:00.000,4.34,101.6,16.010000000000002,601.6,94.2,2.34,5.35,WARNING,29.4
3323,2026-07-31T15:15:00.000,4.42,98.1,15.42,563.70000000000005,92.8,1.89,5.41,OK,27
3367,2026-07-31T15:17:00.000,4.9000000000000004,94.9,15.7,558.9,88.1,1.69,5.51,OK,36.4
2750,2026-07-31T15:25:00.000,4.08,100.6,12.77,531.79999999999995,91.9,1.45,5.54,WARNING,41.2
3854,2026-07-31T15:32:00.000,5.4,98.1,16.329999999999998,612.1,92.1,2.5,5.64,OK,28.5
3153,2026-07-31T15:34:00.000,4.82,99.6,13.68,542.29999999999995,98.3,1.71,5.74,OK,40.9
3289,2026-07-31T15:39:00.000,4.68,96.5,14.84,556.79999999999995,93.8,2.33,5.86,OK,21.7
3109,2026-07-31T15:42:00.000,4.68,101.2,14.62,550.4,95,1.93,5.88,WARNING,39.1
3388,2026-07-31T15:47:00.000,4.43,95.4,15.04,590,88.5,2.89,5.98,OK,34
2861,2026-07-31T15:55:00.000,4.18,94.6,13.47,524.1,88.1,1.92,6.07,OK,31.1
2557,2026-07-31T16:01:00.000,3.65,93.9,11.11,509.8,91.4,1.64,6.12,OK,31.8
2951,2026-07-31T16:08:00.000,4.5,93.1,15.87,519.79999999999995,89,2.02,6.18,OK,33.1
3137,2026-07-31T16:12:00.000,5.19,98,15.92,536.9,90.8,2.41,6.24,OK,32.6
2825,2026-07-31T16:15:00.000,4.08,94.1,13.23,532.5,87.5,1.78,6.35,OK,33
2688,2026-07-31T16:20:00.000,3.52,96.1,13.17,503.5,90.3,1.53,6.41,OK,40
3020,2026-07-31T16:23:00.000,4.6500000000000004,94.9,15.57,533.9,90.6,1.82,6.46,OK,35.299999999999997
2549,2026-07-31T16:27:00.000,4.24,93.4,13.13,506.7,87.6,1.43,6.55,OK,26.9
3191,2026-07-31T16:33:00.000,4.67,96.7,14.16,540.6,87.5,1.98,6.58,OK,40.1
2714,2026-07-31T16:38:00.000,4.0999999999999996,94,13.46,512.29999999999995,89,1.91,6.69,OK,32.4
2972,2026-07-31T16:41:00.000,3.77,93.6,12.66,527.4,86.1,3.11,6.79,WARNING,25.8
2365,2026-07-31T16:44:00.000,3.69,92.5,12.02,479,87.7,1.86,6.83,OK,37.6
3218,2026-07-31T16:52:00.000,3.87,91.7,15.03,559.9,84.2,1.8,6.92,WARNING,32.4
2882,2026-07-31T16:54:00.000,4.59,99.5,11.91,560.1,93.2,1.65,7.03,OK,44.4
2905,2026-07-31T17:00:00.000,4.5199999999999996,95,14.59,499.1,88.5,1.5,7.09,OK,33
2211,2026-07-31T17:07:00.000,3.86,89.6,11.64,447,85.6,2.04,7.2,OK,26.9
2373,2026-07-31T17:12:00.000,3.64,93.1,11.51,476.8,86.9,1.8,7.28,OK,35.1
2677,2026-07-31T17:18:00.000,4.08,95.1,12.63,502.5,85.9,2.27,7.37,OK,28.7
2200,2026-07-31T17:25:00.000,3.29,95.5,11.96,454.4,93.7,1.25,7.45,OK,25.6
2331,2026-07-31T17:27:00.000,3.87,86.3,11.13,433.7,85.2,1.76,7.51,OK,25.1
2786,2026-07-31T17:34:00.000,5.0199999999999996,96.2,12.68,506.8,89.3,1.79,7.55,OK,35.200000000000003
2280,2026-07-31T17:38:00.000,4.07,89.6,10.81,466.3,81.5,1.94,7.63,OK,26.9
2594,2026-07-31T17:45:00.000,4.96,95.9,13.29,511.8,89.1,2.09,7.67,OK,27.6
2144,2026-07-31T17:53:00.000,3.31,86.8,11.58,443.9,84.5,1.4,7.78,OK,26.7
2615,2026-07-31T17:59:00.000,4.0999999999999996,93.2,11.62,502.2,83.4,1.66,7.81,OK,29.8
1982,2026-07-31T18:01:00.000,3.42,91.9,10.58,438.1,89.4,1.26,7.89,OK,38.299999999999997
2553,2026-07-31T18:05:00.000,3.96,89.8,12.7,492.3,85,1.56,7.92,OK,29.4
3072,2026-07-31T18:11:00.000,4.4400000000000004,93.1,15.32,519.1,89.6,1.79,8.02,OK,28.7
2098,2026-07-31T18:15:00.000,3.73,89.8,10.48,453.6,83.9,1.59,8.09,OK,29.2
2024,2026-07-31T18:23:00.000,3.45,90.9,10.11,431.9,84.2,2.33,8.18,OK,30.3
2624,2026-07-31T18:30:00.000,4.0199999999999996,89.7,13.16,485.1,84.9,1.96,8.2799999999999994,OK,40.4
2218,2026-07-31T18:35:00.000,3.62,90,10.79,455.4,82.7,1.61,8.35,OK,27.9
1756,2026-07-31T18:38:00.000,3.76,93.1,10.24,416.5,89.2,1.06,8.39,OK,37.799999999999997
2254,2026-07-31T18:45:00.000,4.2300000000000004,96.8,11.6,460.2,96,1.61,8.4700000000000006,OK,38.4
2181,2026-07-31T18:49:00.000,4.3,95.3,9.58,477.3,86.5,1.51,8.51,OK,43.5
1854,2026-07-31T18:52:00.000,3.78,92.3,9.76,431,85.6,1.27,8.61,OK,35
1811,2026-07-31T19:00:00.000,3.75,85,10.029999999999999,404.6,78.8,1.62,8.68,OK,24.9
2320,2026-07-31T19:05:00.000,3.49,89.8,12.26,458.7,83.9,1.9,8.74,OK,25.5
1641,2026-07-31T19:12:00.000,3.62,86.1,8.7899999999999991,399.7,78.400000000000006,1.51,8.85,OK,32.200000000000003
1477,2026-07-31T19:19:00.000,3.62,87.7,7.93,380.9,78.3,1.28,8.89,OK,30.5
1656,2026-07-31T19:23:00.000,3.44,97,8.5299999999999994,403,92.5,1.08,8.98,OK,40
2201,2026-07-31T19:26:00.000,3.48,95.7,11.38,464.1,91.4,1.41,9.08,OK,33.4
1778,2026-07-31T19:30:00.000,3.93,93.5,9.75,421.4,87,1.22,9.14,OK,38.700000000000003
1643,2026-07-31T19:32:00.000,3.33,90.1,8.6300000000000008,402.9,83.6,1.88,9.2100000000000009,OK,32.4
1788,2026-07-31T19:36:00.000,4.03,88.5,10.16,436.4,81,1.4,9.23,OK,29.1
1955,2026-07-31T19:40:00.000,4.07,91.1,10.53,434,83.8,1.64,9.32,OK,27.4
2293,2026-07-31T19:47:00.000,3.26,90,11,449.6,82.5,1.7,9.3699999999999992,OK,29.5
1851,2026-07-31T19:53:00.000,4,93.7,9.4600000000000009,435.4,89,1.43,9.44,OK,24.4
2387,2026-07-31T19:59:00.000,3.95,94.8,13.41,460,90.6,1.97,9.56,OK,32.799999999999997
1930,2026-07-31T20:04:00.000,3.18,92.4,8.32,454,86.5,1.52,9.59,OK,30
1543,2026-07-31T20:09:00.000,3.38,86.2,7.52,387.1,78.400000000000006,1.45,9.66,OK,26.6
1932,2026-07-31T20:17:00.000,4.1399999999999997,89.7,10.08,419.7,87.9,1.4,9.75,OK,33.5
1817,2026-07-31T20:22:00.000,3.73,89.1,10.75,414.6,83.5,2.42,9.84,OK,35.700000000000003
1975,2026-07-31T20:25:00.000,3.63,86.3,9.6300000000000008,435.3,79.3,2,9.8699999999999992,OK,26.8
1801,2026-07-31T20:30:00.000,3.71,93.9,10.33,391.7,89.8,1.05,9.94,OK,34
1558,2026-07-31T20:35:00.000,3.49,92.2,7.37,398.4,84.8,1.17,10,OK,38.4
1326,2026-07-31T20:41:00.000,3.04,86.1,7.91,377.3,83.4,0.91,10.050000000000001,OK,29.4
1517,2026-07-31T20:45:00.000,3.12,89.3,9.08,412,80.900000000000006,1.88,10.11,OK,40.799999999999997
928,2026-07-31T20:52:00.000,3.25,91,7.52,320.39999999999998,86.4,0.84,10.199999999999999,WARNING,37
1366,2026-07-31T20:57:00.000,3.7,87.2,8.82,346.2,80.400000000000006,1.22,10.28,OK,23.8
988,2026-07-31T21:02:00.000,3.11,87.4,5.26,338.6,80,1.27,10.39,OK,40.5
1539,2026-07-31T21:06:00.000,3.62,92.2,8.9,404.5,88.6,1.48,10.43,OK,34.200000000000003
1649,2026-07-31T21:12:00.000,3.3,94.7,8.6199999999999992,402.4,84.6,1.27,10.46,OK,34.6
1446,2026-07-31T21:19:00.000,4.18,87.3,8.4700000000000006,382.9,81,1.35,10.55,OK,33.6
1258,2026-07-31T21:25:00.000,3.42,85.7,7.62,367.9,80.5,0.97,10.63,OK,28.8
1195,2026-07-31T21:29:00.000,2.74,86.5,8.31,371.3,80.2,1.17,10.72,OK,31.3
1696,2026-07-31T21:35:00.000,3.29,89.6,9.41,421.8,83.6,1.39,10.77,OK,29.8
1602,2026-07-31T21:42:00.000,3.47,91.5,9.33,387.5,84.7,1.5,10.79,OK,42.1
867,2026-07-31T21:48:00.000,3.6,81.099999999999994,6.59,312.10000000000002,76.8,1.03,10.82,OK,27.9
1310,2026-07-31T21:50:00.000,3.66,88,6.09,350,81.8,1.07,10.94,OK,42.2
1318,2026-07-31T21:53:00.000,3.18,90.7,8.15,395.9,88.5,1.19,11.01,OK,42.6
1116,2026-07-31T21:57:00.000,2.74,90.7,7.37,346.9,86.6,0.89,11.06,OK,32
800,2026-07-31T22:00:00.000,3.08,84.9,6.74,317.10000000000002,77.599999999999994,0.93,11.1,OK,27.5
800,2026-07-31T22:08:00.000,2.89,87.6,6.72,317.2,85.1,1.61,11.18,OK,31.3
1202,2026-07-31T22:12:00.000,3.31,87.1,6.09,376.4,79.599999999999994,0.94,11.28,OK,28.1
800,2026-07-31T22:14:00.000,3.12,86.8,5.32,310.39999999999998,77.599999999999994,0.95,11.32,OK,38.700000000000003
932,2026-07-31T22:21:00.000,3.36,82.7,6.83,353.4,76.8,1.1100000000000001,11.36,OK,27.4
1342,2026-07-31T22:25:00.000,3.4,88,8.69,352.9,76.2,1.84,11.46,OK,28.7
1236,2026-07-31T22:29:00.000,2.6,91.9,7.54,344.7,90.2,1.01,11.52,OK,37.6
871,2026-07-31T22:33:00.000,3.31,83.4,7.01,315.60000000000002,78.599999999999994,1.48,11.6,OK,35.200000000000003
1383,2026-07-31T22:35:00.000,3.61,90.1,10.1,412.4,80.5,1.08,11.67,OK,34.6
1244,2026-07-31T22:42:00.000,3.21,86.6,8.3000000000000007,335.6,77.8,1.07,11.73,OK,34.299999999999997
880,2026-07-31T22:48:00.000,2.71,86.2,7.83,336.8,79.900000000000006,0.69,11.77,OK,29.8
1575,2026-07-31T22:56:00.000,3.8,86.2,8.77,392.6,78.7,0.99,11.86,OK,28.5
1205,2026-07-31T23:04:00.000,3.29,86.8,8.2799999999999994,361.3,78,1.26,11.95,OK,28.6
800,2026-07-31T23:09:00.000,2.87,85.2,7.22,349,79.099999999999994,1.6,12.06,OK,40.1
800,2026-07-31T23:16:00.000,3.17,87.9,7.24,317.3,82,0.75,12.16,OK,32
1095,2026-07-31T23:19:00.000,3.68,87.4,5.5,358.4,82.2,1.45,12.18,OK,33.799999999999997
835,2026-07-31T23:22:00.000,2.95,90,5.9,332.3,85.3,1,12.21,OK,31.5
1015,2026-07-31T23:30:00.000,3.17,87.9,7.83,337.6,81.099999999999994,0.74,12.29,WARNING,34.799999999999997
922,2026-07-31T23:38:00.000,3.14,82.9,5.42,320.5,77.400000000000006,0.86,12.37,OK,29.6
800,2026-07-31T23:46:00.000,2.77,79.900000000000006,5.56,319.5,72.599999999999994,0.8,12.42,OK,25.4
899,2026-07-31T23:49:00.000,3.13,91,7.17,333.8,84.8,0.71,12.49,OK,38.200000000000003
800,2026-07-31T23:54:00.000,3.74,83.8,5.64,315.10000000000002,80.7,0.93,12.58,OK,31.3
822,2026-08-01,2.57,83.2,5.34,306.5,78.099999999999994,0.78,12.65,OK,32.200000000000003
800,2026-08-01T00:02:00.000,3.03,89.5,7.53,318.60000000000002,85.3,1.32,12.67,OK,34.4
1024,2026-08-01T00:06:00.000,3.59,83.3,6.64,347.2,74,1.51,12.76,OK,23.5
1109,2026-08-01T00:10:00.000,2.89,89.6,6.38,348.1,89.4,1.02,12.87,OK,33.9
1169,2026-08-01T00:16:00.000,3.41,88.8,6.6,368.2,82,0.84,12.97,OK,35.299999999999997
800,2026-08-01T00:18:00.000,3.52,79.599999999999994,7.43,326.5,73.8,1.06,13.03,OK,27.8
1512,2026-08-01T00:26:00.000,3.01,90.3,9.09,402.3,85.7,1.31,13.11,OK,32.1
800,2026-08-01T00:33:00.000,3.73,82.2,7.49,335.5,74.7,1.19,13.15,OK,28.7
1021,2026-08-01T00:37:00.000,3.26,84,6.85,355.3,78.099999999999994,1.1299999999999999,13.18,OK,34.5
800,2026-08-01T00:44:00.000,3.05,81,6.38,329.7,76.599999999999994,0.79,13.26,OK,36.299999999999997
1143,2026-08-01T00:46:00.000,2.85,83.3,6.69,346.5,79.900000000000006,0.98,13.34,OK,28.6
800,2026-08-01T00:52:00.000,2.95,83.2,7.13,287.60000000000002,77.7,0.71,13.46,OK,26.4
1599,2026-08-01T00:58:00.000,2.97,90.6,8.17,382.4,82.5,1.35,13.49,OK,37.6
940,2026-08-01T01:04:00.000,2.4900000000000002,87,8.44,334.6,83.8,1.1000000000000001,13.51,OK,33.9
1251,2026-08-01T01:08:00.000,3.43,90.6,6.88,377.3,85,0.92,13.57,OK,35.700000000000003
807,2026-08-01T01:10:00.000,3.24,81.8,5.12,332.9,75.3,0.71,13.68,OK,34.299999999999997
1680,2026-08-01T01:13:00.000,3.09,85.6,9.69,392.2,82.9,1.34,13.75,OK,37.700000000000003
800,2026-08-01T01:16:00.000,3.17,90.9,5.62,340.6,89.3,0.94,13.82,OK,28.7
800,2026-08-01T01:20:00.000,2.7,85.1,5.84,322.60000000000002,76.599999999999994,1.44,13.86,OK,30.9
1615,2026-08-01T01:25:00.000,3.65,89.8,10.1,404.8,85.2,1.6,13.92,OK,29.5
800,2026-08-01T01:30:00.000,3.38,80.3,7.65,324.3,72.599999999999994,0.75,14,OK,25.6
1142,2026-08-01T01:36:00.000,2.57,90.7,7.57,374.4,78.599999999999994,1.56,14.04,OK,40.1
1728,2026-08-01T01:38:00.000,3.65,90.3,9.2799999999999994,402.8,83.5,1.01,14.08,OK,24.4
1057,2026-08-01T01:41:00.000,3.59,79.900000000000006,6.9,332.7,74.599999999999994,0.88,14.13,OK,24.1
1306,2026-08-01T01:47:00.000,3.02,88.4,8.4600000000000009,399.6,85.7,0.85,14.2,OK,29.8
1518,2026-08-01T01:54:00.000,3.43,88.9,6.72,365.5,82.7,1.51,14.23,OK,28.1
1261,2026-08-01T02:01:00.000,3.77,79.5,7.83,377.2,73.400000000000006,1.1399999999999999,14.25,OK,24.9
1725,2026-08-01T02:05:00.000,3.52,91.4,8.57,406.1,85.6,1.22,14.3,OK,37.4
1536,2026-08-01T02:10:00.000,3.96,85.2,9.11,393.2,79.5,1.29,14.36,OK,24.5
996,2026-08-01T02:18:00.000,3.76,86.4,6.79,356.7,81.8,0.87,14.43,OK,27.4
1585,2026-08-01T02:22:00.000,4.0599999999999996,89.6,9.1300000000000008,427.2,82.5,1.49,14.46,OK,27.7
1338,2026-08-01T02:24:00.000,3.24,90.3,8.34,376.1,83.2,0.88,14.55,OK,37
1361,2026-08-01T02:26:00.000,3.11,85.9,8.6300000000000008,402.3,81.599999999999994,1.33,14.59,OK,26.6
1510,2026-08-01T02:28:00.000,3.77,88.1,8.07,371.9,78.900000000000006,0.97,14.65,OK,34.1
1738,2026-08-01T02:33:00.000,3.63,88.9,10.64,392,81.7,1.19,14.73,OK,26.9
1102,2026-08-01T02:38:00.000,3.27,88,7.48,354.2,84.6,0.82,14.84,OK,39.299999999999997
1919,2026-08-01T02:44:00.000,4.5,85.5,10.39,401.2,80.7,1.4,14.93,OK,26.9
1921,2026-08-01T02:48:00.000,3.72,90.9,10.18,421.6,81.900000000000006,1.49,14.96,OK,31.6
1289,2026-08-01T02:51:00.000,3.17,87.7,7.5,360.3,83.3,0.98,15.02,OK,33.9
2151,2026-08-01T02:54:00.000,2.76,92.3,11.55,461.4,88.3,1.24,15.11,OK,37.299999999999997
1500,2026-08-01T03:02:00.000,3.18,86.6,8.9499999999999993,389.9,80.599999999999994,1.23,15.14,OK,27.6
1784,2026-08-01T03:05:00.000,3.59,90.3,11.6,414.7,86.9,1.25,15.17,OK,35.9
1450,2026-08-01T03:13:00.000,3.85,86.3,7.91,392.7,83.5,1.08,15.26,OK,30.3
1925,2026-08-01T03:18:00.000,4.24,93.2,11.5,431.3,91.6,1.24,15.37,OK,34.5
1509,2026-08-01T03:24:00.000,3.59,87.5,8.77,415.6,81.8,1.26,15.42,OK,32
1748,2026-08-01T03:32:00.000,3.52,91.7,9.5500000000000007,417.6,82.2,1.44,15.52,OK,39.200000000000003
803,2026-08-01T03:40:00.000,2.98,84.6,5.52,343.5,81.400000000000006,0.71,15.62,OK,35.299999999999997
1582,2026-08-01T03:42:00.000,3.74,86.7,9.3800000000000008,398.7,75.7,1.01,15.7,OK,33.799999999999997
1577,2026-08-01T03:44:00.000,3.32,88.4,8.86,404.7,78.900000000000006,1.38,15.73,OK,31
1141,2026-08-01T03:50:00.000,3.65,86.7,7.93,308,82.8,1.28,15.83,OK,23.9
2100,2026-08-01T03:55:00.000,4.24,95.6,10.02,445.5,88.1,1.4,15.88,OK,39.200000000000003
1725,2026-08-01T03:58:00.000,4.07,92.6,9.73,419.1,89.4,1.54,15.97,OK,36.799999999999997
1253,2026-08-01T04:02:00.000,2.91,85.8,7.9,355.5,77.099999999999994,1.1100000000000001,16.010000000000002,OK,34.799999999999997
2129,2026-08-01T04:09:00.000,4.0199999999999996,90.9,10.55,456.2,85.5,1.2,16.04,OK,29.5
2329,2026-08-01T04:16:00.000,3.91,94,11.75,447.8,90.2,2.06,16.100000000000001,OK,39.799999999999997
1930,2026-08-01T04:24:00.000,3.14,93,10.25,425.1,87.1,1.36,16.14,OK,34.6
1478,2026-08-01T04:31:00.000,3.5,89.1,9.17,366.7,84,1.19,16.18,OK,29.3
1377,2026-08-01T04:36:00.000,3.36,85.7,9.11,374.4,74.599999999999994,1.1599999999999999,16.28,OK,29
1637,2026-08-01T04:39:00.000,3.45,89.8,9.68,415.9,84.8,1.46,16.38,OK,30.8
1805,2026-08-01T04:41:00.000,4.26,91.8,9.9600000000000009,444.6,85.5,1.62,16.5,OK,33.700000000000003
2724,2026-08-01T04:47:00.000,3.69,93.9,12.1,528.9,93.9,1.42,16.579999999999998,OK,28.4
2084,2026-08-01T04:53:00.000,3.83,92.5,10.19,460.7,88.5,1.91,16.64,OK,37.799999999999997
1740,2026-08-01T04:56:00.000,3.76,87.5,10.39,415,79.8,1.61,16.68,OK,29.9
2000,2026-08-01T05:01:00.000,2.92,88.5,10.88,413.7,84.8,1.22,16.77,OK,26.7
2620,2026-08-01T05:04:00.000,4.13,99.2,12.32,535.20000000000005,89.3,1.42,16.87,OK,33.1
2470,2026-08-01T05:09:00.000,4.17,92.1,12.94,493.2,85,2.5299999999999998,16.899999999999999,OK,40.799999999999997
2322,2026-08-01T05:11:00.000,4.2699999999999996,94.9,11.04,476.4,92.3,1.28,16.95,OK,23.7
2276,2026-08-01T05:19:00.000,2.96,95.6,10.7,472.3,86.1,2.2599999999999998,17.03,OK,27.6
2366,2026-08-01T05:25:00.000,4.03,90,12.68,489.4,82.8,1.91,17.059999999999999,OK,35.200000000000003
2449,2026-08-01T05:33:00.000,3.94,89.1,13.28,458.1,82.7,1.75,17.11,OK,23.3
2356,2026-08-01T05:41:00.000,4.16,90.1,11.3,463.1,86.4,1.52,17.22,OK,25.8
2489,2026-08-01T05:48:00.000,4.24,90.6,12.87,448.2,81.099999999999994,1.33,17.309999999999999,OK,28.6
2378,2026-08-01T05:53:00.000,4.12,93,12.6,457.3,84.6,1.27,17.36,OK,40.200000000000003
2212,2026-08-01T05:55:00.000,3.96,93.7,11.37,489.5,88.3,1.34,17.43,OK,32.799999999999997
2448,2026-08-01T05:59:00.000,4.03,94.4,11.89,485.8,85.8,1.32,17.47,OK,35.700000000000003
2685,2026-08-01T06:02:00.000,4.25,93,12.35,490.3,85.9,1.93,17.52,OK,23.3
2343,2026-08-01T06:07:00.000,3.38,90.8,11.84,469.6,85.7,1.94,17.579999999999998,OK,27.6
2773,2026-08-01T06:10:00.000,5.32,93.9,12.98,527.4,86.1,1.89,17.63,OK,32.9
2944,2026-08-01T06:13:00.000,4.58,94.3,14.76,530.5,90,1.7,17.7,OK,36.799999999999997
2801,2026-08-01T06:19:00.000,4.8499999999999996,94.2,14.28,527.5,88.5,2.1,17.78,OK,26.4
2512,2026-08-01T06:26:00.000,4.0999999999999996,94,12.25,470.5,84.8,2.02,17.82,OK,25.5
2769,2026-08-01T06:29:00.000,4.45,93.2,13.67,527.6,90.2,1.65,17.89,OK,39.5
2816,2026-08-01T06:33:00.000,3.7,95.3,13.73,545,89.1,1.49,17.920000000000002,OK,27.5
2859,2026-08-01T06:41:00.000,4.87,96,14.91,501.9,90,2.0099999999999998,18.03,OK,35
3336,2026-08-01T06:49:00.000,5.08,92.8,15.18,571.1,88.4,2.0499999999999998,18.11,OK,27.8
2435,2026-08-01T06:57:00.000,3.76,89.9,12.38,489.4,83.1,1.38,18.170000000000002,OK,35
2938,2026-08-01T07:03:00.000,4.1399999999999997,94,13.66,533.20000000000005,86,2.0699999999999998,18.28,OK,30.8
2750,2026-08-01T07:06:00.000,4.18,94.2,13.69,512.6,87.9,1.46,18.37,OK,37.4
2479,2026-08-01T07:10:00.000,4.21,94.4,11.76,467.2,84.3,1.46,18.45,OK,27.6
2498,2026-08-01T07:15:00.000,4.04,90.9,11.18,478.8,81,2.39,18.55,OK,27.3
3269,2026-08-01T07:17:00.000,4.79,94.8,16.739999999999998,560,88.5,1.98,18.649999999999999,OK,30.9
2493,2026-08-01T07:21:00.000,4.18,93.5,11.62,524.20000000000005,82.1,1.87,18.68,OK,38.5
3112,2026-08-01T07:26:00.000,4.55,94,13.32,524.79999999999995,87.3,1.74,18.75,OK,27.4
3075,2026-08-01T07:31:00.000,4.41,98,14.66,563.20000000000005,92.4,1.68,18.829999999999998,OK,39
2750,2026-08-01T07:36:00.000,4.7,96.4,13.18,522,89.9,2.0699999999999998,18.87,OK,30.2
3364,2026-08-01T07:38:00.000,4.92,92.2,14.31,535.20000000000005,86.4,1.84,18.98,OK,25.7
2678,2026-08-01T07:41:00.000,4.0599999999999996,95.1,13.01,516.1,90.8,1.42,19.02,OK,33
2920,2026-08-01T07:44:00.000,4.68,92.3,13.19,518.6,87.6,2.15,19.11,OK,34.9
2749,2026-08-01T07:52:00.000,3.9,97.5,12,533.70000000000005,87.8,2.15,19.2,OK,35.1
3417,2026-08-01T07:55:00.000,4.47,92.1,15.88,566.5,91.4,3.01,19.3,WARNING,27.5
3582,2026-08-01T08:02:00.000,4.96,102.4,16.13,612.1,92.4,1.95,19.399999999999999,WARNING,38
3272,2026-08-01T08:06:00.000,4.7,99.7,15.52,549.5,90.5,1.98,19.46,OK,35.700000000000003
4091,2026-08-01T08:14:00.000,5.07,100.1,17.09,642.79999999999995,92.8,2.31,19.52,WARNING,40
3374,2026-08-01T08:16:00.000,4.7699999999999996,95.1,16.079999999999998,572.20000000000005,87.2,1.74,19.63,OK,30
3455,2026-08-01T08:22:00.000,5.27,90.3,14.72,558.5,85.6,1.97,19.68,OK,23
3601,2026-08-01T08:24:00.000,4.74,92.9,16.14,581.70000000000005,84.2,2.19,19.75,OK,29.6
3028,2026-08-01T08:31:00.000,4.4000000000000004,94.8,13.69,530.70000000000005,86.1,1.89,19.809999999999999,OK,32.700000000000003
4876,2026-08-01T08:37:00.000,5.09,97.4,14.69,590.29999999999995,94.8,1.73,19.899999999999999,OK,31.1
2951,2026-08-01T08:42:00.000,3.95,98.4,14.37,531.29999999999995,91.1,1.65,20,OK,35.299999999999997
2840,2026-08-01T08:45:00.000,4.1500000000000004,92.5,13.9,516.70000000000005,83.5,1.51,20.04,OK,26.7
3695,2026-08-01T08:51:00.000,5.01,97.6,16.23,616.9,88.6,2.56,20.16,OK,30.6
3027,2026-08-01T08:54:00.000,4.2,92.3,13.91,540.70000000000005,86.5,1.77,20.190000000000001,OK,32.6
3398,2026-08-01T08:56:00.000,4.6100000000000003,97.7,15.43,576.20000000000005,90.9,2.19,20.260000000000002,OK,36.200000000000003
3915,2026-08-01T08:59:00.000,4.45,101.4,17.28,611.1,92.7,2.64,20.38,WARNING,39.299999999999997
2718,2026-08-01T09:07:00.000,4.29,96,12.22,509.4,88.3,1.42,20.41,OK,34.4
3588,2026-08-01T09:14:00.000,4.16,97,15.82,597.70000000000005,90.6,2.72,20.51,OK,29.1
3360,2026-08-01T09:22:00.000,4.07,101.3,14.48,601.20000000000005,98,1.67,20.59,WARNING,40.4
3350,2026-08-01T09:30:00.000,4.6900000000000004,95.3,15.74,531.4,91.7,1.75,20.7,OK,25.9
3401,2026-08-01T09:33:00.000,4.9000000000000004,97.6,13.34,567.9,92.4,2.0299999999999998,20.75,WARNING,35.799999999999997
3391,2026-08-01T09:40:00.000,4.59,98.9,15.26,566.5,92.8,2.35,20.78,OK,31.7
3573,2026-08-01T09:44:00.000,5.17,98.7,16.600000000000001,579.1,91.2,2.1,20.86,OK,27.5
3025,2026-08-01T09:50:00.000,4.53,95.5,14.26,511.1,91.2,1.98,20.89,OK,35.799999999999997
3572,2026-08-01T09:54:00.000,4.46,101.9,15.38,608.9,95.3,1.93,20.97,WARNING,30.4
3003,2026-08-01T09:56:00.000,4.83,96.5,11.68,547,86.1,1.61,21.06,OK,34.299999999999997
4136,2026-08-01T10:04:00.000,5.19,101.3,18.28,650,94.2,2.38,21.14,WARNING,34.799999999999997
3363,2026-08-01T10:12:00.000,4.76,95.6,16.12,564.20000000000005,87.5,2.16,21.22,OK,30.3
3463,2026-08-01T10:20:00.000,5.0999999999999996,100,15.5,574.79999999999995,92.8,2.4700000000000002,21.33,WARNING,38.5
4019,2026-08-01T10:27:00.000,4.79,101.8,18.329999999999998,620.70000000000005,95.9,3.11,21.45,WARNING,31.3
3126,2026-08-01T10:34:00.000,4.66,98.2,14.64,556,94.6,1.67,21.54,OK,40.5
3391,2026-08-01T10:39:00.000,4.43,96.4,15.35,558.20000000000005,87.7,2.79,21.62,OK,27.6
2898,2026-08-01T10:44:00.000,4.3600000000000003,90.6,14.06,529,87.8,1.55,21.73,OK,26.4
3048,2026-08-01T10:47:00.000,4.05,94.4,14.18,521.5,87.4,2.0099999999999998,21.82,OK,36.1
2885,2026-08-01T10:52:00.000,4.43,92.9,14.73,543.79999999999995,86.3,1.8,21.93,OK,32.5
3657,2026-08-01T10:56:00.000,5,99.4,16.88,597.9,90.1,2.39,22,OK,34.700000000000003
3571,2026-08-01T11:04:00.000,4.67,97.9,16.05,582.9,97,2.02,22.08,OK,43.9
3212,2026-08-01T11:11:00.000,4.6900000000000004,88.9,16.37,536.70000000000005,79.400000000000006,2.1,22.15,OK,23
3180,2026-08-01T11:18:00.000,3.73,92.6,14.15,564.79999999999995,84.9,1.68,22.19,OK,32.299999999999997
3689,2026-08-01T11:21:00.000,4.91,99,16.850000000000001,607.79999999999995,96.1,2.0699999999999998,22.27,OK,29.6
3338,2026-08-01T11:24:00.000,4.07,100.8,15.67,603.20000000000005,95,2.25,22.32,WARNING,31.4
3027,2026-08-01T11:32:00.000,4.72,99.1,15.02,558.5,94,2.71,22.43,OK,37.5
3696,2026-08-01T11:38:00.000,5.0999999999999996,97.4,16.760000000000002,587.1,93.7,2.0299999999999998,22.51,OK,39.1
3259,2026-08-01T11:41:00.000,4.25,93,14.71,553.20000000000005,86.1,2.04,22.54,OK,26.9
3534,2026-08-01T11:49:00.000,4.49,97.5,15.83,587.9,94.1,2.4900000000000002,22.58,OK,37.700000000000003
3310,2026-08-01T11:54:00.000,5.07,93.2,15.52,562.29999999999995,89.4,1.82,22.63,OK,33.799999999999997
3999,2026-08-01T12:00:00.000,5.41,99.3,19.46,650,91.6,1.93,22.71,OK,32.6
3185,2026-08-01T12:07:00.000,4.63,96.8,13.3,548.4,93.2,2.2200000000000002,22.77,OK,30.6
2540,2026-08-01T12:11:00.000,3.96,91.6,13.28,475.1,83.4,1.64,22.8,OK,35.299999999999997
3148,2026-08-01T12:16:00.000,3.85,93.1,15.48,554.29999999999995,85.6,2.0699999999999998,22.89,OK,32.9
3305,2026-08-01T12:21:00.000,4.78,98.8,15.82,574.5,96,2.17,22.92,OK,33.1
3356,2026-08-01T12:28:00.000,4.38,95.7,15.31,558.20000000000005,91.6,1.98,23.04,OK,36.6
3462,2026-08-01T12:36:00.000,4.8600000000000003,97.6,15.23,552.1,94.7,1.87,23.15,OK,41.1
2957,2026-08-01T12:41:00.000,4.7,89.1,13.42,552,81.5,1.61,23.21,OK,32
3690,2026-08-01T12:45:00.000,4.67,100.4,17.28,624.79999999999995,97,2.6,23.24,WARNING,31.2
3461,2026-08-01T12:53:00.000,4.66,102.4,16.41,573.29999999999995,95.6,2.66,23.33,WARNING,39.5
3150,2026-08-01T12:59:00.000,4.95,93.4,13.11,543.1,87.5,1.88,23.38,OK,25.1
2841,2026-08-01T13:05:00.000,4.2,95.9,12.7,520.5,90.9,1.68,23.49,OK,38
3738,2026-08-01T13:10:00.000,4.58,99.8,16.47,616.29999999999995,90.3,2.39,23.61,OK,32.4
3298,2026-08-01T13:13:00.000,4.67,98.1,14.59,560.9,93.6,2.29,23.68,OK,31.4
2849,2026-08-01T13:16:00.000,4.2300000000000004,93.6,14.08,512.20000000000005,89.5,2.21,23.74,OK,28.9
3490,2026-08-01T13:23:00.000,4.72,94.8,15.26,576,89.7,1.98,23.78,OK,27.4
3053,2026-08-01T13:28:00.000,4.75,96.8,16.72,527.4,91.6,1.84,23.9,OK,39
3481,2026-08-01T13:31:00.000,4.2300000000000004,98.4,15.28,596.4,91.4,1.9,23.93,OK,40.200000000000003
2634,2026-08-01T13:35:00.000,4.37,93.7,11.94,508.6,86,1.5,24.04,OK,30.2
2835,2026-08-01T13:43:00.000,4.1100000000000003,90.3,14.36,497.8,87.8,2.0099999999999998,24.09,OK,26.1
3365,2026-08-01T13:49:00.000,4.4400000000000004,99.5,15.06,578.1,96.4,1.91,24.14,OK,30.8
2622,2026-08-01T13:53:00.000,4.1500000000000004,96.7,13.49,492.7,87.8,1.81,24.18,OK,24.7
2742,2026-08-01T13:58:00.000,4.1900000000000004,93.8,14.29,511.2,89.2,1.77,24.3,OK,38.299999999999997
1847,2026-08-01T14:01:00.000,3.17,88.2,10.93,390.7,81.7,1.21,24.37,OK,32.1
2923,2026-08-01T14:06:00.000,4.8099999999999996,95.3,13.34,523.79999999999995,90.1,2.17,24.42,OK,41.9
3156,2026-08-01T14:10:00.000,4.8600000000000003,96.2,13.17,569.4,92.4,1.86,24.49,OK,37.9
2403,2026-08-01T14:16:00.000,3.94,97.8,13.39,468.2,91.4,1.99,24.61,OK,35.4
2855,2026-08-01T14:24:00.000,4.6399999999999997,93.3,12.3,513.29999999999995,88,1.95,24.65,OK,32.700000000000003
2482,2026-08-01T14:26:00.000,3.95,93.1,14.02,503.5,87.6,1.68,24.69,OK,31.3
2115,2026-08-01T14:31:00.000,3.56,89.5,10.79,472.3,79.599999999999994,1.18,24.79,OK,29.6
2501,2026-08-01T14:36:00.000,4.1500000000000004,90.2,12.02,493.9,88.3,1.78,24.83,OK,41.2
2386,2026-08-01T14:41:00.000,3.64,91.5,11.39,497.2,81.8,1.36,24.9,OK,33.5
2603,2026-08-01T14:46:00.000,4.3899999999999997,91.5,12.68,510.9,84,2.08,25.01,OK,24.4
2423,2026-08-01T14:52:00.000,3.77,96.4,11.4,458.3,92.5,1.86,25.12,OK,31.6
2969,2026-08-01T15:00:00.000,3.84,90.9,14.29,533.9,79.8,2.73,25.17,OK,32.799999999999997
2276,2026-08-01T15:06:00.000,2.69,93.6,11.4,470.5,93.2,1.38,25.29,OK,28.9
2397,2026-08-01T15:10:00.000,4,92.5,10.91,460.7,83.5,1.68,25.33,OK,29.6
2497,2026-08-01T15:12:00.000,4.22,92.4,11.38,459.5,87.3,1.73,25.36,OK,30.7
2365,2026-08-01T15:17:00.000,4.51,90.7,11.51,483.3,87.5,1.89,25.41,OK,35.799999999999997
2166,2026-08-01T15:21:00.000,3.27,94.9,9.11,457,88.9,1.84,25.52,OK,33
2342,2026-08-01T15:27:00.000,4.34,94.8,10.28,476.5,87.9,1.64,25.58,OK,38.5
2477,2026-08-01T15:30:00.000,3.94,91,13.3,490.7,85.9,1.75,25.68,OK,24.7
2578,2026-08-01T15:37:00.000,4.13,92.7,13.62,518.6,89.4,1.92,25.77,OK,30.6
1493,2026-08-01T15:45:00.000,3.52,90.7,9.57,382.7,85,0.95,25.81,OK,31.3
2381,2026-08-01T15:51:00.000,4.05,90.3,12.44,466.3,85.5,2.3199999999999998,25.85,OK,31.7
1938,2026-08-01T15:57:00.000,3.05,93.4,10.71,431.4,89.7,1.1399999999999999,25.91,OK,29.4
2549,2026-08-01T16:00:00.000,4.33,97.7,12.84,487.3,86.5,1.67,26,OK,28
2440,2026-08-01T16:03:00.000,4.3499999999999996,93.4,11.45,509.2,87.5,1.48,26.08,OK,37.799999999999997
2408,2026-08-01T16:07:00.000,4.33,98.1,12.87,499.7,96.3,1.48,26.13,OK,40.9
1850,2026-08-01T16:09:00.000,3.91,89.6,9.1300000000000008,432.8,79.2,1.23,26.22,OK,35.9
1537,2026-08-01T16:11:00.000,3.51,87.1,11.16,400,83.5,1.62,26.24,OK,36.9
2440,2026-08-01T16:19:00.000,3.56,92,11.58,477.8,88.4,1.64,26.32,OK,34.9
2375,2026-08-01T16:25:00.000,4.18,93.1,10.96,440.4,88,1.27,26.43,OK,30.5
1235,2026-08-01T16:28:00.000,3.39,89.2,10.78,399.3,80.400000000000006,1.28,26.49,OK,41.5
2388,2026-08-01T16:34:00.000,4.0199999999999996,94.4,10.9,473.6,88,1.43,26.53,OK,35.5
2002,2026-08-01T16:36:00.000,3.96,93,11.23,454.4,89.2,1.31,26.63,OK,38.299999999999997
1895,2026-08-01T16:38:00.000,3.76,89.2,10.45,441.8,82.1,1.28,26.67,OK,31.6
1533,2026-08-01T16:43:00.000,3.44,85.4,9.4499999999999993,386.7,80,1.31,26.7,OK,31.1
2147,2026-08-01T16:45:00.000,3.51,89.5,12.06,482,87,1.53,26.79,OK,24.6
1603,2026-08-01T16:52:00.000,3.64,84.5,9.83,410.4,80.099999999999994,1.0900000000000001,26.85,OK,27.6
1574,2026-08-01T16:57:00.000,4.0999999999999996,88.8,7.63,386.6,87.2,1.1499999999999999,26.91,OK,30.8
961,2026-08-01T17:03:00.000,2.85,87.2,7.17,353.6,81.2,0.92,27,OK,32.799999999999997
1421,2026-08-01T17:07:00.000,3.91,82.4,8.75,392.4,79.8,0.92,27.09,OK,32
1307,2026-08-01T17:09:00.000,3.64,92.8,8.77,378.7,86,1.28,27.14,OK,39.700000000000003
901,2026-08-01T17:17:00.000,2.62,84.9,6.65,341.2,80.400000000000006,1.21,27.25,OK,31.3
2147,2026-08-01T17:22:00.000,4.0999999999999996,93.4,10.27,452.8,91.6,1.44,27.31,OK,34.799999999999997
1532,2026-08-01T17:26:00.000,3.6,85.5,8.06,382.2,78.900000000000006,1.7,27.36,OK,25.8
1052,2026-08-01T17:30:00.000,3.28,85.5,7.08,347.9,83.7,1.33,27.41,OK,31.7
1188,2026-08-01T17:36:00.000,4.03,91.6,6.57,368.9,88,1.25,27.45,OK,33.700000000000003
1298,2026-08-01T17:39:00.000,3.81,82.6,7.54,360.2,75.8,1.71,27.48,OK,25
1268,2026-08-01T17:47:00.000,3.11,85.3,7.51,333.7,80,1.1200000000000001,27.57,OK,28.1
1733,2026-08-01T17:51:00.000,3.9,89.8,9.33,436.6,81.5,1.46,27.61,OK,32.1
1336,2026-08-01T17:57:00.000,3.19,81.599999999999994,10.31,385.4,74,1.03,27.66,OK,31.8
1442,2026-08-01T18:00:00.000,3.21,88.2,7.68,372.2,78,1.1399999999999999,27.76,OK,40.799999999999997
1292,2026-08-01T18:07:00.000,3.48,88,5.56,366.5,81.5,1.1200000000000001,27.85,OK,25.1
1770,2026-08-01T18:11:00.000,4.1500000000000004,85,10,394.9,75.8,1.25,27.93,OK,25.6
1824,2026-08-01T18:17:00.000,3.21,89,9.14,396.6,90.3,1.1399999999999999,28.04,OK,26.3
1274,2026-08-01T18:23:00.000,3.21,90.3,8.99,357.2,81.7,1.28,28.1,OK,39.6
970,2026-08-01T18:28:00.000,3.66,86.3,6.75,341.2,75.7,0.79,28.17,OK,27.3
1243,2026-08-01T18:34:00.000,3.08,87,7.94,370.9,79.599999999999994,1.79,28.23,OK,40.9
800,2026-08-01T18:38:00.000,3.14,87.8,5.0999999999999996,312.10000000000002,82.4,0.83,28.28,OK,39.799999999999997
1354,2026-08-01T18:42:00.000,3.39,83.9,8.2899999999999991,366.5,81.900000000000006,1.25,28.37,OK,27.7
800,2026-08-01T18:44:00.000,3.62,83.4,7.45,324.3,78.2,1.19,28.45,OK,26.5
1132,2026-08-01T18:48:00.000,3.43,88.9,8.26,348,84.4,1.19,28.53,OK,31
1357,2026-08-01T18:51:00.000,3.36,87.8,8.41,383.9,78.3,1.52,28.62,OK,39.9
977,2026-08-01T18:53:00.000,2.97,85.6,5.81,324.8,80.2,1.81,28.7,OK,24.2
1007,2026-08-01T18:59:00.000,4.0199999999999996,85.3,7.47,371.9,83.4,1.31,28.8,OK,28.3
1237,2026-08-01T19:01:00.000,3.34,90.2,8.17,359.7,80.599999999999994,1.04,28.86,OK,35.5
937,2026-08-01T19:04:00.000,3.19,82.4,7.94,326.2,75.599999999999994,1.93,28.89,OK,37
1442,2026-08-01T19:06:00.000,3.67,90.5,8.82,371.8,86.2,1.52,28.92,OK,28.9
1377,2026-08-01T19:09:00.000,3.75,86.1,8.84,344.9,78.400000000000006,1.39,29.02,OK,42.1
1293,2026-08-01T19:15:00.000,2.97,84.5,7.69,371.8,76,0.87,29.09,OK,31.4
862,2026-08-01T19:17:00.000,3.09,89.2,6.01,315.3,86,1.03,29.2,OK,34.299999999999997
1273,2026-08-01T19:25:00.000,3.04,88.2,8.39,372.6,81.900000000000006,1.23,29.29,OK,35.1
802,2026-08-01T19:29:00.000,2.95,86.1,6.54,315.3,81.599999999999994,1.31,29.37,OK,38.700000000000003
1023,2026-08-01T19:33:00.000,3.7,88.7,7.33,365.6,85.1,0.89,29.44,OK,31.3
800,2026-08-01T19:36:00.000,3.56,85.1,6.42,321.7,80.400000000000006,0.68,29.5,OK,31.7
1442,2026-08-01T19:39:00.000,3.75,85.4,6.69,357.4,82.6,0.91,29.57,OK,30.2
1634,2026-08-01T19:42:00.000,3.12,89.9,9.76,406,83.1,1.41,29.59,OK,22.5
1102,2026-08-01T19:49:00.000,3.37,88.7,7.97,392,87.2,1.43,29.68,OK,36.700000000000003
800,2026-08-01T19:55:00.000,2.97,84,5.76,317.7,77.7,1.24,29.76,OK,38.9
937,2026-08-01T20:02:00.000,3.58,86.2,7.4,328.5,77.8,1.1100000000000001,29.82,OK,39.9
1034,2026-08-01T20:05:00.000,3.1,85.2,6.97,352.7,79.599999999999994,0.82,29.88,OK,36.6
1011,2026-08-01T20:09:00.000,3.01,83.8,7.15,330.4,78.2,1.22,29.97,OK,33.4
1893,2026-08-01T20:17:00.000,3.88,90.7,9.51,429.4,84.7,1.32,30.04,OK,35
916,2026-08-01T20:25:00.000,3.64,86.1,6.68,337,80.7,1.1499999999999999,30.11,OK,33.299999999999997
800,2026-08-01T20:29:00.000,3.54,84.3,4.8600000000000003,306,77.099999999999994,0.8,30.22,OK,23.2
1057,2026-08-01T20:32:00.000,3.75,87.4,6.94,361.1,77.3,1.8,30.25,OK,29.5
950,2026-08-01T20:37:00.000,3.69,86.8,8.48,354.8,84.7,0.74,30.3,OK,26.2
800,2026-08-01T20:44:00.000,3.71,87.5,6.45,314,77.5,1.79,30.37,OK,29.8
800,2026-08-01T20:47:00.000,3.22,85.5,6.01,334.1,80.099999999999994,0.87,30.45,OK,27.1
1262,2026-08-01T20:55:00.000,3.26,87.3,7.6,379.8,84.8,1.22,30.52,OK,27.6
800,2026-08-01T21:00:00.000,2.83,89.2,5.69,327.7,80.2,0.69,30.56,OK,37
800,2026-08-01T21:02:00.000,3.56,87.1,6.41,347.5,85,1.01,30.65,OK,34.5
800,2026-08-01T21:04:00.000,3.12,82.6,5.41,343.3,78.5,1.28,30.69,OK,29.9
800,2026-08-01T21:08:00.000,2.89,79.7,6.99,306.10000000000002,72.2,0.83,30.8,OK,22.8
1260,2026-08-01T21:10:00.000,3.6,86.8,8.68,372.9,84.4,1.23,30.84,OK,39.200000000000003
1221,2026-08-01T21:18:00.000,2.89,86.5,8.39,369.9,84.1,1.5,30.89,OK,25.5
1112,2026-08-01T21:20:00.000,2.96,85.9,8.27,364.7,82.6,1.72,31,OK,31.1
1302,2026-08-01T21:28:00.000,3.51,87.5,8.91,378.8,83.9,0.9,31.08,OK,28.8
1214,2026-08-01T21:36:00.000,3.73,84.2,8.0399999999999991,372.5,76.599999999999994,0.98,31.16,OK,22.1
1279,2026-08-01T21:38:00.000,3.33,85,9.19,370.3,76.5,1.01,31.19,OK,30.9
1722,2026-08-01T21:44:00.000,3.66,82.1,9.9600000000000009,436.6,74.900000000000006,1.37,31.31,WARNING,28.2
1439,2026-08-01T21:50:00.000,3.81,85.6,8.01,380.9,81.400000000000006,0.99,31.39,OK,33.299999999999997
1169,2026-08-01T21:57:00.000,3.6,92.2,7.54,351.9,82.2,0.82,31.51,OK,35
800,2026-08-01T22:00:00.000,2.41,87.2,7.1,338.4,81.400000000000006,1.01,31.55,OK,29.3
800,2026-08-01T22:05:00.000,3.69,84.1,6.72,316.89999999999998,75.599999999999994,1.22,31.61,OK,34.1
800,2026-08-01T22:09:00.000,3.06,83.5,5.83,312.8,78.3,0.8,31.65,OK,29.6
1494,2026-08-01T22:16:00.000,3.29,88,8.77,388.7,83.6,1.1299999999999999,31.76,OK,34.700000000000003
982,2026-08-01T22:23:00.000,3.06,89.4,6.25,350.9,85.3,1.18,31.79,OK,33.5
1222,2026-08-01T22:29:00.000,2.87,91.2,8.51,359.3,91.1,1.04,31.83,OK,38.200000000000003
877,2026-08-01T22:35:00.000,4.07,87.3,7.77,343.8,82.4,0.79,31.87,OK,28.2
2000,2026-08-01T22:42:00.000,3.36,90.9,9.08,431.6,82.3,1.35,31.95,OK,42.6
800,2026-08-01T22:46:00.000,2.58,90.8,6.67,342.7,86.1,1.53,32.03,OK,35.5
1313,2026-08-01T22:53:00.000,3.37,86.1,7.13,370.6,85.9,1.19,32.119999999999997,OK,28.1
1158,2026-08-01T22:59:00.000,2.82,91.7,6.3,369.9,83.1,0.92,32.19,OK,42.1
1309,2026-08-01T23:03:00.000,3.47,89.3,9.26,356.9,82.4,0.95,32.270000000000003,OK,35.200000000000003
1211,2026-08-01T23:11:00.000,4,83.6,8.75,333.5,73.400000000000006,1.1000000000000001,32.299999999999997,OK,34.200000000000003
1032,2026-08-01T23:14:00.000,3.36,85.1,7.31,350.9,80.2,1.42,32.35,OK,31.4
974,2026-08-01T23:17:00.000,3.37,86.5,6.46,370.3,81.099999999999994,0.96,32.42,OK,33.4
2104,2026-08-01T23:24:00.000,3.79,90.2,10.61,436.3,86.6,1.25,32.47,OK,36.1
1305,2026-08-01T23:26:00.000,3.1,85,7.52,395.1,73.7,1.68,32.5,OK,35.700000000000003
1552,2026-08-01T23:34:00.000,3.47,89.3,10.72,403.2,86.7,1.0900000000000001,32.56,OK,38.4
897,2026-08-01T23:38:00.000,3.53,90.8,8.4,332.5,83.1,0.81,32.67,OK,38.5
800,2026-08-01T23:42:00.000,3.61,87.3,7.04,320.89999999999998,79.599999999999994,1.55,32.729999999999997,OK,33.5
1266,2026-08-01T23:45:00.000,3.46,84,8,370.2,82.2,1.48,32.78,OK,23.4
1833,2026-08-01T23:51:00.000,4.03,90.8,8.81,446.6,79.099999999999994,1.2,32.880000000000003,OK,32.9
1563,2026-08-01T23:55:00.000,3.35,85.1,8.7799999999999994,398.9,82.1,1.18,32.92,OK,30.5
1389,2026-08-02T00:02:00.000,3.26,89.1,8.3800000000000008,381.1,83.6,1.18,32.97,OK,36.299999999999997
1755,2026-08-02T00:06:00.000,3.18,84.5,9.0299999999999994,413.7,77.400000000000006,1.27,33.020000000000003,OK,30.6
1438,2026-08-02T00:12:00.000,3.92,86,9.77,366.2,80.5,2.66,33.08,OK,34.6
2139,2026-08-02T00:15:00.000,3.67,93.7,12.67,445.6,88.5,1.69,33.18,WARNING,33.299999999999997
2180,2026-08-02T00:19:00.000,3.46,91.6,10.99,460.8,81.900000000000006,1.36,33.270000000000003,OK,38
1509,2026-08-02T00:23:00.000,3.72,88.9,9.7100000000000009,394.9,81.400000000000006,1.68,33.299999999999997,OK,37.6
1467,2026-08-02T00:29:00.000,4.0199999999999996,86,8.91,383.4,77.900000000000006,1.4,33.39,OK,23.4
1741,2026-08-02T00:31:00.000,3.52,92,8.92,419.8,86.9,1.1399999999999999,33.47,OK,26
1944,2026-08-02T00:37:00.000,3.24,83.3,11.36,420.1,77.099999999999994,1.5,33.549999999999997,OK,39.700000000000003
1727,2026-08-02T00:44:00.000,3.57,88.7,10.97,394.3,81.400000000000006,1.07,33.57,OK,38.1
2218,2026-08-02T00:50:00.000,3.98,96.5,11.77,452.5,90.8,1.23,33.619999999999997,OK,27.3
1974,2026-08-02T00:52:00.000,3.98,94.5,10.02,450.4,84.8,2.42,33.729999999999997,OK,35.700000000000003
2291,2026-08-02T00:56:00.000,4.25,92.8,12.26,492.4,90.4,1.34,33.81,OK,30
1546,2026-08-02T00:58:00.000,3.57,91.4,8.6999999999999993,405.1,82.1,1.62,33.89,OK,40.200000000000003
1761,2026-08-02T01:03:00.000,3.59,90.8,10.47,403.4,86.2,1.4,33.979999999999997,OK,39.1
2184,2026-08-02T01:11:00.000,4.1900000000000004,88.8,12.48,467.8,82,1.21,34.08,OK,34.9
2046,2026-08-02T01:13:00.000,3.39,90.4,10.09,442.7,81.7,1.64,34.14,OK,33.9
1991,2026-08-02T01:16:00.000,3.47,91.2,11.01,449.2,85.8,1.22,34.24,OK,35.1
1905,2026-08-02T01:20:00.000,3.5,91.5,9.92,432.4,88.3,1.94,34.29,OK,25.4
2147,2026-08-02T01:25:00.000,3.73,93.6,12.08,471.9,88.3,1.64,34.35,OK,37.5
2647,2026-08-02T01:30:00.000,3.69,94,12.81,513.20000000000005,94.6,1.71,34.450000000000003,OK,33
1474,2026-08-02T01:32:00.000,3.87,88.7,10.029999999999999,369.1,81.8,1.04,34.54,OK,39.700000000000003
2154,2026-08-02T01:40:00.000,3.49,90.7,13.28,464.9,79.7,1.79,34.64,OK,33.9
2199,2026-08-02T01:48:00.000,3.04,86.7,10.49,452.5,80.3,1.67,34.67,OK,30
1886,2026-08-02T01:53:00.000,4.08,93,10.41,429.6,86,1.5,34.729999999999997,OK,41
2242,2026-08-02T02:00:00.000,4.18,87.9,12.44,465.9,82.7,1.94,0.04,OK,28.7
1753,2026-08-02T02:04:00.000,3.68,88.2,9.4700000000000006,419.7,83.6,2.0099999999999998,0.13,OK,29.8
2152,2026-08-02T02:08:00.000,4.0599999999999996,92,11.62,445.1,84.4,1.4,0.24,OK,24.3
2292,2026-08-02T02:14:00.000,4.01,93.7,11.19,475.3,91.9,1.45,0.34,OK,36.200000000000003
2414,2026-08-02T02:20:00.000,4.45,93.7,10.56,457.6,84.9,1.59,0.37,OK,33.299999999999997
3101,2026-08-02T02:27:00.000,4.13,98.8,15.03,562.1,97.7,2.04,0.48,OK,32.5
2189,2026-08-02T02:30:00.000,4.5199999999999996,92.9,11.85,464.6,83.3,1.94,0.57999999999999996,OK,30.3
2040,2026-08-02T02:37:00.000,4.18,90.3,9.94,448.7,84.7,1.36,0.7,OK,30.8
2880,2026-08-02T02:39:00.000,4.1500000000000004,90,13.27,509.4,85.2,1.55,0.73,OK,33.5
999,2026-08-02T02:44:00.000,3.03,83.2,6.85,384.1,80.3,1.29,0.82,OK,23.7
2373,2026-08-02T02:52:00.000,4.0999999999999996,90.7,12.44,488,86,1.5,0.85,OK,26.2
2504,2026-08-02T02:58:00.000,3.69,94.9,13.17,486.7,89.2,1.44,0.9,OK,39.6
2316,2026-08-02T03:02:00.000,3.95,89.6,12.08,474.1,82.3,1.44,1.01,OK,37.9
2640,2026-08-02T03:09:00.000,4.66,92.8,11.76,507.1,82.7,1.64,1.05,OK,27
2474,2026-08-02T03:17:00.000,4.1100000000000003,96.8,11.9,495.6,86.3,1.5,1.1200000000000001,OK,40.299999999999997
2119,2026-08-02T03:22:00.000,4.63,90.6,10.75,399.2,82.9,1.37,1.1499999999999999,OK,32.9
2971,2026-08-02T03:24:00.000,4.07,97.4,13.66,539.5,90.9,1.84,1.19,OK,37
3011,2026-08-02T03:29:00.000,4.5599999999999996,93.6,14.92,548.79999999999995,88.4,2.15,1.28,OK,32.4
2462,2026-08-02T03:34:00.000,3.88,94.2,13.3,477.4,90.2,1.31,1.36,OK,35.1
2644,2026-08-02T03:37:00.000,4.05,99.3,13.64,485.4,92.7,1.77,1.42,OK,36.200000000000003
3508,2026-08-02T03:39:00.000,4.8600000000000003,94.8,17.05,571.79999999999995,88.9,1.89,1.45,OK,25.6
3040,2026-08-02T03:44:00.000,4.16,94.1,14.21,538.4,87.2,2.2599999999999998,1.56,OK,38.5
2908,2026-08-02T03:48:00.000,4,97.3,13.24,555.70000000000005,90.9,1.68,1.64,OK,34.9
3498,2026-08-02T03:52:00.000,4.51,95.4,14.71,582.9,90.1,1.72,1.71,OK,26.9
2388,2026-08-02T03:55:00.000,3.89,88.7,11.59,461.9,82,1.58,1.77,OK,24.9
2267,2026-08-02T04:01:00.000,3.62,91.3,10.71,479.2,82.8,2.13,1.81,OK,37.1
3059,2026-08-02T04:03:00.000,4.9000000000000004,97,15.87,538,93.4,2.4700000000000002,1.93,OK,35.799999999999997
3317,2026-08-02T04:08:00.000,4.46,95.1,15.89,542.6,90.3,1.68,1.98,OK,25.9
2446,2026-08-02T04:11:00.000,4.3099999999999996,97.6,11.24,476.6,92,1.87,2.02,OK,38.799999999999997
2611,2026-08-02T04:19:00.000,4.4000000000000004,96.3,12.49,510.6,86.2,1.64,2.13,OK,39.4
3364,2026-08-02T04:23:00.000,4.8899999999999997,101.6,14.77,563.79999999999995,98.2,2.39,2.19,WARNING,41.8
2703,2026-08-02T04:30:00.000,3.75,93.6,12.4,520.6,88.5,1.5,2.23,OK,30.8
3036,2026-08-02T04:35:00.000,4.28,94.8,13.8,565.1,89.9,2.02,2.34,OK,25
3218,2026-08-02T04:39:00.000,4.72,97.6,14.47,578.70000000000005,91.7,1.71,2.37,OK,38.5
3497,2026-08-02T04:46:00.000,4.38,103.3,15.36,583.29999999999995,94.9,1.77,2.4300000000000002,WARNING,37.6
3073,2026-08-02T04:51:00.000,4.95,94.8,14.31,522.4,89.1,1.57,2.5099999999999998,OK,24.6
3369,2026-08-02T04:53:00.000,4.1900000000000004,93.6,15.03,532.6,88.8,2.93,2.5499999999999998,OK,33.5
2780,2026-08-02T04:57:00.000,4.57,91.6,14.27,503.6,88.5,1.82,2.59,OK,23.7
3435,2026-08-02T05:00:00.000,4.46,97.7,15.56,546.1,90,2.57,2.61,OK,32.200000000000003
2926,2026-08-02T05:03:00.000,4.7,95.7,13.74,534.29999999999995,89.7,2.8,2.71,OK,35.799999999999997
2776,2026-08-02T05:11:00.000,4.32,96.9,12.83,540.1,87.4,1.72,2.83,OK,34.6
3995,2026-08-02T05:14:00.000,4.63,100.3,17.38,636.4,95.2,1.95,2.85,WARNING,39.5
3926,2026-08-02T05:21:00.000,5.17,100.2,16.100000000000001,617.29999999999995,91.3,2.63,2.9,WARNING,35.6
3350,2026-08-02T05:24:00.000,3.93,100.4,15,592.5,94.3,1.73,2.95,WARNING,37.5
3851,2026-08-02T05:30:00.000,4.76,96.1,18.09,603.79999999999995,88.7,2.2799999999999998,3.02,OK,34.5
3207,2026-08-02T05:37:00.000,4.3499999999999996,94.5,14.09,546.9,86.4,1.82,3.06,OK,35.1
3284,2026-08-02T05:42:00.000,4.63,101.7,15.29,566.79999999999995,93.4,1.89,3.14,WARNING,33.6
3279,2026-08-02T05:49:00.000,3.62,93.8,16.079999999999998,544.79999999999995,89.7,2.2200000000000002,3.23,WARNING,25.1
3030,2026-08-02T05:54:00.000,4.45,97.9,14.36,540.20000000000005,93.5,1.6,3.27,OK,33.6
2538,2026-08-02T05:59:00.000,4.21,97,12.09,511.6,92.6,2.25,3.31,OK,36.4
3257,2026-08-02T06:05:00.000,4.29,91.3,15.48,552.79999999999995,82,1.73,3.41,OK,24.9
3828,2026-08-02T06:13:00.000,4.76,96,16.87,589.70000000000005,88.3,1.91,3.44,OK,29
3475,2026-08-02T06:20:00.000,4.6399999999999997,98.8,16.46,584.4,93,1.76,3.49,OK,37.9
3669,2026-08-02T06:23:00.000,5.0999999999999996,96.2,16.63,602.9,89.1,2.35,3.52,OK,30.8
3526,2026-08-02T06:25:00.000,3.89,100.1,14.41,583.29999999999995,90.9,2.3199999999999998,3.59,WARNING,38.200000000000003
3096,2026-08-02T06:28:00.000,4.4000000000000004,97.2,13.85,543.79999999999995,89,1.86,3.65,OK,32.799999999999997
3482,2026-08-02T06:34:00.000,4.79,99.3,15.91,601.4,89.5,2.09,3.72,OK,37.799999999999997
3281,2026-08-02T06:36:00.000,4.7699999999999996,95.1,15.94,555.1,90.6,1.78,3.78,OK,26.8
3027,2026-08-02T06:42:00.000,4.29,98,14.81,545.9,89.3,1.8,3.87,OK,37
3722,2026-08-02T06:46:00.000,4.97,99.5,17.350000000000001,608.9,90.5,2.63,3.91,OK,24.2
2943,2026-08-02T06:54:00.000,4.3,97.2,13.66,508.5,90.5,1.54,4,OK,28
3169,2026-08-02T06:59:00.000,4.8600000000000003,96.2,14.02,533.70000000000005,89.8,1.84,4.0199999999999996,OK,30.1
4174,2026-08-02T07:04:00.000,4.75,98.8,17.59,643.29999999999995,93.6,2.12,4.0599999999999996,OK,34.4
3641,2026-08-02T07:10:00.000,4.5,98.4,15.61,606.4,93,1.86,4.09,OK,35
3479,2026-08-02T07:12:00.000,4.79,98.5,17.649999999999999,607.70000000000005,94.2,1.93,4.1900000000000004,OK,29.7
2628,2026-08-02T07:16:00.000,4.3600000000000003,97.7,14.35,480.8,88.8,2.2400000000000002,4.21,OK,37.5
3343,2026-08-02T07:20:00.000,4.71,99.8,14.13,549.79999999999995,93,1.83,4.2699999999999996,OK,33.6
2972,2026-08-02T07:23:00.000,4.2,96.8,14.27,532.9,94.1,1.74,4.34,OK,40.6
3346,2026-08-02T07:26:00.000,4.41,98.1,15.1,578.5,95.2,1.94,4.38,OK,35.200000000000003
3300,2026-08-02T07:28:00.000,4.54,96.7,14.79,549.6,90.8,2.25,4.4000000000000004,OK,27.5
3060,2026-08-02T07:36:00.000,3.98,100.1,14.77,552,96.1,1.86,4.5199999999999996,WARNING,35.9
3762,2026-08-02T07:44:00.000,4.5199999999999996,98.1,16.22,619.9,92.5,2.34,4.57,OK,37.5
3677,2026-08-02T07:47:00.000,5.27,98,15.95,611.4,94.1,2.0099999999999998,4.5999999999999996,OK,26.5
2939,2026-08-02T07:52:00.000,4.3099999999999996,92.4,14.24,558.5,89.2,1.62,4.6900000000000004,OK,27
3874,2026-08-02T07:58:00.000,4.6399999999999997,102.8,18.27,614.5,95.9,2.97,4.78,WARNING,35.299999999999997
2910,2026-08-02T08:03:00.000,4.1399999999999997,93,15.54,487.6,85.1,1.72,4.82,OK,24.9
3883,2026-08-02T08:11:00.000,4.96,99.8,17.579999999999998,609.70000000000005,93.9,2.2999999999999998,4.9000000000000004,OK,32.299999999999997
3214,2026-08-02T08:15:00.000,5.24,95.5,13.98,569.20000000000005,84.9,1.86,5.01,OK,37.799999999999997
3135,2026-08-02T08:19:00.000,4.88,92.9,15.14,560.29999999999995,90.3,2.48,5.08,OK,24.7
3783,2026-08-02T08:25:00.000,4.32,102.4,16.41,590.4,99.9,1.84,5.19,WARNING,27
3190,2026-08-02T08:27:00.000,4.93,96.2,14.69,575,88.4,1.97,5.24,OK,26.2
3616,2026-08-02T08:31:00.000,4.43,98.2,17.579999999999998,570.29999999999995,94.6,2.02,5.33,OK,31.3
2761,2026-08-02T08:33:00.000,3.99,97,14.44,510,91,1.88,5.4,OK,29.5
3210,2026-08-02T08:38:00.000,4.28,101.1,15.56,569.5,91.1,2.14,5.49,WARNING,36.700000000000003
3350,2026-08-02T08:45:00.000,4.1500000000000004,97.5,16.739999999999998,563.1,90.5,1.86,5.53,OK,35.1
3585,2026-08-02T08:52:00.000,5.17,96.5,13.96,596.6,91,2.8,5.64,OK,34.4
3397,2026-08-02T08:55:00.000,4.41,95.8,14.79,564.5,85.7,1.85,5.7,OK,28.7
3145,2026-08-02T09:01:00.000,3.74,94.7,15.11,549.20000000000005,86.9,1.85,5.72,OK,30.8
3276,2026-08-02T09:04:00.000,4.2300000000000004,96.7,14.95,541.6,90.4,1.73,5.83,OK,31.8
2835,2026-08-02T09:12:00.000,4.3499999999999996,95.5,14.47,543.6,89,1.84,5.92,OK,33.1
3281,2026-08-02T09:20:00.000,3.85,104.6,13.93,570.5,98.1,1.96,6.03,WARNING,39.1
3216,2026-08-02T09:22:00.000,4.6100000000000003,94,15.86,547.29999999999995,84,2.14,6.1,OK,33.6
2755,2026-08-02T09:29:00.000,3.98,89,13.64,511,83.6,1.58,6.16,OK,24.5
3048,2026-08-02T09:31:00.000,4.82,93,14.3,515.79999999999995,86.3,1.87,6.24,OK,28
3253,2026-08-02T09:36:00.000,4.74,90.3,13.43,547.4,85.7,1.68,6.32,OK,38.200000000000003
3815,2026-08-02T09:41:00.000,4.8899999999999997,95.6,18.87,589.79999999999995,89.8,2.72,6.43,OK,37.799999999999997
3351,2026-08-02T09:43:00.000,4.0599999999999996,94.3,14.19,553.20000000000005,88.2,2.33,6.54,OK,35.5
2991,2026-08-02T09:48:00.000,3.91,96.5,12.74,534.29999999999995,93.1,1.6,6.56,OK,25.8
2988,2026-08-02T09:54:00.000,4.21,90.5,14.54,533.9,80.900000000000006,1.89,6.62,OK,26.9
2812,2026-08-02T09:58:00.000,4.22,91.3,14.37,504.2,84.7,1.7,6.72,OK,36.5
2877,2026-08-02T10:04:00.000,4.8600000000000003,93.1,13.49,515.79999999999995,89.3,2.52,6.78,OK,34
3084,2026-08-02T10:12:00.000,4.51,97,13.55,555.29999999999995,92,1.71,6.86,OK,33.4
3049,2026-08-02T10:14:00.000,4.28,94.9,13.78,534.1,92,2.3199999999999998,6.95,OK,34.9
2730,2026-08-02T10:21:00.000,4.7300000000000004,95.1,13.45,498.9,85.4,1.5,7.03,OK,39.799999999999997
2349,2026-08-02T10:25:00.000,4.01,89.6,11.22,474.2,80.099999999999994,1.78,7.15,OK,26.8
2631,2026-08-02T10:27:00.000,4.37,88.8,13.84,492.5,81.599999999999994,1.77,7.2,OK,26
2386,2026-08-02T10:34:00.000,4.5999999999999996,91,11.14,471.6,85.3,1.92,7.25,OK,35.200000000000003
2226,2026-08-02T10:40:00.000,4.21,91,9.8800000000000008,476.1,83.9,1.32,7.37,OK,37.1
2836,2026-08-02T10:47:00.000,4.42,97,14.86,515.4,87,1.56,7.44,OK,35.4
2716,2026-08-02T10:55:00.000,4.45,90.8,12.4,512.70000000000005,85.7,1.42,7.54,OK,30.6
2245,2026-08-02T11:03:00.000,3.9,95.4,11.82,433.2,85.9,1.47,7.58,OK,35.9
2424,2026-08-02T11:05:00.000,4.05,94.7,12.48,477.2,85.2,1.95,7.65,OK,33.1
2616,2026-08-02T11:10:00.000,3.67,87.4,12.08,489.7,79.3,1.41,7.72,OK,23.3
2570,2026-08-02T11:12:00.000,3.87,95,13.06,493,91.2,1.41,7.79,OK,34.799999999999997
2605,2026-08-02T11:18:00.000,4.1399999999999997,93.5,12.24,485.3,87.4,1.51,7.82,OK,31.6
2155,2026-08-02T11:25:00.000,4.0199999999999996,96.5,10.42,437.1,90.7,1.59,7.87,OK,38.4
2517,2026-08-02T11:30:00.000,3.97,91.6,12.27,476.8,88.8,1.92,7.97,OK,34.299999999999997
2345,2026-08-02T11:34:00.000,4.83,94.3,13.29,466.4,88.3,1.26,8.02,OK,33.4
2602,2026-08-02T11:40:00.000,4.3899999999999997,97.9,12.89,505.2,93.3,1.56,8.1199999999999992,OK,41.6
2679,2026-08-02T11:43:00.000,4.32,90.5,13.71,513.79999999999995,83.1,1.97,8.1999999999999993,OK,36.299999999999997
3333,2026-08-02T11:46:00.000,4.03,99.1,15.24,553.29999999999995,94.5,2.02,8.2799999999999994,OK,28.5
2701,2026-08-02T11:54:00.000,4.21,92.5,12.49,508.4,84.4,1.53,8.3699999999999992,OK,33.799999999999997
2257,2026-08-02T12:02:00.000,4.12,94.2,11.71,457.2,91,2.04,8.41,OK,36.5
2169,2026-08-02T12:08:00.000,3.88,92.4,10.97,465.8,90.1,1.54,8.43,OK,37.5
1825,2026-08-02T12:16:00.000,3.69,88.7,9.49,434.4,80.2,1.84,8.5,OK,28.7
1804,2026-08-02T12:22:00.000,3.66,89.3,10.5,428.4,81,1.51,8.52,OK,37.700000000000003
2188,2026-08-02T12:30:00.000,3.69,91.1,11.55,463.4,81.400000000000006,2.19,8.5399999999999991,OK,36
2169,2026-08-02T12:33:00.000,3.48,91.5,10.53,420.9,82,1.53,8.6300000000000008,OK,27.1
2970,2026-08-02T12:41:00.000,5.1100000000000003,96.8,14.7,526.29999999999995,95.7,2.02,8.69,OK,24.7
1749,2026-08-02T12:44:00.000,3.36,86.6,9.61,423,85.1,1.75,8.81,OK,31.7
1683,2026-08-02T12:51:00.000,3.5,87.8,10.15,432.4,81.5,1.69,8.89,OK,30.9
2032,2026-08-02T12:54:00.000,3.93,90.6,10.02,453.9,85.9,1.45,8.99,OK,28
1739,2026-08-02T13:00:00.000,2.96,89.3,8.81,421.2,80.8,1.24,9.1,OK,28.3
2022,2026-08-02T13:07:00.000,4.3499999999999996,93.6,10.17,445.5,87.6,1.52,9.2100000000000009,OK,37.9
1692,2026-08-02T13:12:00.000,4.05,90.9,9.4499999999999993,403.8,85.8,1.05,9.26,OK,26.3
1729,2026-08-02T13:14:00.000,3.19,85,9.3800000000000008,428.4,79.599999999999994,1.48,9.36,OK,30.9
1951,2026-08-02T13:21:00.000,3.69,89.9,11.48,440.4,83.2,1.69,9.39,OK,35.1
1574,2026-08-02T13:28:00.000,3.91,89.5,8.2899999999999991,394.9,87.5,1.19,9.4499999999999993,OK,23.9
1618,2026-08-02T13:30:00.000,3.63,86.5,7.38,402.2,81.099999999999994,1.54,9.5399999999999991,OK,23.4
1902,2026-08-02T13:38:00.000,4.1399999999999997,87.8,10.15,429.1,79.2,1.93,9.6199999999999992,OK,33.200000000000003
1706,2026-08-02T13:43:00.000,4.22,86.8,9.92,412.3,79.8,1.26,9.69,OK,33.9
1438,2026-08-02T13:45:00.000,3.2,90.1,8.2200000000000006,397.9,87.1,1.33,9.74,OK,39.200000000000003
1467,2026-08-02T13:52:00.000,3.68,89.4,8.83,370.1,85.1,0.94,9.83,OK,39.799999999999997
1974,2026-08-02T13:57:00.000,3.33,96.3,9.7100000000000009,425.6,92.2,1.27,9.8800000000000008,OK,32.9
1692,2026-08-02T14:02:00.000,3.5,88.1,8.59,424.6,86.9,1.19,9.93,OK,28.2
1431,2026-08-02T14:04:00.000,3.55,86.6,9.02,369.9,80.599999999999994,1.1399999999999999,9.9700000000000006,OK,32.799999999999997
1836,2026-08-02T14:06:00.000,3.74,93.9,10.48,424.3,86.6,1.06,10,OK,34.700000000000003
1661,2026-08-02T14:14:00.000,3.35,87.8,9.84,409.5,82.6,1.59,10.09,OK,26.9
1958,2026-08-02T14:16:00.000,3.98,93.2,10.85,438.1,83.4,1.31,10.16,OK,34.700000000000003
1770,2026-08-02T14:20:00.000,3.15,93,10.07,422.6,84.2,1.07,10.210000000000001,OK,25.9
1845,2026-08-02T14:22:00.000,3.4,93.2,9.83,418.7,89,1.56,10.25,OK,29.4
1295,2026-08-02T14:28:00.000,3.78,90.7,8.66,399.7,83,0.98,10.31,OK,40.299999999999997
1080,2026-08-02T14:36:00.000,3.01,89.2,6.54,363.7,84.1,1.98,10.36,OK,34.799999999999997
1639,2026-08-02T14:44:00.000,3.7,90.8,10.36,406.4,85.7,1.73,10.43,OK,25.1
1621,2026-08-02T14:50:00.000,4.2,87.4,9.98,436.1,82.4,1.32,10.52,OK,34.799999999999997
1290,2026-08-02T14:54:00.000,3.46,83.7,6.68,355,78.3,1.57,10.57,OK,29.3
942,2026-08-02T15:00:00.000,3.67,89.5,7.53,348.6,85.9,0.96,10.69,OK,25.3
1394,2026-08-02T15:02:00.000,3.03,86.5,9.1199999999999992,380.4,79.5,1.06,10.76,OK,37.799999999999997
1404,2026-08-02T15:06:00.000,3.23,93.2,10.58,393.5,87.2,0.92,10.81,OK,29.4
800,2026-08-02T15:13:00.000,3.23,85.7,5.36,327.5,80.7,1.2,10.87,OK,40
1362,2026-08-02T15:16:00.000,3.12,86.8,7.08,416.5,82.8,1.23,10.96,OK,36.1
1616,2026-08-02T15:23:00.000,3.43,91.1,10.08,409.8,80.2,1.57,10.98,OK,31.9
800,2026-08-02T15:26:00.000,3.26,80,6.7,321.89999999999998,75.5,0.97,11.06,OK,25.9
1366,2026-08-02T15:31:00.000,3.47,94.1,7.07,372.8,89.2,1.81,11.15,OK,30.9
1624,2026-08-02T15:39:00.000,3.47,92.7,11.01,400.6,86.4,1.02,11.23,OK,27
1631,2026-08-02T15:41:00.000,2.93,93.8,8.89,416.7,91.3,1.1100000000000001,11.28,OK,35.299999999999997
800,2026-08-02T15:46:00.000,2.97,81,5.93,312.10000000000002,73.5,0.95,11.4,OK,29.5
1503,2026-08-02T15:49:00.000,3.02,91.9,9.4600000000000009,404.9,87.8,1.53,11.46,OK,32.200000000000003
1000,2026-08-02T15:55:00.000,3.2,90.4,9.0399999999999991,345,86.7,0.97,11.51,OK,36.299999999999997
947,2026-08-02T15:59:00.000,3.24,84.4,6.38,324.60000000000002,75.3,0.71,11.58,OK,23.2
1965,2026-08-02T16:07:00.000,3.75,91.6,10.92,411.1,87.9,1.38,11.69,OK,27.6
1152,2026-08-02T16:10:00.000,2.99,90,6.64,380.3,82.3,0.9,11.8,OK,37.6
931,2026-08-02T16:15:00.000,2.67,83.7,6.72,327.3,78.900000000000006,0.89,11.91,OK,34.5
1336,2026-08-02T16:21:00.000,3.94,88.7,9.74,372.1,83.1,1.46,12.01,OK,39.799999999999997
1637,2026-08-02T16:25:00.000,3.64,87.5,10.57,413.7,79.099999999999994,1.24,12.08,OK,28.1
1100,2026-08-02T16:32:00.000,3.25,82.8,6.95,336.9,78.7,1.37,12.11,OK,30.9
845,2026-08-02T16:38:00.000,3.15,86.4,7.28,352.9,81,0.86,12.21,OK,27.5
1057,2026-08-02T16:41:00.000,2.8,89.8,7.36,358.4,81.099999999999994,1.05,12.31,OK,33.299999999999997
1401,2026-08-02T16:47:00.000,3.92,90.6,8.33,402,87.7,0.91,12.4,OK,37.299999999999997
906,2026-08-02T16:53:00.000,2.91,91.1,5.07,353.9,85,1.57,12.45,OK,33.799999999999997
1392,2026-08-02T16:58:00.000,3.43,89.5,7.99,393.5,85.8,1.2,12.49,OK,34.1
958,2026-08-02T17:04:00.000,3.39,88.5,5.91,334,79,1.62,12.55,OK,41.1
800,2026-08-02T17:08:00.000,3.44,82.4,6.58,302.5,71.7,0.87,12.6,OK,25.2
1534,2026-08-02T17:11:00.000,3.54,90.2,8.14,409.9,79.5,1.82,12.67,OK,35.1
1118,2026-08-02T17:13:00.000,3.02,81.900000000000006,5.4,323,77.3,1.48,12.69,OK,38.799999999999997
1369,2026-08-02T17:19:00.000,3.63,93.5,8.6,365.8,81,0.87,12.8,OK,36.200000000000003
1106,2026-08-02T17:26:00.000,3.6,88.9,7.9,351.4,78.900000000000006,1.1100000000000001,12.9,OK,36.4
1014,2026-08-02T17:34:00.000,3.65,90.4,6.38,344.8,85.6,0.86,13,OK,36.5
1261,2026-08-02T17:37:00.000,3.55,92.6,5.83,355.6,83.7,1.1399999999999999,13.08,OK,40.799999999999997
951,2026-08-02T17:43:00.000,3.95,88.4,6.55,337.6,80.5,1.43,13.17,OK,33.5
1643,2026-08-02T17:49:00.000,3.69,88,8.49,400.5,86.4,1.53,13.23,OK,37.4
1002,2026-08-02T17:56:00.000,3.43,77.400000000000006,5.73,323.89999999999998,72.5,1.54,13.28,OK,29.7
1654,2026-08-02T18:01:00.000,4.03,92.6,9.1300000000000008,412.1,86.2,1.42,13.32,OK,23.3
1234,2026-08-02T18:04:00.000,3.97,86.1,7.47,327.60000000000002,85.2,1.29,13.36,OK,26.7
800,2026-08-02T18:08:00.000,3.67,82.5,5.6,331.7,75,0.76,13.47,OK,23.3
800,2026-08-02T18:10:00.000,3.14,84.2,6.58,347.5,82.1,1.1100000000000001,13.56,OK,29.4
1341,2026-08-02T18:16:00.000,3.73,87.2,8.2899999999999991,371,81.7,1.33,13.67,OK,33.799999999999997
800,2026-08-02T18:19:00.000,3.52,86.5,5.93,325.3,79.599999999999994,1,13.69,OK,36.200000000000003
800,2026-08-02T18:22:00.000,3.18,85.3,6.48,317.89999999999998,79.400000000000006,0.81,13.78,OK,32.200000000000003
1520,2026-08-02T18:28:00.000,3.27,87.6,8.74,398.1,82.1,1.65,13.85,OK,26.7
800,2026-08-02T18:30:00.000,2.8,86.2,5.46,336.3,81.599999999999994,1.35,13.89,OK,37.5
1364,2026-08-02T18:38:00.000,3.59,89.2,8.35,361.5,87.6,0.87,13.91,OK,27.8
977,2026-08-02T18:44:00.000,3.52,89.9,7.46,337.6,85.4,1.23,13.95,OK,39.4
1362,2026-08-02T18:46:00.000,3.31,87.7,8.07,363.1,83,1.65,14.04,OK,36.200000000000003
1223,2026-08-02T18:49:00.000,3.12,87.1,10.01,383.8,84.6,1.1100000000000001,14.1,OK,29.1
800,2026-08-02T18:57:00.000,3,82.9,6.27,319,77.8,0.78,14.18,OK,33.5
1048,2026-08-02T19:03:00.000,3.31,90,7.56,346.7,86.5,1.21,14.3,OK,39.4
1088,2026-08-02T19:06:00.000,3.53,92.9,7.49,368.7,88.5,0.87,14.36,OK,39.6
1332,2026-08-02T19:12:00.000,3.57,88.8,8.73,369.5,82.1,0.99,14.4,OK,26.8
1317,2026-08-02T19:18:00.000,3.44,88.3,8.64,363.6,83.2,1.17,14.42,OK,35.1
1137,2026-08-02T19:22:00.000,3.87,83.2,6.95,326.2,74.400000000000006,1.48,14.45,OK,26.7
843,2026-08-02T19:27:00.000,4.1399999999999997,84.8,6.68,344.7,80.7,1.47,14.49,OK,21.5
1427,2026-08-02T19:33:00.000,3.52,87.2,8.23,387.5,87.5,1.36,14.52,OK,33.6
1583,2026-08-02T19:40:00.000,4.17,87,8.5299999999999994,388.2,76.400000000000006,1.3,14.62,OK,23.8
1413,2026-08-02T19:46:00.000,3.22,91.5,8.2799999999999994,420.6,87.3,2.08,14.74,OK,37.6
1240,2026-08-02T19:49:00.000,3.82,85.1,7.66,370.6,82.7,1.4,14.85,OK,30.8
1208,2026-08-02T19:51:00.000,3.09,87.3,8.91,351,80.400000000000006,1.41,14.88,OK,30.9
1038,2026-08-02T19:54:00.000,3.19,83.7,6.39,370.2,77.900000000000006,1.47,14.93,OK,30.8
1467,2026-08-02T20:01:00.000,3.52,87.3,8.86,383,82.2,1.2,14.97,OK,30.8
1470,2026-08-02T20:06:00.000,2.88,85.9,8.86,378.2,82.6,1.21,15.04,OK,26.1
1718,2026-08-02T20:12:00.000,2.99,93.4,9.2799999999999994,415.7,85,1.1000000000000001,15.07,OK,35.1
1231,2026-08-02T20:15:00.000,3.1,87,8.84,370.1,83,1.31,15.18,OK,28.4
1514,2026-08-02T20:22:00.000,4.03,86.7,9.27,382.7,80,1.23,15.25,OK,30.9
1036,2026-08-02T20:24:00.000,3.22,84.7,5.68,369.9,78.5,0.95,15.28,OK,28.8
1402,2026-08-02T20:29:00.000,3.79,90,9.74,379.5,83.1,1.18,15.37,OK,29.2
1349,2026-08-02T20:34:00.000,2.91,85.2,10.36,365.9,78.8,1.94,15.43,OK,36.6
1941,2026-08-02T20:40:00.000,3.93,89.2,12.09,414.1,80.900000000000006,1.57,15.47,OK,34.5
2194,2026-08-02T20:45:00.000,4.1100000000000003,89,11.61,454.8,85.2,1.27,15.5,OK,31.7
1211,2026-08-02T20:47:00.000,3.03,89.5,6.75,335.4,83.7,1.43,15.6,OK,38.9
1967,2026-08-02T20:55:00.000,4.45,90.8,10.53,419.8,87.3,1.37,15.66,OK,31.1
1914,2026-08-02T20:58:00.000,3.33,90.7,9.0399999999999991,435.6,86.4,1.22,15.73,WARNING,34.6
1511,2026-08-02T21:03:00.000,3.48,87.3,9.7100000000000009,391.5,79.099999999999994,0.93,15.78,OK,27.3
1468,2026-08-02T21:10:00.000,4.41,86.4,9.14,388.2,78.7,1.1499999999999999,15.86,OK,37
1491,2026-08-02T21:14:00.000,3.25,84.6,10.72,382.4,81.8,1.1100000000000001,15.97,OK,25.6
1655,2026-08-02T21:22:00.000,3.39,91.2,10.050000000000001,396.9,82.9,1.44,16.04,OK,33.700000000000003
1689,2026-08-02T21:25:00.000,3.73,86.3,8.67,357.5,80.2,1.54,16.16,OK,34.200000000000003
1790,2026-08-02T21:27:00.000,3.26,87.7,10.99,415.7,80.400000000000006,1.42,16.27,OK,26.1
1694,2026-08-02T21:35:00.000,3.8,92.4,9.3699999999999992,384.8,88.1,1.33,16.350000000000001,OK,34.299999999999997
2183,2026-08-02T21:43:00.000,3.29,92.7,11.02,439,87,1.71,16.37,OK,34.200000000000003
2108,2026-08-02T21:45:00.000,3.91,88.1,11.17,449.3,81.400000000000006,1.97,16.43,OK,25.9
1899,2026-08-02T21:51:00.000,4.2300000000000004,94.2,9.73,440.3,91.6,1.79,16.46,OK,40.200000000000003
1800,2026-08-02T21:58:00.000,3.97,86.9,9.2899999999999991,423.1,78.599999999999994,1.66,16.489999999999998,OK,27.2
1821,2026-08-02T22:03:00.000,3.71,89.6,12.07,411.1,82.8,1.78,16.61,OK,29.6
2202,2026-08-02T22:09:00.000,3.83,91,12.32,452.1,81.599999999999994,1.42,16.63,OK,37.1
2098,2026-08-02T22:14:00.000,3.9,86.2,11.42,442.3,81.2,1.66,16.75,OK,26.7
2178,2026-08-02T22:22:00.000,3.8,93.9,11.19,459.8,87.4,1.81,16.850000000000001,OK,42.2
2439,2026-08-02T22:29:00.000,4.17,96.2,10.76,485.3,93.3,2.3199999999999998,16.91,OK,33.799999999999997
2149,2026-08-02T22:36:00.000,4.09,95.2,11.94,442.4,87.6,2.25,17,OK,35.299999999999997
2678,2026-08-02T22:39:00.000,4.24,94.3,12.42,495.2,86.9,1.95,17.04,OK,26.7
1527,2026-08-02T22:45:00.000,3.77,92.2,8.64,403,89.2,1.96,17.16,OK,38.700000000000003
1798,2026-08-02T22:51:00.000,3.87,91.9,10.61,431.2,88.1,1.06,17.27,OK,32.200000000000003
2922,2026-08-02T22:57:00.000,3.89,95.5,12.32,531.20000000000005,87.5,1.85,17.309999999999999,OK,36.6
2179,2026-08-02T23:03:00.000,3.16,86.2,11.01,451.4,77.2,1.56,17.350000000000001,WARNING,22.9
2451,2026-08-02T23:07:00.000,4.13,93.6,12.26,513.29999999999995,89.6,2.04,17.46,OK,33.5
2816,2026-08-02T23:11:00.000,4.08,98,14.01,542.4,93.5,1.58,17.53,OK,36.9
2527,2026-08-02T23:18:00.000,4.17,94.9,11.95,484.6,91.4,2.17,17.57,OK,30.5
2756,2026-08-02T23:26:00.000,4.8099999999999996,95.9,11.77,542.29999999999995,88.1,1.82,17.649999999999999,OK,36.6
2681,2026-08-02T23:32:00.000,4.08,96.4,13.07,520.1,92.3,1.54,17.75,WARNING,38.700000000000003
2839,2026-08-02T23:37:00.000,4.4400000000000004,90.4,12.65,538.29999999999995,86.1,2.4,17.86,OK,29.5
2697,2026-08-02T23:43:00.000,3.89,96.4,13.43,519,89.5,2.3199999999999998,17.96,OK,26.5
2809,2026-08-02T23:47:00.000,4.4400000000000004,94.6,14.32,505.8,84.2,1.88,17.989999999999998,OK,34
2378,2026-08-02T23:55:00.000,3.82,86.6,12,475.7,81.8,1.99,18.09,OK,29.5
2793,2026-08-02T23:59:00.000,4.63,92.3,12.17,505.2,83.3,2.02,18.14,OK,25.1
2624,2026-08-03T00:05:00.000,4.2300000000000004,91.5,12.9,507.7,85.9,2.0099999999999998,18.190000000000001,OK,23.1
2635,2026-08-03T00:11:00.000,4.12,94.4,12.92,478.1,83.1,1.49,18.28,OK,29.7
2105,2026-08-03T00:16:00.000,3.34,88.3,10.210000000000001,449.7,79.7,1.63,18.309999999999999,OK,20.8
2573,2026-08-03T00:23:00.000,3.68,91.6,13.71,496.7,87.7,1.96,18.350000000000001,OK,30.9
2700,2026-08-03T00:30:00.000,4.43,92.2,13.14,520,82,1.78,18.45,OK,30.6
3318,2026-08-03T00:37:00.000,4.97,95.4,15.3,577.6,91.3,1.67,18.489999999999998,OK,27
2702,2026-08-03T00:41:00.000,4.3099999999999996,92.5,12.99,497.6,84,1.51,18.600000000000001,OK,28.1
2925,2026-08-03T00:49:00.000,4.1900000000000004,101.1,15.31,527.70000000000005,93.4,2.1800000000000002,18.670000000000002,WARNING,37.1
3332,2026-08-03T00:55:00.000,4.57,97.4,16.559999999999999,557.6,96.3,2.2000000000000002,18.760000000000002,OK,38
2443,2026-08-03T01:03:00.000,4.05,89.2,11.76,471.9,82.6,1.74,18.87,OK,25.5
2767,2026-08-03T01:05:00.000,3.99,95.5,14.03,510.6,86.1,1.6,18.95,OK,26.3
3233,2026-08-03T01:11:00.000,4.01,98.8,14.78,574.79999999999995,92.6,2.67,19.03,OK,42.1
3813,2026-08-03T01:15:00.000,4.33,102.2,17.489999999999998,588.5,93.3,2.6,19.059999999999999,WARNING,36.200000000000003
2277,2026-08-03T01:23:00.000,3.72,93.1,10.84,444.2,90.5,2.02,19.100000000000001,OK,37.299999999999997
2953,2026-08-03T01:25:00.000,4.38,95.6,13.67,509.5,89.8,1.77,19.14,OK,27.2
3237,2026-08-03T01:27:00.000,4.0199999999999996,99,13.39,559.1,97.5,2.0299999999999998,19.21,OK,30.3
3333,2026-08-03T01:29:00.000,4.5,100.7,15.16,580.70000000000005,92.5,2.13,19.32,WARNING,33.6
3846,2026-08-03T01:34:00.000,4.5599999999999996,101.1,16.18,624,98.6,2.93,19.36,WARNING,32.9
2854,2026-08-03T01:42:00.000,3.75,90.5,12.3,500.1,83.8,2.3199999999999998,19.48,OK,36.200000000000003
3018,2026-08-03T01:48:00.000,4.2,91.9,14.17,545.4,89.5,2.13,19.55,WARNING,33.299999999999997
2550,2026-08-03T01:55:00.000,4.18,96.4,11.46,512.4,90,1.36,19.579999999999998,OK,41.5
3184,2026-08-03T01:57:00.000,4.3099999999999996,90.9,14.06,556.20000000000005,83.2,1.75,19.649999999999999,OK,26.1
3336,2026-08-03T02:02:00.000,5.09,96,16.920000000000002,558.70000000000005,92.2,1.75,19.760000000000002,OK,40.1
3907,2026-08-03T02:06:00.000,5.0599999999999996,103.5,16.29,627.4,96.8,2,19.88,WARNING,40.1
3789,2026-08-03T02:08:00.000,5.22,95.7,16.489999999999998,621.1,90.6,2.33,19.96,OK,26.6
3740,2026-08-03T02:15:00.000,5.9,96.1,15.65,601.6,90.7,3.29,20.03,WARNING,28.2
2981,2026-08-03T02:23:00.000,4.1900000000000004,92.9,15.2,531.5,91.8,1.61,20.100000000000001,OK,26.8
3389,2026-08-03T02:29:00.000,4.07,99.2,15.56,580.6,95.6,2.9,20.2,OK,28.6
3391,2026-08-03T02:31:00.000,4.28,101,16.39,574.79999999999995,98.4,2.0499999999999998,20.28,WARNING,35.5
3432,2026-08-03T02:35:00.000,4.59,102.3,15.9,575.79999999999995,97.6,2.02,20.39,WARNING,29.1
3267,2026-08-03T02:39:00.000,4.63,100.2,15.13,571.6,93.7,2.09,20.420000000000002,WARNING,38.4
3690,2026-08-03T02:41:00.000,4.7699999999999996,104.2,16.93,619.5,100.4,1.93,20.53,WARNING,39.9
3182,2026-08-03T02:47:00.000,4.3499999999999996,93.1,13.04,529,90.8,1.94,20.65,OK,27.4
3433,2026-08-03T02:55:00.000,4.8,93.6,14.49,570.5,84.7,1.71,20.76,OK,31.7
3837,2026-08-03T03:03:00.000,5.25,98.3,17.37,600.4,92.2,2.1800000000000002,20.82,OK,23.4
4092,2026-08-03T03:08:00.000,4.72,99.9,18.100000000000001,638.6,91.9,2.25,20.92,OK,33.200000000000003
5035,2026-08-03T03:10:00.000,4.05,99.3,13.21,564.79999999999995,93.9,2.25,21.03,OK,30.4
3549,2026-08-03T03:18:00.000,5.36,98.4,16.010000000000002,596.29999999999995,92.1,1.98,21.09,OK,38.9
3523,2026-08-03T03:22:00.000,4.28,97.2,15.59,581.6,90.5,2.35,21.12,OK,36.700000000000003
3797,2026-08-03T03:27:00.000,5.12,98.5,17.7,641.70000000000005,88.4,2.19,21.17,OK,33.9
3949,2026-08-03T03:33:00.000,4.82,101,17.55,602.5,97.5,1.91,21.19,WARNING,38.6
3266,2026-08-03T03:35:00.000,5.03,98.3,15.26,554.4,89.9,2.08,21.25,OK,39.4
3361,2026-08-03T03:39:00.000,4.49,95.7,14.6,569.70000000000005,87.5,2.35,21.28,OK,25.8
3417,2026-08-03T03:44:00.000,4.7300000000000004,98.9,15.16,562.1,91.1,2.57,21.3,OK,25.8
3562,2026-08-03T03:47:00.000,4.2699999999999996,93.4,15.21,560.79999999999995,89.3,2.4700000000000002,21.35,OK,26.2
3686,2026-08-03T03:52:00.000,4.51,99.4,16.420000000000002,617.1,92.1,2.0099999999999998,21.45,OK,27.5
3267,2026-08-03T03:56:00.000,4.58,100,14.93,589.1,92.4,1.72,21.56,OK,39.299999999999997
4050,2026-08-03T04:00:00.000,4.7300000000000004,99.3,18.3,625.20000000000005,92.6,2.82,21.68,OK,26.3
2760,2026-08-03T04:03:00.000,3.78,95.3,14.26,547,88.6,2.65,21.73,OK,32.1
2982,2026-08-03T04:06:00.000,5.15,91.7,13.88,491.8,83.9,1.98,21.78,OK,22.8
3611,2026-08-03T04:13:00.000,4.75,93.9,14.13,589.1,86.4,2,21.84,OK,29.6
3339,2026-08-03T04:20:00.000,4.97,96.3,16.41,549.4,91.1,1.82,21.94,OK,26.4
3196,2026-08-03T04:28:00.000,5.15,96.6,15.28,553.5,91.5,2.16,21.98,OK,38.700000000000003
3726,2026-08-03T04:31:00.000,4.58,100.6,15.78,608.29999999999995,93.8,1.85,22.08,WARNING,34.9
3670,2026-08-03T04:37:00.000,4.74,96.2,20.13,594.6,89.9,2.8,22.19,OK,27.3
3818,2026-08-03T04:41:00.000,4.8600000000000003,99.1,16.940000000000001,594.4,93.1,2.0499999999999998,22.3,OK,24.5
3013,2026-08-03T04:43:00.000,4.54,96.1,13.48,538.6,93.9,1.74,22.35,OK,24.7
3653,2026-08-03T04:49:00.000,5.12,99.6,15.9,599.29999999999995,94.6,2.11,22.42,OK,28.6
3643,2026-08-03T04:53:00.000,5.05,101.2,17.149999999999999,603.79999999999995,94.2,2.06,22.5,WARNING,32
3001,2026-08-03T05:01:00.000,4.62,96.7,13.46,514.5,90,2.8,22.54,OK,37.9
3359,2026-08-03T05:06:00.000,4.46,97.3,13.93,590.1,94.1,2.69,22.64,OK,24
3675,2026-08-03T05:14:00.000,4.75,98.5,17.5,589.20000000000005,86.7,1.87,22.75,OK,36.9
3796,2026-08-03T05:17:00.000,4.4000000000000004,97.2,16.77,614.20000000000005,94.7,1.9,22.79,OK,31.4
3264,2026-08-03T05:22:00.000,4.76,97.4,14.47,568.79999999999995,95.6,1.66,22.9,OK,35
2919,2026-08-03T05:29:00.000,5.09,100.3,14.53,542.20000000000005,97.7,1.71,22.94,WARNING,40.700000000000003
3828,2026-08-03T05:31:00.000,4.92,100.1,17.010000000000002,599.1,96.9,2.02,23,WARNING,38.6
3293,2026-08-03T05:39:00.000,4.99,100.1,14.74,537.79999999999995,93.4,1.84,23.03,WARNING,37.1
2604,2026-08-03T05:45:00.000,4.46,92.1,12.39,519.9,88.9,1.73,23.14,OK,36.6
4974,2026-08-03T05:50:00.000,4.3099999999999996,92.7,14.92,563.1,85.2,3.07,23.17,WARNING,37.700000000000003
3633,2026-08-03T05:52:00.000,4.43,97.4,17.23,619.6,92.6,1.78,23.2,OK,34.299999999999997
2794,2026-08-03T05:57:00.000,3.89,92.1,13.68,511.8,86.4,1.51,23.25,OK,23.6
3246,2026-08-03T06:04:00.000,4.5,101.7,16.46,578.29999999999995,92.3,2.4500000000000002,23.32,WARNING,43.5
3074,2026-08-03T06:08:00.000,4.62,95.4,13.03,526.79999999999995,89.4,2.65,23.38,OK,33.5
3158,2026-08-03T06:15:00.000,4.6399999999999997,100.1,13.73,560.6,94.7,1.62,23.44,WARNING,32.5
3000,2026-08-03T06:20:00.000,3.97,96.3,12.39,536.1,91.2,2.14,23.55,OK,31.4
3311,2026-08-03T06:27:00.000,5,95.2,14.7,566.5,90.6,2.08,23.65,OK,28.5
3038,2026-08-03T06:30:00.000,4.1900000000000004,96.5,15.64,539,89.3,1.83,23.76,OK,34.200000000000003
3326,2026-08-03T06:33:00.000,4.62,94.9,15.71,578.4,90.8,1.83,23.85,OK,35.6
2947,2026-08-03T06:37:00.000,4.1399999999999997,93.7,14.54,513.20000000000005,89.4,1.95,23.94,OK,28.9
3446,2026-08-03T06:44:00.000,4.2,98.6,15.86,573.1,89.9,2.86,24,OK,39.4
3038,2026-08-03T06:50:00.000,3.97,94.7,13.53,537.6,87.3,1.78,24.05,OK,27.1
2589,2026-08-03T06:53:00.000,4.3899999999999997,94,13.9,507.3,86.5,2.13,24.09,OK,37.299999999999997
2690,2026-08-03T06:58:00.000,4.18,95.5,12.43,514.9,85.8,1.7,24.13,OK,34.1
2561,2026-08-03T07:01:00.000,3.77,90.8,12.31,508.1,88.7,2.25,24.17,OK,38.299999999999997
2558,2026-08-03T07:08:00.000,3.9,95.2,14.17,520.29999999999995,91.1,2.13,24.22,OK,28.6
2460,2026-08-03T07:12:00.000,4.59,91.9,12.61,491.6,85.3,2.1800000000000002,24.33,OK,28.3
2515,2026-08-03T07:19:00.000,4.3899999999999997,96.2,13.09,495.8,91.5,1.69,24.38,OK,36.9
2868,2026-08-03T07:26:00.000,4.5,96.6,13.13,507.3,93.2,2.65,24.44,OK,29.5
3104,2026-08-03T07:32:00.000,5.15,98.4,13.12,524.9,91.8,1.9,24.48,OK,40.9
2346,2026-08-03T07:39:00.000,4.51,95.3,10.51,453.7,88.4,2.4300000000000002,24.58,OK,35
2512,2026-08-03T07:46:00.000,4.1100000000000003,93.8,11.73,473,91,1.35,24.68,OK,31.5
3049,2026-08-03T07:50:00.000,4.22,95,13.92,547.79999999999995,89.2,1.68,24.71,OK,27.1
2686,2026-08-03T07:55:00.000,5.12,93.1,12.89,482.1,92.5,1.97,24.76,OK,33.9
2115,2026-08-03T07:58:00.000,4.2699999999999996,94.7,11.11,474.6,91.6,1.58,24.83,OK,33.6
2700,2026-08-03T08:03:00.000,4,96.4,13.05,509.2,89.8,1.73,24.89,OK,40.700000000000003
2786,2026-08-03T08:06:00.000,3.74,99.6,13.85,503.8,94.4,1.55,24.94,OK,39.5
2741,2026-08-03T08:09:00.000,3.48,90.5,13.34,528,88.8,1.64,25,OK,28.9
3389,2026-08-03T08:11:00.000,4.16,95.1,16.260000000000002,588.70000000000005,92,1.69,25.04,OK,30.7
2311,2026-08-03T08:18:00.000,3.85,89.8,11.98,479,80.900000000000006,1.43,25.13,OK,33.6
2931,2026-08-03T08:26:00.000,4.8099999999999996,95.2,13.89,529.6,91.9,1.5,25.15,OK,22.1
2509,2026-08-03T08:30:00.000,4.42,95.8,11.68,500.1,87.8,1.75,25.18,OK,37
2652,2026-08-03T08:32:00.000,4.33,88.9,13.27,467.7,87.1,1.46,25.28,OK,28.3
2231,2026-08-03T08:39:00.000,4.18,90.2,10.16,448.2,85.1,1.44,25.32,OK,34
2194,2026-08-03T08:44:00.000,3.67,90.8,12.31,446.6,83.1,1.86,25.38,OK,39.799999999999997
1963,2026-08-03T08:49:00.000,3.3,95,11.28,414,93.6,1.57,25.43,OK,39
1857,2026-08-03T08:55:00.000,3.61,95.2,9.77,429.2,88.6,1.2,25.48,OK,40.1
2576,2026-08-03T09:02:00.000,4.49,93.4,12.16,497.8,87.8,1.67,25.56,OK,37
2123,2026-08-03T09:10:00.000,3.94,87.9,11.79,431.7,82.7,1.69,25.6,OK,38.799999999999997
3172,2026-08-03T09:13:00.000,4.76,92.6,14.55,542.79999999999995,88.5,1.6,25.72,OK,38.299999999999997
2085,2026-08-03T09:15:00.000,3.86,93.4,11.61,441.7,84.4,1.42,25.8,OK,27.8
2457,2026-08-03T09:21:00.000,3.59,96.1,13.05,467.6,90.8,2.5299999999999998,25.91,OK,32.6
2211,2026-08-03T09:29:00.000,3.99,97.1,10.56,474.4,91.7,1.32,26,OK,38
1522,2026-08-03T09:31:00.000,3.43,87.8,7.48,405.2,86.3,1.44,26.06,OK,29.6
1660,2026-08-03T09:39:00.000,4.07,84,9.2200000000000006,410.2,79.7,1.64,26.16,OK,31.5
1573,2026-08-03T09:47:00.000,3.04,87.9,9.81,395.5,81.400000000000006,1.57,26.18,OK,23
2586,2026-08-03T09:52:00.000,4.67,94.3,12.5,481.3,89.4,1.65,26.28,OK,40.5
2496,2026-08-03T09:58:00.000,3.63,96.5,13.16,485.3,87.9,1.86,26.31,OK,28.3
2687,2026-08-03T10:02:00.000,4.08,96.2,11.88,519.70000000000005,93.6,1.98,26.37,OK,34.4
1205,2026-08-03T10:08:00.000,2.87,86.6,6.07,366,79.8,0.81,26.45,OK,27.2
1474,2026-08-03T10:11:00.000,3.92,85.1,8.73,365.6,79.900000000000006,1.17,26.54,OK,22.4
2135,2026-08-03T10:16:00.000,3.48,94.2,10.039999999999999,456.9,90.1,1.54,26.59,OK,29.6
1626,2026-08-03T10:20:00.000,3.43,88.1,8.7799999999999994,400.2,83.7,2,26.65,OK,35.1
2109,2026-08-03T10:25:00.000,4.29,86.4,10.72,436.6,77.5,1.67,26.72,OK,26.5
1681,2026-08-03T10:28:00.000,3.45,91.1,10.33,410.1,79.8,1.31,26.84,OK,38
1617,2026-08-03T10:33:00.000,3.55,92.4,9.85,393.3,87.4,1.1299999999999999,26.91,OK,34.4
1145,2026-08-03T10:40:00.000,3.53,89.4,7.11,373.5,85.5,0.83,26.97,OK,25.1
1550,2026-08-03T10:44:00.000,3.73,85,9.9600000000000009,393.3,75.599999999999994,1.3,27.05,OK,32.6
1854,2026-08-03T10:50:00.000,3.77,95.1,11.9,446.6,92,1.1599999999999999,27.14,OK,39
1351,2026-08-03T10:56:00.000,3.24,89.6,8.25,357.5,80.8,1.59,27.23,OK,39.4
1694,2026-08-03T11:03:00.000,3.49,91.7,10.57,412.9,86.7,1.82,27.32,OK,32.9
1277,2026-08-03T11:09:00.000,3.6,84.8,9.8699999999999992,391.1,75.599999999999994,0.86,27.43,OK,35.1
1346,2026-08-03T11:13:00.000,3.35,88.6,8.8699999999999992,366.3,81.599999999999994,1.1000000000000001,27.46,OK,38.4
1344,2026-08-03T11:20:00.000,3.53,89.4,7.95,393,83.6,1.24,27.55,OK,31.7
1728,2026-08-03T11:26:00.000,2.98,91.3,10.039999999999999,416.6,82,1.03,27.65,OK,39
1840,2026-08-03T11:28:00.000,3.72,90.1,9.1199999999999992,439,82.2,1.18,27.75,OK,33.4
2158,2026-08-03T11:35:00.000,4.0999999999999996,91.7,10.46,446.2,89.9,1.45,27.84,OK,36
1763,2026-08-03T11:37:00.000,3.9,91.8,9.32,438.3,87.5,1.1200000000000001,27.92,OK,40.200000000000003
1594,2026-08-03T11:43:00.000,3.51,90.6,9.11,409.7,82.2,1.72,27.95,OK,38.200000000000003
2064,2026-08-03T11:50:00.000,4.01,87.4,10.99,424.7,78.2,1.33,28.04,OK,28.4
1516,2026-08-03T11:53:00.000,3.34,89,7.94,404.8,85.9,1.84,28.1,OK,39
1613,2026-08-03T11:57:00.000,4.1100000000000003,88.5,10.66,417.2,83.6,1.55,28.16,OK,23.9
1710,2026-08-03T12:04:00.000,3.53,90.3,9.39,430.6,83.4,1.24,28.19,OK,36.299999999999997
1415,2026-08-03T12:07:00.000,3.94,88.3,8.06,362.6,83.3,1.17,28.22,OK,27.5
1309,2026-08-03T12:14:00.000,3.39,88.7,9.52,376.1,85.3,0.97,28.34,OK,37.299999999999997
1254,2026-08-03T12:22:00.000,3.03,84.2,8.65,395.4,77.400000000000006,0.99,28.45,OK,24.5
1092,2026-08-03T12:27:00.000,3.22,88.2,7.69,357.9,82.6,1.6,28.5,OK,27.3
1100,2026-08-03T12:34:00.000,2.97,87,7.72,322.3,80.8,1.37,28.61,OK,26.2
1626,2026-08-03T12:37:00.000,3.51,90.3,9.27,412.8,84.5,0.98,28.66,OK,37.700000000000003
852,2026-08-03T12:40:00.000,2.82,86.2,6.49,342.7,80.900000000000006,0.76,28.71,OK,26.2
1267,2026-08-03T12:43:00.000,3.3,91.3,8.1300000000000008,393.6,85.6,0.87,28.75,OK,40.6
1193,2026-08-03T12:51:00.000,3.74,85.1,8.42,348.5,77.900000000000006,0.8,28.86,OK,29.3
800,2026-08-03T12:57:00.000,3.64,86.6,5.68,304.3,77.8,0.83,28.98,OK,34.799999999999997
1463,2026-08-03T13:05:00.000,3.28,91.4,9.09,408.4,86.7,1.7,29.1,OK,40.200000000000003
800,2026-08-03T13:10:00.000,3.38,88.7,5.75,325.7,79.5,0.81,29.21,OK,39.9
879,2026-08-03T13:15:00.000,3.69,90.1,7.9,333,81.5,0.73,29.32,OK,31.5
1097,2026-08-03T13:21:00.000,2.88,89.9,7.07,342.4,81.3,0.89,29.42,OK,37.9
1635,2026-08-03T13:23:00.000,3.01,90.4,8.85,408.9,84.6,1.49,29.48,OK,30.5
1283,2026-08-03T13:31:00.000,2.98,84,6.34,354.5,79,1,29.59,OK,28.4
1198,2026-08-03T13:33:00.000,3.29,94.5,7.27,346.7,88.5,2.21,29.64,OK,34.299999999999997
1551,2026-08-03T13:38:00.000,2.84,85.5,9.81,379.5,79.8,2.0299999999999998,29.72,OK,31.6
976,2026-08-03T13:45:00.000,3.66,85.9,8.27,328.6,76.099999999999994,1.1200000000000001,29.77,OK,35.9
1758,2026-08-03T13:52:00.000,2.93,87.3,7.98,386.3,80.099999999999994,1.38,29.82,OK,27.3
1226,2026-08-03T13:56:00.000,3.38,88.1,6.78,361.2,79.5,1.98,29.85,OK,38.1
1088,2026-08-03T14:02:00.000,3.43,86.6,7.77,333.7,84,0.88,29.94,OK,40.299999999999997
800,2026-08-03T14:05:00.000,3.44,81.400000000000006,5.94,313,72.5,1.47,30.05,OK,32
1369,2026-08-03T14:09:00.000,3.84,91,10.45,388.4,82.8,1.73,30.1,OK,32.1
1209,2026-08-03T14:17:00.000,3.96,87.4,8.27,371.1,80.599999999999994,1.41,30.14,OK,37.4
938,2026-08-03T14:19:00.000,3.43,80,7.82,304.10000000000002,75.8,1.1200000000000001,30.24,OK,28.6
835,2026-08-03T14:24:00.000,2.97,85,7.45,339.4,79.3,0.78,30.33,OK,32.4
1712,2026-08-03T14:26:00.000,3.73,89.5,9.49,435.9,81.099999999999994,1.72,30.38,OK,27.5
800,2026-08-03T14:34:00.000,3.34,80.900000000000006,5.63,323.8,68.900000000000006,1.31,30.48,OK,29.7
1124,2026-08-03T14:39:00.000,3.39,89.6,9.58,381.9,80.3,1.56,30.58,OK,36.700000000000003
1013,2026-08-03T14:45:00.000,3.08,89,6.54,353.1,85.9,1.04,30.7,OK,39
1241,2026-08-03T14:52:00.000,3.83,86.6,7.32,363.2,82.5,0.89,30.82,WARNING,37.200000000000003
800,2026-08-03T14:57:00.000,3.01,86.8,6.57,317,82.2,1.1399999999999999,30.86,OK,34.5
1236,2026-08-03T15:01:00.000,3.3,92.8,7.54,382.8,90,1.17,30.95,OK,37.200000000000003
1562,2026-08-03T15:05:00.000,3.27,89.8,8.1300000000000008,377.7,84.8,1.63,30.97,OK,35.299999999999997
800,2026-08-03T15:09:00.000,3.48,85.1,6.5,331.5,79,0.91,31.08,OK,35.299999999999997
800,2026-08-03T15:13:00.000,3.96,81.8,6.51,341.9,73.400000000000006,1.1299999999999999,31.16,OK,25.6
1209,2026-08-03T15:16:00.000,3.78,89.9,7.91,373.2,81,1,31.27,OK,24.5
969,2026-08-03T15:18:00.000,2.86,87.2,5.62,312.10000000000002,81.400000000000006,1.65,31.37,OK,37.9
1259,2026-08-03T15:24:00.000,3.14,85.8,6.68,359.5,75.7,1.01,31.45,OK,27.5
1287,2026-08-03T15:30:00.000,2.86,89.5,7.96,385.5,82.5,1.44,31.56,OK,30.5
1112,2026-08-03T15:36:00.000,3.42,88.4,8.48,349,81.599999999999994,1.25,31.67,OK,32.4
1658,2026-08-03T15:38:00.000,3.86,83.7,10.19,407.7,77,1.01,31.74,OK,23.6
1312,2026-08-03T15:46:00.000,3.18,90,8.1199999999999992,353.7,82.4,1.74,31.81,OK,38.799999999999997
800,2026-08-03T15:51:00.000,2.99,83,5.26,289.3,78,1.27,31.88,OK,26.9
1313,2026-08-03T15:57:00.000,2.73,92.7,8.9600000000000009,379.2,84.2,1.22,31.91,OK,39.799999999999997
1066,2026-08-03T16:05:00.000,3.29,84.4,8.98,312.5,80.400000000000006,1.0900000000000001,32,OK,34.299999999999997
1280,2026-08-03T16:11:00.000,3.14,91.3,8.74,392.2,83.9,1.17,32.11,OK,38.6
1509,2026-08-03T16:18:00.000,3.37,82.1,10.35,370.5,74.5,1.06,32.17,OK,25.7
1678,2026-08-03T16:21:00.000,4.42,91.5,10.11,415.4,84.4,1.42,32.22,OK,34
1155,2026-08-03T16:28:00.000,3.54,91.4,9.01,381.9,80.900000000000006,1.1299999999999999,32.29,OK,41.7
1433,2026-08-03T16:34:00.000,3.52,86.1,8.8699999999999992,381.1,79.400000000000006,1.18,32.35,OK,32.200000000000003
800,2026-08-03T16:40:00.000,3.21,87.9,5.0199999999999996,313.60000000000002,86.4,1.02,32.450000000000003,OK,33.200000000000003
1007,2026-08-03T16:45:00.000,3.09,87.2,7.18,333.5,80.3,1.07,32.57,OK,36.6
988,2026-08-03T16:51:00.000,3.67,79.099999999999994,7.46,334.8,69,1.73,32.65,OK,25
1563,2026-08-03T16:57:00.000,3.46,91.4,7.96,386.4,81.900000000000006,1.34,32.74,OK,39.1
1822,2026-08-03T16:59:00.000,3.38,86.5,7.86,413.7,82.9,1.37,32.76,OK,26
2351,2026-08-03T17:02:00.000,4.57,94.1,11.85,475.3,89,1.81,32.79,OK,29.7
1555,2026-08-03T17:04:00.000,3.26,92.5,9.17,394.5,88.2,1.1299999999999999,32.86,OK,33.6
1666,2026-08-03T17:12:00.000,4.38,86.5,9.36,371.4,81.599999999999994,1.2,32.96,OK,24.7
800,2026-08-03T17:18:00.000,3.52,81,7.6,320.60000000000002,75.400000000000006,1.02,33.06,OK,25
800,2026-08-03T17:21:00.000,3.42,83.2,7.18,327.7,75.599999999999994,1.25,33.15,OK,23
1028,2026-08-03T17:28:00.000,2.91,89.8,8.1999999999999993,335.2,79.3,0.98,33.26,OK,37.799999999999997
914,2026-08-03T17:33:00.000,3.77,82.5,7.66,333.6,77.900000000000006,1.2,33.299999999999997,WARNING,24.1
1553,2026-08-03T17:35:00.000,4.41,88.6,8.65,387.3,79.7,1.06,33.340000000000003,OK,26.5
2004,2026-08-03T17:40:00.000,3.44,93.4,10.27,415.9,83.9,1.47,33.409999999999997,OK,33.299999999999997
1423,2026-08-03T17:46:00.000,3.45,91,7.85,378,84.9,1.82,33.47,OK,31.7
1212,2026-08-03T17:52:00.000,3.06,88,8.43,336.5,83,1.63,33.53,OK,31.1
1572,2026-08-03T17:55:00.000,3.51,83.8,7.45,392.6,74.099999999999994,1.38,33.6,OK,29
1238,2026-08-03T18:02:00.000,3.32,88.8,7.59,377.7,84.7,1.05,33.65,OK,40.4
1324,2026-08-03T18:07:00.000,3.92,85.7,7.93,412.6,82.2,1.17,33.69,OK,25.8
1470,2026-08-03T18:13:00.000,3,106.1,8.31,411.9,88.4,1.29,33.78,OK,42.7
1700,2026-08-03T18:18:00.000,3.98,82,9.51,416.9,83.6,1.81,33.85,OK,27.8
1006,2026-08-03T18:23:00.000,3.55,84.6,6.28,313.60000000000002,77.900000000000006,0.88,33.96,OK,32.700000000000003
905,2026-08-03T18:26:00.000,2.88,87.5,7.69,339.4,86.4,1.1399999999999999,34.07,OK,39.9
1341,2026-08-03T18:29:00.000,3.45,89.7,9.09,384.3,87.7,1.1200000000000001,34.119999999999997,OK,34.9
1851,2026-08-03T18:35:00.000,3.49,95.1,10.75,423,94,1.24,34.17,OK,29.1
1253,2026-08-03T18:41:00.000,3.41,91.9,8.65,350.2,83.6,1.63,34.270000000000003,OK,43.1
2365,2026-08-03T18:46:00.000,4.68,91.9,14.05,479.1,86.7,1.42,34.340000000000003,OK,40
2049,2026-08-03T18:53:00.000,3.57,88.6,10.84,411.8,83,1.28,34.380000000000003,OK,30.5
2013,2026-08-03T18:55:00.000,3.95,89.3,10.51,432.1,80.400000000000006,1.4,34.46,OK,32.6
2106,2026-08-03T19:01:00.000,3.57,90.5,12.71,455.3,83.5,1.27,34.56,OK,32.9
1985,2026-08-03T19:06:00.000,4.05,92.1,10.14,443.5,82,1.1499999999999999,34.67,OK,35.4
2041,2026-08-03T19:13:00.000,4,86.9,10.119999999999999,440.5,82.1,1.74,34.71,OK,24.9
2328,2026-08-03T19:21:00.000,4.21,92.4,12.34,466.8,87.8,1.34,34.82,OK,34.9
2272,2026-08-03T19:29:00.000,3.8,90.5,11.57,451.1,87,1.96,34.93,OK,27.9
2056,2026-08-03T19:34:00.000,3.45,91.9,12.5,437.1,84.4,1.62,34.979999999999997,OK,32.200000000000003
2654,2026-08-03T19:38:00.000,3.64,92.9,13.13,459.8,87.3,2.0499999999999998,35.06,OK,33
2037,2026-08-03T19:45:00.000,3.88,87.4,10.34,419.8,78.099999999999994,1.48,35.15,OK,25.3
1881,2026-08-03T19:53:00.000,3.94,90.6,10.9,438.9,80.400000000000006,1.51,35.18,OK,40.299999999999997
1551,2026-08-03T19:57:00.000,3.7,90,7.86,395.4,86.8,0.99,35.25,OK,32.700000000000003
1847,2026-08-03T20:04:00.000,4.0199999999999996,87.9,9.5299999999999994,438.3,78.900000000000006,1.36,35.369999999999997,OK,30.2
2550,2026-08-03T20:06:00.000,3.94,93.1,13.22,485.2,86.6,1.47,35.409999999999997,OK,24.4
2147,2026-08-03T20:09:00.000,3.85,93.2,10.11,485.1,86.2,1.41,35.46,OK,35.200000000000003
2357,2026-08-03T20:11:00.000,3.21,91.3,11.45,468.4,85.5,1.88,35.53,OK,38.6
2248,2026-08-03T20:13:00.000,3.9,93.5,12.25,483.8,84.8,1.92,35.6,OK,26.1
1828,2026-08-03T20:19:00.000,4.33,90.8,11.01,435.9,85.5,1.75,35.659999999999997,OK,34.1
2179,2026-08-03T20:24:00.000,4,90.6,11.91,461.4,86.4,1.21,35.68,OK,34.5
2017,2026-08-03T20:32:00.000,4.47,97.5,8.32,469.3,92.9,1.4,35.729999999999997,OK,40.1
2187,2026-08-03T20:39:00.000,4.0999999999999996,89.8,11.51,473,80.8,1.36,35.82,OK,25
2058,2026-08-03T20:41:00.000,4.2,91.2,11.84,440.9,86.5,1.28,35.869999999999997,OK,29.1
2567,2026-08-03T20:48:00.000,4.41,91.5,14.31,487.7,84.1,1.97,35.94,OK,24.4
2712,2026-08-03T20:51:00.000,4.4800000000000004,97.3,11.96,518.1,91.6,1.74,36.03,OK,30.8
2470,2026-08-03T20:56:00.000,4.16,96.9,11.01,513.4,90.7,1.32,36.049999999999997,OK,30.2
1790,2026-08-03T21:03:00.000,3.99,91.3,10.039999999999999,428.4,82.3,1.19,36.159999999999997,OK,35.200000000000003
2042,2026-08-03T21:09:00.000,3.66,92,9.43,467.4,88.7,1.44,36.18,OK,35.4
2771,2026-08-03T21:13:00.000,4.68,98.5,13.03,523.79999999999995,95.4,1.47,36.25,OK,39.6
2309,2026-08-03T21:15:00.000,4.5599999999999996,89.9,12.03,454.6,84.9,1.25,36.28,OK,27.6
2338,2026-08-03T21:22:00.000,4.13,94.3,12.57,452.4,91.2,1.52,36.39,OK,37.5
2654,2026-08-03T21:27:00.000,4.0599999999999996,93.4,13.26,510.2,86.6,1.56,36.42,OK,37.299999999999997
2382,2026-08-03T21:35:00.000,3.56,97.8,12.73,474.2,92.6,1.66,36.53,OK,34.1
1943,2026-08-03T21:39:00.000,3.88,94.9,11.14,449.8,89.7,2.1,36.58,OK,38.4
2389,2026-08-03T21:47:00.000,3.99,96.4,12.1,484,89.8,1.36,36.65,OK,29.8
2598,2026-08-03T21:54:00.000,3.95,91,12.9,485.5,81.900000000000006,1.78,36.69,OK,27.1
2572,2026-08-03T22:00:00.000,3.78,94.7,13.98,481,86,1.6,36.78,OK,28.4
3038,2026-08-03T22:03:00.000,4.03,95.4,14.8,530.70000000000005,87.7,2.19,36.82,OK,27.6
2849,2026-08-03T22:10:00.000,4.29,96.9,14.21,506.8,89.5,1.83,36.85,OK,38.299999999999997
2850,2026-08-03T22:16:00.000,4.41,100.1,13.68,513.4,93.9,1.67,36.97,WARNING,37.6
3274,2026-08-03T22:19:00.000,4.74,93.4,13.78,518.1,84.4,2.09,37.03,OK,29
2348,2026-08-03T22:22:00.000,5.14,92,11.54,437.2,85.4,2.2599999999999998,37.11,OK,36.5
3466,2026-08-03T22:25:00.000,4.92,94.9,15.93,577.79999999999995,92.6,1.94,37.159999999999997,OK,27.8
3520,2026-08-03T22:31:00.000,5.09,94,16.95,609.6,90.2,1.88,37.229999999999997,OK,32.200000000000003
2925,2026-08-03T22:33:00.000,4.38,90.2,15.24,524,87.8,1.82,37.29,OK,33.200000000000003
2850,2026-08-03T22:37:00.000,3.8,95.7,13.25,524.5,89.2,1.84,37.39,OK,38.299999999999997
3480,2026-08-03T22:42:00.000,4.4800000000000004,98.9,16.7,600.20000000000005,89.7,2.37,37.47,OK,30.5
2940,2026-08-03T22:44:00.000,4.96,95.7,12.97,532.20000000000005,89.1,2.29,37.57,OK,37.1
3177,2026-08-03T22:46:00.000,4.21,93.4,14.92,549.9,87.7,2.2000000000000002,37.61,OK,29.6
3172,2026-08-03T22:51:00.000,4.4800000000000004,97.8,15.52,532.79999999999995,93.7,1.83,37.659999999999997,OK,27.2
3266,2026-08-03T22:56:00.000,4.58,93,16.760000000000002,554.79999999999995,88.8,1.82,37.770000000000003,OK,29.8
2729,2026-08-03T23:04:00.000,4.8,91,12.16,495.1,84.1,1.85,37.83,OK,38.299999999999997
3287,2026-08-03T23:08:00.000,4.78,91.6,14.06,553.1,83.9,2.4,37.9,OK,27.6
2843,2026-08-03T23:15:00.000,4.45,100.2,15.04,519.4,95.2,2.21,37.96,WARNING,39.1
2960,2026-08-03T23:23:00.000,4.3,95,15.37,522.79999999999995,92.4,2.1,38.020000000000003,OK,33.9
3512,2026-08-03T23:25:00.000,3.83,102.1,15.99,586.9,96.7,1.9,38.119999999999997,WARNING,37.5
3028,2026-08-03T23:29:00.000,4.22,99.5,14.55,545.20000000000005,94,1.73,38.17,OK,36.200000000000003
2997,2026-08-03T23:31:00.000,4.42,90.3,13.65,512.70000000000005,79.5,1.82,38.24,OK,31.5
3307,2026-08-03T23:38:00.000,4.63,94.9,14.94,557.4,88.6,1.86,38.35,OK,24.7
3722,2026-08-03T23:45:00.000,4.51,101.9,15,607.1,99,2.0299999999999998,38.39,WARNING,38.299999999999997
4106,2026-08-03T23:50:00.000,4.54,96.3,17.899999999999999,637.70000000000005,93.6,2.2799999999999998,38.44,OK,27.6
3678,2026-08-03T23:58:00.000,5.07,93.5,16.5,610.4,87,1.86,38.5,OK,26
3686,2026-08-04T00:01:00.000,4.63,99.6,18.27,618,93.1,1.98,38.61,OK,32.4
3295,2026-08-04T00:05:00.000,4.57,93.1,16.39,574.20000000000005,91.3,2.39,38.71,OK,30.2
4210,2026-08-04T00:09:00.000,4.42,103.4,18.73,650,101.1,2.25,38.770000000000003,WARNING,40.5
3395,2026-08-04T00:12:00.000,4.49,99.4,14.54,617.9,93.8,1.85,38.869999999999997,OK,34.299999999999997
3323,2026-08-04T00:19:00.000,4.8,97.7,14.7,569.20000000000005,91.2,2.57,38.9,OK,27.2
3479,2026-08-04T00:21:00.000,4.75,98.1,15.48,566.20000000000005,96.2,1.87,38.96,OK,26.7
3446,2026-08-04T00:29:00.000,4.45,99.9,16.489999999999998,608.29999999999995,93.6,1.78,39.049999999999997,OK,30.1
2902,2026-08-04T00:32:00.000,4.1500000000000004,93.6,12.17,525.6,88.6,1.91,39.11,OK,37.200000000000003
3125,2026-08-04T00:39:00.000,4.3600000000000003,98.4,14.26,575.4,89.5,1.65,39.229999999999997,OK,25.4
3508,2026-08-04T00:42:00.000,4.8099999999999996,95.5,15.73,578,88.7,2.29,39.33,OK,29.1
3104,2026-08-04T00:48:00.000,4.58,94,13.04,565.70000000000005,92.1,2.64,39.42,OK,35.9
3612,2026-08-04T00:50:00.000,4.87,101.8,17,635.1,94.2,1.88,39.53,WARNING,36.700000000000003
3403,2026-08-04T00:53:00.000,4.8600000000000003,99.6,13.34,555.20000000000005,95.9,2.0699999999999998,39.57,OK,36
3721,2026-08-04T01:00:00.000,4.8499999999999996,95,16.329999999999998,586,94.1,2.2400000000000002,39.65,OK,35.200000000000003
3353,2026-08-04T01:07:00.000,5.17,97.4,15.2,580.70000000000005,93.8,1.88,39.71,OK,25.7
3567,2026-08-04T01:10:00.000,4.91,99.2,17.28,605.5,89,2.68,39.79,OK,34.799999999999997
2765,2026-08-04T01:18:00.000,3.97,96.4,13.81,516.79999999999995,88.1,2.09,39.9,OK,40.299999999999997
2837,2026-08-04T01:24:00.000,4.43,91.7,11.8,517.5,82.4,1.93,40,OK,25.5
3119,2026-08-04T01:30:00.000,4.5999999999999996,98.7,13.59,538.29999999999995,96,1.98,40.04,OK,30.7
3508,2026-08-04T01:36:00.000,4.8899999999999997,101.4,14.4,607.20000000000005,100,2.4,40.090000000000003,WARNING,31.7
3124,2026-08-04T01:41:00.000,4.3,95.8,14.34,564.9,87.7,2.1,40.159999999999997,OK,25.5
3649,2026-08-04T01:45:00.000,4.09,94.3,15.58,601.70000000000005,84.2,2.0099999999999998,40.28,OK,29.2
3527,2026-08-04T01:51:00.000,5.23,92.8,15.65,557.9,86.5,1.78,40.299999999999997,OK,25.2
3227,2026-08-04T01:53:00.000,4.4800000000000004,94.8,13.8,557.6,88.2,1.63,40.409999999999997,OK,34.299999999999997
3461,2026-08-04T01:58:00.000,3.87,100.3,14.97,581.1,94.9,1.84,40.49,WARNING,34.299999999999997
3222,2026-08-04T02:02:00.000,4.41,95.3,15.45,553.4,88.8,1.76,40.51,OK,31.6
3481,2026-08-04T02:07:00.000,4.8899999999999997,98.4,16.36,558.4,96.5,2.58,40.61,OK,29.8
3185,2026-08-04T02:13:00.000,4.0999999999999996,96.2,13.78,544.1,87.4,1.74,40.700000000000003,OK,38.6
3495,2026-08-04T02:16:00.000,4.2300000000000004,102.2,13.58,591.20000000000005,97.6,1.8,40.81,WARNING,37.1
3824,2026-08-04T02:19:00.000,4.76,97.7,17.89,614.29999999999995,89.5,2.41,40.93,OK,38.700000000000003
2906,2026-08-04T02:26:00.000,4.38,93.3,13.63,522.29999999999995,87.1,1.55,41.03,OK,28.1
3086,2026-08-04T02:31:00.000,4.22,95.6,13.73,534.4,91.1,2.0299999999999998,41.1,OK,34.200000000000003
3090,2026-08-04T02:35:00.000,4.3,95.2,13.28,544.6,93.1,1.83,41.15,OK,23.6
3416,2026-08-04T02:39:00.000,4.88,98.8,15.18,562.79999999999995,86.9,2.13,41.23,OK,35.200000000000003
3589,2026-08-04T02:41:00.000,4.66,102.8,15.92,604.70000000000005,95.1,1.87,41.29,WARNING,37.200000000000003
2674,2026-08-04T02:47:00.000,3.65,96.1,13.48,514.20000000000005,89.6,1.62,41.34,OK,28.3
3205,2026-08-04T02:50:00.000,4.8899999999999997,97.7,16.75,544.29999999999995,92,1.99,41.43,OK,45.3
3265,2026-08-04T02:54:00.000,4.46,96.2,14.37,572.9,87.5,2.27,41.52,OK,30.6
3550,2026-08-04T02:56:00.000,4.37,97.5,17.09,575.79999999999995,93,1.85,41.57,OK,31.2
2912,2026-08-04T03:01:00.000,4.29,92.4,13.22,525.70000000000005,86.8,1.72,41.63,OK,27.8
3465,2026-08-04T03:08:00.000,4.2300000000000004,91.6,15.21,583.6,87.2,2.13,41.69,OK,24.6
3296,2026-08-04T03:10:00.000,4.5599999999999996,95.3,13.34,560.5,89.6,1.69,41.76,OK,27
3797,2026-08-04T03:13:00.000,4.9800000000000004,102.1,15.29,607.79999999999995,95.9,1.93,41.81,WARNING,36.6
3926,2026-08-04T03:20:00.000,4.6900000000000004,99.9,15.52,624.4,92.9,2.44,41.84,OK,32.299999999999997
3419,2026-08-04T03:26:00.000,4.4800000000000004,98.9,16.579999999999998,588.1,95.6,1.78,41.93,OK,36
3030,2026-08-04T03:33:00.000,4.1399999999999997,100.6,14.6,550.29999999999995,98.5,1.77,42.04,WARNING,38.4
3273,2026-08-04T03:35:00.000,4.83,92.3,16.39,548,84.9,1.66,42.07,OK,24.1
3285,2026-08-04T03:40:00.000,4.4800000000000004,93.5,13.78,551.6,88,2.06,42.14,OK,28
3245,2026-08-04T03:42:00.000,4.3099999999999996,96.6,14.64,558,90.9,1.71,42.19,OK,37.6
3187,2026-08-04T03:47:00.000,4.53,96.7,14.34,566.4,89.8,2.14,42.28,OK,23.9
3205,2026-08-04T03:49:00.000,4.3899999999999997,97,14.64,560.6,92.6,2.11,42.39,OK,26.4
3363,2026-08-04T03:52:00.000,4.53,97.2,14.08,566.9,93.2,2.06,42.5,OK,30.7
3742,2026-08-04T03:56:00.000,4.46,103.8,17.41,608,101.6,2.4500000000000002,42.54,WARNING,38.6
2317,2026-08-04T04:04:00.000,4.24,90.2,10.6,445.8,83.4,1.33,42.65,OK,33.4
3381,2026-08-04T04:10:00.000,4.45,96.9,14.91,604.79999999999995,93.3,1.89,42.72,OK,36.299999999999997
2952,2026-08-04T04:15:00.000,4.22,97.5,15.06,528.6,93.9,2,42.84,OK,38.5
2601,2026-08-04T04:18:00.000,4.22,93.2,12.79,485.8,85.2,2.25,42.93,OK,33
2380,2026-08-04T04:23:00.000,4.68,96.1,12.69,499.6,88.6,1.47,43,OK,38.1
2934,2026-08-04T04:27:00.000,4.5999999999999996,97.9,13.68,525.5,93.5,1.76,43.06,OK,26.7
2814,2026-08-04T04:32:00.000,4.04,94.1,14.3,520.6,84.6,1.6,43.17,OK,31.6
2398,2026-08-04T04:36:00.000,3.58,95,12.31,478,91.4,1.47,43.21,OK,37.700000000000003
2738,2026-08-04T04:40:00.000,4.34,95.1,11.21,506.4,87.4,1.72,43.32,OK,26.6
3085,2026-08-04T04:45:00.000,4.21,96.1,12.9,550.9,85.3,1.75,43.41,OK,26.3
3238,2026-08-04T04:48:00.000,4.3899999999999997,100.7,13.95,569.20000000000005,88.8,1.82,43.47,WARNING,31.9
2712,2026-08-04T04:50:00.000,4.12,97.3,12.93,496.5,92,2.12,43.58,OK,41.1
2683,2026-08-04T04:57:00.000,4.17,92.9,12.02,499,86.9,1.97,43.65,OK,27.8
2829,2026-08-04T05:04:00.000,4.21,94.4,14.47,527.9,86.7,1.78,43.68,OK,41.3
2991,2026-08-04T05:07:00.000,4.1900000000000004,97.1,14.47,543.5,89.7,2.0099999999999998,43.8,OK,36.299999999999997
2619,2026-08-04T05:14:00.000,3.44,91.1,12.54,491.5,84.1,1.54,43.9,OK,31.4
2648,2026-08-04T05:17:00.000,4.29,89.5,12.91,480.6,81.7,1.43,43.94,OK,24.8
2357,2026-08-04T05:20:00.000,4.22,93.9,13.1,493.9,86.2,1.46,43.98,OK,34.1
2412,2026-08-04T05:28:00.000,3.73,91.5,10.57,487,86.2,1.57,44.04,OK,30.8
2216,2026-08-04T05:33:00.000,4.24,87.3,12.08,491.6,79.099999999999994,1.68,44.15,OK,38.299999999999997
2047,2026-08-04T05:40:00.000,3.9,96.7,10.97,451.7,95.4,1.44,44.2,OK,31.5
1958,2026-08-04T05:42:00.000,3.86,88.7,12.9,440.5,79.5,1.17,44.22,OK,38.799999999999997
2048,2026-08-04T05:44:00.000,3.93,88.9,11.7,444.4,82.1,1.56,44.33,OK,26
1994,2026-08-04T05:48:00.000,4.09,89.6,10.84,414,79.5,1.39,44.38,OK,39.1
2394,2026-08-04T05:50:00.000,4.24,91.9,11.77,479.5,86.5,1.33,44.43,OK,32.1
2417,2026-08-04T05:53:00.000,3.51,91.6,12.58,449.2,81.599999999999994,1.61,44.48,OK,32.299999999999997
2083,2026-08-04T05:58:00.000,4.32,91.5,9.99,434.7,85.3,1.96,44.55,OK,40.200000000000003
1906,2026-08-04T06:00:00.000,3.96,91,8.61,434.5,83.3,1.46,44.64,OK,35.6
2923,2026-08-04T06:08:00.000,3.99,94.4,13.88,525.9,90.8,1.64,44.74,OK,40.6
1986,2026-08-04T06:12:00.000,3.15,94.1,10.79,398.6,86.9,1.77,44.79,OK,40.1
1902,2026-08-04T06:14:00.000,3.33,92.1,8.98,434.3,85.6,1.56,44.83,OK,34.700000000000003
1530,2026-08-04T06:19:00.000,3.99,89,7.21,376,87.7,1.2,44.86,OK,32.4
2231,2026-08-04T06:22:00.000,3.91,91.9,11.82,470.7,88.2,1.59,44.96,OK,26.7
2657,2026-08-04T06:24:00.000,4.4400000000000004,95.8,13.47,503.1,86.8,2.2999999999999998,45.01,OK,30.1
1926,2026-08-04T06:29:00.000,4.53,86.4,9.57,443.4,79.3,1.22,45.07,OK,29.9
1840,2026-08-04T06:33:00.000,3.27,95.8,8.65,406.9,87.5,1.65,45.11,OK,38.700000000000003
2029,2026-08-04T06:36:00.000,3.37,96.1,11.73,420.7,95.6,1.33,45.23,OK,36.1
2011,2026-08-04T06:44:00.000,3.79,94.2,11.41,460.5,90.1,1.17,45.27,OK,36.799999999999997
1001,2026-08-04T06:51:00.000,3.37,86.9,7.16,362.1,87.7,0.99,45.32,OK,37.200000000000003
2072,2026-08-04T06:55:00.000,4.0599999999999996,98,13.09,492.8,92.4,1.76,45.39,OK,38.1
2473,2026-08-04T07:01:00.000,3.75,93.7,12.54,489.5,89.5,1.95,45.46,OK,23.9
1808,2026-08-04T07:08:00.000,3.5,88.1,9.8000000000000007,421.2,86,1.58,45.55,OK,39.700000000000003
1722,2026-08-04T07:12:00.000,4.1500000000000004,89.4,8.86,416,87.3,1.82,45.63,OK,35.200000000000003
2011,2026-08-04T07:16:00.000,3.93,94.4,10.26,455.5,87.6,1.61,45.7,OK,40.200000000000003
1942,2026-08-04T07:24:00.000,3.91,89.5,9.0299999999999994,431.7,80.7,1.1000000000000001,45.8,OK,40.700000000000003
1738,2026-08-04T07:26:00.000,3.49,92.7,8.94,388.8,85.9,1.62,45.9,OK,33.299999999999997
1922,2026-08-04T07:28:00.000,4.2300000000000004,90.9,11.8,425.3,90.5,1.24,45.98,OK,35.6
1912,2026-08-04T07:32:00.000,4.1500000000000004,89.6,10.38,421.8,87.8,1.39,46.05,OK,38.799999999999997
1188,2026-08-04T07:37:00.000,3.38,85.7,8.2200000000000006,349.4,82.4,1.45,46.12,OK,27.6
1171,2026-08-04T07:45:00.000,2.8,85.2,5.98,367.3,78.599999999999994,0.9,46.16,OK,29.7
1095,2026-08-04T07:51:00.000,3.7,81.5,9.01,370.6,77.099999999999994,1.53,46.21,OK,28.1
993,2026-08-04T07:53:00.000,3.46,85.2,7.66,338.6,80.900000000000006,0.78,46.29,OK,27.7
1781,2026-08-04T07:56:00.000,3.73,89.7,9.4700000000000006,400.4,85.9,1.23,46.32,OK,35.6
1758,2026-08-04T08:01:00.000,4.09,90.1,11.18,410.8,80.400000000000006,1.54,46.41,OK,32.4
1607,2026-08-04T08:09:00.000,3.79,86.2,7.56,379.7,78.400000000000006,1.1399999999999999,46.44,OK,31.4
2008,2026-08-04T08:11:00.000,3.73,90.5,12.79,437.4,85.3,1.38,46.52,OK,28.9
1296,2026-08-04T08:19:00.000,3.73,92.7,7.87,353,87.6,1.0900000000000001,46.6,OK,28
1140,2026-08-04T08:22:00.000,3.46,83.6,6.2,344.4,77.8,1.59,46.63,OK,30.8
1403,2026-08-04T08:25:00.000,3.79,90.1,7.76,394.7,87.1,0.91,46.67,OK,39.299999999999997
1739,2026-08-04T08:29:00.000,3.69,93.1,8.39,417.8,85,1.34,46.71,OK,42.4
1112,2026-08-04T08:35:00.000,3.51,87.9,8.2799999999999994,361.1,78.5,0.8,46.74,OK,35.299999999999997
1978,2026-08-04T08:42:00.000,4.3499999999999996,88.2,10.039999999999999,440.1,81,1.83,46.83,OK,22.1
1254,2026-08-04T08:50:00.000,3.88,88.7,5.83,353.1,86.5,1.01,46.9,OK,35.9
1439,2026-08-04T08:52:00.000,3.32,88.6,7.03,383.7,80.8,1.44,46.93,OK,37.6
1298,2026-08-04T08:56:00.000,3.7,93.3,6.42,395.1,84.2,1.27,46.97,OK,37.700000000000003
1085,2026-08-04T09:00:00.000,3.09,87.5,8.23,354.9,83.7,0.84,47.07,OK,31
1525,2026-08-04T09:06:00.000,3.85,87.2,9.17,395.7,81.5,1.21,47.15,OK,32.1
800,2026-08-04T09:14:00.000,3.07,89.2,5.27,323.89999999999998,85.8,1.37,47.24,OK,34.799999999999997
1056,2026-08-04T09:19:00.000,2.78,85.6,6.8,332.5,79.8,1.25,47.34,OK,35.200000000000003
1437,2026-08-04T09:23:00.000,3.64,85.1,8.48,377.5,77,1.29,47.37,OK,30.7
800,2026-08-04T09:28:00.000,3.55,82.6,5.87,322.5,75.8,0.72,47.45,OK,24.6
885,2026-08-04T09:34:00.000,3.37,90.5,6.01,337,79.400000000000006,1.44,47.55,OK,36.4
945,2026-08-04T09:38:00.000,2.94,85.1,6.21,332.5,75.3,0.84,47.65,OK,39
989,2026-08-04T09:40:00.000,3.35,86.4,8.66,339.3,77.7,1.19,47.77,OK,35.1
882,2026-08-04T09:45:00.000,3.15,85.9,6.12,340.4,78,1.56,47.88,OK,38
800,2026-08-04T09:51:00.000,3.42,87.7,7.87,322.89999999999998,81.5,1.1499999999999999,48,OK,32.200000000000003
1046,2026-08-04T09:58:00.000,3.68,83.8,6.8,328.6,76.599999999999994,0.91,48.02,OK,31.5
1343,2026-08-04T10:01:00.000,2.97,91.5,8.82,372.1,84.1,1.61,48.12,OK,40.1
1186,2026-08-04T10:05:00.000,3.42,85.8,8.6999999999999993,373,80,1.39,48.15,OK,39.9
1403,2026-08-04T10:09:00.000,3.14,91.9,8.4499999999999993,388.7,85.9,1.61,48.17,OK,35.9
966,2026-08-04T10:13:00.000,3.31,87.2,6.5,323.39999999999998,79.400000000000006,0.97,48.19,OK,30.2
1470,2026-08-04T10:15:00.000,3.02,90.3,9.2799999999999994,395.1,84.3,1,48.22,OK,31.8
800,2026-08-04T10:17:00.000,3.12,87.2,5.93,313.3,78.400000000000006,0.68,48.32,OK,37.1
1476,2026-08-04T10:20:00.000,3.66,85.3,8.52,384.2,77.900000000000006,1.48,48.4,OK,29.9
1395,2026-08-04T10:27:00.000,2.65,91.8,9.16,400.5,86.4,1.76,48.46,OK,38.799999999999997
800,2026-08-04T10:31:00.000,3.04,88.1,5.7,315.2,79.8,0.67,48.54,OK,36.5
1169,2026-08-04T10:37:00.000,2.87,83.4,8.84,336.9,73.400000000000006,0.96,48.62,OK,24.9
959,2026-08-04T10:39:00.000,3.56,83.3,7.19,340.5,75.2,0.84,48.72,OK,32.9
964,2026-08-04T10:41:00.000,2.57,85.6,6.86,335.9,84.2,2.1800000000000002,48.75,OK,28.7
1023,2026-08-04T10:48:00.000,3.17,85,7.42,344.3,83.8,0.76,48.82,OK,24.8
800,2026-08-04T10:51:00.000,3.59,87.9,5.25,343,78.400000000000006,0.89,48.85,OK,34.5
1329,2026-08-04T10:57:00.000,3.11,85,9.06,360.1,77.8,1.83,48.93,OK,27
1003,2026-08-04T11:02:00.000,3.01,86.9,7.38,347.3,79.7,1.23,48.99,OK,30.2
800,2026-08-04T11:04:00.000,3.1,88.3,8.3000000000000007,329.7,80,1.22,49.03,OK,33.299999999999997
993,2026-08-04T11:10:00.000,3.34,80,7.53,312.7,71.8,0.89,49.11,OK,27.4
844,2026-08-04T11:18:00.000,2.4,82.1,6.1,331.8,77.8,1.05,49.2,OK,40.9
1230,2026-08-04T11:23:00.000,3.31,86.6,6.67,369.8,80.3,1.0900000000000001,49.23,OK,27
800,2026-08-04T11:25:00.000,3.38,87.1,5.68,322.2,84.4,0.66,49.33,OK,35.5
1726,2026-08-04T11:27:00.000,4.42,89.7,10.43,426.4,78.2,1.33,49.4,OK,38.799999999999997
1074,2026-08-04T11:34:00.000,3.09,81.5,7.48,313.8,75.3,0.9,49.47,OK,25.8
800,2026-08-04T11:40:00.000,3.02,88.5,4.92,319.5,85.6,0.74,49.5,OK,25.9
976,2026-08-04T11:47:00.000,3.41,84.8,5.42,347.5,78,1.63,49.6,OK,25.6
886,2026-08-04T11:54:00.000,2.92,85.3,7.9,320.7,82,1.99,49.69,OK,28.7
800,2026-08-04T12:01:00.000,3.68,84.8,6.17,307.39999999999998,80.099999999999994,0.76,49.78,OK,34.299999999999997
1223,2026-08-04T12:03:00.000,3.38,87,7.71,368.4,81.7,1.69,49.88,OK,32.1
1866,2026-08-04T12:08:00.000,3.84,88.6,9.83,409,85.5,1.3,49.95,OK,28.4
1751,2026-08-04T12:16:00.000,3.83,93.7,9.85,429,84.3,1.46,49.99,OK,34.299999999999997
1179,2026-08-04T12:24:00.000,2.71,93.3,8.24,381.5,89.4,0.97,50.09,OK,31.8
849,2026-08-04T12:26:00.000,3.3,83.3,6,320.89999999999998,79.400000000000006,1.73,50.13,OK,30.2
1233,2026-08-04T12:33:00.000,3.15,89.7,8.8699999999999992,365,85.8,1.54,50.18,OK,30.3
1408,2026-08-04T12:40:00.000,3.15,91.7,7.17,377.2,85.7,1.2,50.28,OK,30.1
1236,2026-08-04T12:44:00.000,3.58,85.2,9.06,360.8,83.6,0.88,50.34,OK,31.4
1441,2026-08-04T12:49:00.000,3.92,86.6,8.9,375.8,78.3,1.48,50.41,OK,30.8
1351,2026-08-04T12:55:00.000,3.5,83.7,7.14,388.8,81.099999999999994,1.08,50.45,OK,27.1
1312,2026-08-04T13:02:00.000,4,85.3,9.51,388.4,80.5,1.65,50.54,OK,27.9
804,2026-08-04T13:08:00.000,3.11,81.900000000000006,6.69,316.2,79.5,0.68,50.58,OK,26.2
1202,2026-08-04T13:10:00.000,2.79,85.4,8.61,371.9,77.900000000000006,0.94,50.68,OK,26.7
1935,2026-08-04T13:15:00.000,3.42,86.7,8.3800000000000008,433.7,82.6,1.1200000000000001,50.78,OK,29.3
1457,2026-08-04T13:23:00.000,4.0199999999999996,92.1,7.9,377.7,82.8,1.1299999999999999,50.84,OK,40.799999999999997
1714,2026-08-04T13:30:00.000,4.28,90.6,9.2799999999999994,395,88.7,1.3,50.91,OK,27.9
2030,2026-08-04T13:36:00.000,3.97,90,10.65,433.7,86.2,1.34,51.02,OK,32.799999999999997
934,2026-08-04T13:40:00.000,3.02,85.3,7.52,321.5,79.900000000000006,0.98,51.11,OK,39.700000000000003
2278,2026-08-04T13:47:00.000,3.89,90.2,12.28,466.6,82.8,1.84,51.18,OK,22.7
1730,2026-08-04T13:50:00.000,3.64,90.9,7.47,421.3,88.1,1.08,51.2,OK,34.299999999999997
1819,2026-08-04T13:54:00.000,3.73,89.6,9.31,409.4,82.2,1.1000000000000001,51.23,OK,37.4
1201,2026-08-04T14:02:00.000,3.6,84.8,7.3,370.6,79.8,1.19,51.26,OK,26.3
1712,2026-08-04T14:09:00.000,3.78,90,9.85,435.5,81.7,1.96,51.29,OK,38.4
1202,2026-08-04T14:13:00.000,2.93,89.9,8.56,357.7,86.8,1.55,51.34,OK,34.700000000000003
1559,2026-08-04T14:18:00.000,3.16,91.1,9.7200000000000006,404.8,79.599999999999994,1.65,51.43,OK,38.9
1649,2026-08-04T14:20:00.000,3.88,83,10.07,403.1,78.099999999999994,1.46,51.5,OK,25.2
1473,2026-08-04T14:28:00.000,3.35,92.2,8.3699999999999992,392.8,89.2,0.96,51.55,OK,22.9
1985,2026-08-04T14:34:00.000,3.81,88.1,10.99,457.1,82.4,1.27,51.58,OK,25.8
1426,2026-08-04T14:36:00.000,3.47,92.5,6.89,399.6,88.8,1.43,51.68,OK,41.6
930,2026-08-04T14:41:00.000,3.02,88.1,7.25,349,80.3,0.98,51.74,OK,39.6
1575,2026-08-04T14:49:00.000,3.64,87.7,10.41,389.5,84.6,1.28,51.85,OK,32.1
2126,2026-08-04T14:54:00.000,4.1100000000000003,93.8,9.5399999999999991,467.7,86,1.58,51.92,OK,32.299999999999997
2575,2026-08-04T15:00:00.000,4.0599999999999996,97,12.48,494.4,95.2,1.65,52.01,OK,28.6
2203,2026-08-04T15:04:00.000,4.46,87.6,12.31,462.2,81.900000000000006,1.43,52.13,OK,26.8
2144,2026-08-04T15:09:00.000,4.4800000000000004,88.4,11.67,423.6,83.9,1.36,52.23,OK,27.5
1666,2026-08-04T15:15:00.000,3.29,94.4,10.48,423.1,85.3,1.34,52.3,OK,36.799999999999997
2633,2026-08-04T15:22:00.000,4.25,100.2,12.97,518.20000000000005,96.4,1.46,52.42,WARNING,37.5
2095,2026-08-04T15:30:00.000,3.78,92.4,12.16,453.2,84.8,1.29,52.52,OK,33
2138,2026-08-04T15:34:00.000,3.58,96.6,11.51,424.2,90.3,1.67,52.64,OK,39.200000000000003
2133,2026-08-04T15:41:00.000,3.92,88.1,10.84,460.1,82.4,1.75,52.67,OK,23.7
1537,2026-08-04T15:44:00.000,2.88,82.3,9.1199999999999992,402.1,78.8,1.54,52.72,OK,22.7
2106,2026-08-04T15:47:00.000,4.1399999999999997,92.3,11.66,431.9,89,1.64,52.79,OK,36.6
1493,2026-08-04T15:54:00.000,3.81,91.8,8.6199999999999992,408.2,85.4,0.96,52.89,OK,30.8
2321,2026-08-04T15:59:00.000,4.09,91.3,11.41,451.2,90.3,1.52,52.98,OK,35.700000000000003
2179,2026-08-04T16:07:00.000,4.22,95.5,11.12,451.7,90.1,1.42,53.05,WARNING,31.6
1870,2026-08-04T16:13:00.000,3.47,93.5,8.49,427.1,87.3,1.75,53.15,OK,32.799999999999997
2515,2026-08-04T16:20:00.000,3.14,92.1,11.09,501,84.1,1.54,53.24,OK,26.3
2025,2026-08-04T16:23:00.000,3.6,97.6,9.44,458.6,88.6,1.31,53.3,OK,29.9
2064,2026-08-04T16:31:00.000,3.46,88.5,11.19,440,85,1.61,53.37,OK,23.1
2398,2026-08-04T16:33:00.000,4.08,89.4,13.46,468.6,84.9,1.77,53.49,OK,32.5
2235,2026-08-04T16:35:00.000,4.4800000000000004,89.7,10.67,464.3,78,1.48,53.58,OK,26.8
2352,2026-08-04T16:43:00.000,4.12,92.2,11.72,473.6,83.2,1.93,53.66,OK,27.5
2662,2026-08-04T16:51:00.000,4.1100000000000003,93.1,13.06,515.70000000000005,87.4,2.61,53.69,OK,36.1
2072,2026-08-04T16:57:00.000,4.25,91,8.7899999999999991,432,86.1,1.53,53.75,OK,38.5
2072,2026-08-04T16:59:00.000,4.46,90.8,11.02,473,83.7,1.92,53.84,OK,25.9
2309,2026-08-04T17:07:00.000,4.1100000000000003,96,12.69,486.7,89.5,2.34,53.92,OK,38.799999999999997
2398,2026-08-04T17:12:00.000,3.79,95.1,11.08,451.4,90.7,1.51,54.02,OK,39.299999999999997
2674,2026-08-04T17:15:00.000,4.24,93.7,12.73,505.4,88.7,1.49,54.05,OK,32.200000000000003
3158,2026-08-04T17:18:00.000,4.53,95.4,15.24,530.6,93.9,2.12,54.1,OK,35.5
2492,2026-08-04T17:24:00.000,4.05,90.8,11.39,481,82.4,1.62,54.17,OK,30.5
2549,2026-08-04T17:28:00.000,4.58,92.8,12.38,455.1,87.6,1.67,54.26,OK,32.9
2337,2026-08-04T17:31:00.000,4.3499999999999996,88.2,12.49,444.2,83.8,2.25,54.37,OK,28
2323,2026-08-04T17:35:00.000,3.63,89.1,9.86,463.8,82.7,2.1800000000000002,54.42,OK,25.4
2859,2026-08-04T17:39:00.000,3.83,97.3,13.74,516.9,89.1,1.96,54.48,OK,39.700000000000003
2663,2026-08-04T17:45:00.000,4.0199999999999996,92.4,12.33,515.6,87.2,1.63,54.51,OK,38.299999999999997
3114,2026-08-04T17:49:00.000,4.1399999999999997,90.6,15.29,531.9,82.5,1.6,54.53,OK,32
3103,2026-08-04T17:57:00.000,4.3,92.7,16.010000000000002,546.9,88.9,2.11,54.63,OK,24.8
3036,2026-08-04T18:01:00.000,4.41,94.1,12.85,554.70000000000005,89.1,1.94,54.74,OK,38.799999999999997
2247,2026-08-04T18:07:00.000,3.93,88.9,10.029999999999999,437.1,83.4,1.61,54.85,OK,25.2
3024,2026-08-04T18:13:00.000,4.45,95.2,13.45,519.79999999999995,87.4,1.7,54.93,OK,23.1
2484,2026-08-04T18:19:00.000,3.96,94.4,12.72,476.9,93.3,1.46,55,OK,29.4
2177,2026-08-04T18:25:00.000,3.42,93.1,11.06,456.1,87.9,1.32,55.07,OK,38.6
2939,2026-08-04T18:31:00.000,3.98,97.6,15.19,542.4,92.3,1.6,55.13,OK,36.700000000000003
3362,2026-08-04T18:39:00.000,4.16,101.6,14.03,554.20000000000005,93.6,1.84,55.21,WARNING,31.2
3160,2026-08-04T18:41:00.000,4.1900000000000004,96.1,13.76,531.29999999999995,92.1,1.62,55.26,OK,35.299999999999997
2626,2026-08-04T18:46:00.000,4.3600000000000003,89.3,14.37,493.2,81.2,1.75,55.36,OK,24.5
3937,2026-08-04T18:49:00.000,4.75,100.1,17.149999999999999,603.4,91.7,2.4700000000000002,55.46,WARNING,28
3267,2026-08-04T18:56:00.000,4.2300000000000004,93.1,16.78,545,91.6,1.69,55.54,OK,23.9
2709,2026-08-04T19:02:00.000,4.22,90,13.69,489.1,81.099999999999994,1.41,55.61,OK,27
2310,2026-08-04T19:06:00.000,4.12,90,11.74,459.2,82.9,1.27,55.7,OK,25.6
2976,2026-08-04T19:09:00.000,4.4400000000000004,97,14.47,557.9,92.9,2.56,55.74,OK,35.6
2381,2026-08-04T19:15:00.000,4.8499999999999996,94.7,10.23,467.4,90,1.46,55.84,OK,37.1
2728,2026-08-04T19:17:00.000,4.0599999999999996,90.2,14.18,488.2,87.5,2.44,55.94,OK,30.7
2514,2026-08-04T19:21:00.000,4.2,96.7,12.6,483.5,91.2,1.5,56.03,OK,42.1
2864,2026-08-04T19:29:00.000,4.72,90,11.72,504.1,89.7,2.33,56.14,OK,28.1
2960,2026-08-04T19:31:00.000,4.91,94.2,13.89,538.70000000000005,87.5,1.95,56.18,OK,41.6
2859,2026-08-04T19:38:00.000,4.2,96.2,13.29,529.6,90.5,2.0499999999999998,56.21,OK,24.9
3987,2026-08-04T19:43:00.000,4.33,96.8,18.48,615.20000000000005,90.7,1.98,56.29,OK,38
3134,2026-08-04T19:48:00.000,4.41,89.7,13.85,536.5,83,2.2400000000000002,56.38,OK,31.7
3680,2026-08-04T19:56:00.000,4.8899999999999997,97.6,16.760000000000002,588.70000000000005,91.3,2.27,56.42,OK,25
3431,2026-08-04T20:02:00.000,5.55,96.6,14.89,577.4,91.3,2.4500000000000002,56.46,OK,35.9
3174,2026-08-04T20:07:00.000,3.99,95.9,12.69,567.20000000000005,90,1.6,56.54,OK,35.6
3093,2026-08-04T20:13:00.000,4.3499999999999996,101.8,13.03,567.70000000000005,94.7,2.35,56.65,WARNING,41.9
3747,2026-08-04T20:19:00.000,4.54,100.1,16.5,614.9,89.1,2.39,56.67,WARNING,27.7
2925,2026-08-04T20:24:00.000,4.62,98.2,13.4,523,89.3,1.82,56.7,OK,35.799999999999997
3080,2026-08-04T20:29:00.000,4.18,98,14.62,534.79999999999995,88.9,2.23,56.8,OK,41.5
3087,2026-08-04T20:31:00.000,3.88,96.8,13.88,523,85.5,1.98,56.91,OK,31.4
3349,2026-08-04T20:33:00.000,3.87,95,14.24,563.79999999999995,90.2,2.17,57.02,OK,29.7
3015,2026-08-04T20:41:00.000,4.5,93.2,13.79,522.5,87.8,2.54,57.1,OK,29.5
3670,2026-08-04T20:48:00.000,4.76,99.9,14.78,615.9,96.2,1.95,57.21,OK,38.6
3727,2026-08-04T20:56:00.000,4.9400000000000004,100.6,16.46,586.20000000000005,90,2.2400000000000002,57.31,WARNING,34.299999999999997
3108,2026-08-04T20:58:00.000,4.4400000000000004,100.4,12.32,562.4,93.9,1.58,57.41,WARNING,35.4
3551,2026-08-04T21:02:00.000,4.76,100.4,16.23,569.5,98.5,2.09,57.53,WARNING,32
3079,2026-08-04T21:06:00.000,4.5599999999999996,98.4,14.63,530.6,94.5,2.2799999999999998,57.64,OK,36.700000000000003
3442,2026-08-04T21:14:00.000,4.33,97.3,16.649999999999999,565.5,88.8,2.42,57.69,OK,33.799999999999997
3794,2026-08-04T21:17:00.000,4.84,96.5,16.32,594.6,89.7,2.4900000000000002,57.76,OK,25.6
3425,2026-08-04T21:23:00.000,4.78,97.9,16.059999999999999,592.70000000000005,91.5,2.93,57.82,OK,32.9
3356,2026-08-04T21:29:00.000,4.22,99,13.73,570.6,91,2.3199999999999998,57.9,OK,38.799999999999997
4196,2026-08-04T21:37:00.000,4.47,96.2,18.45,650,87,2.4500000000000002,58,OK,25.2
3524,2026-08-04T21:41:00.000,4.8099999999999996,95.8,15.18,583.20000000000005,90.8,2.15,58.06,OK,28.9
3104,2026-08-04T21:45:00.000,4.3600000000000003,97.2,13.86,534.5,93.5,2.62,58.13,OK,37.700000000000003
3078,2026-08-04T21:53:00.000,4.88,96.4,15.73,521.9,90.7,2.57,58.22,OK,28.8
4198,2026-08-04T22:01:00.000,5.28,100,17.46,643.29999999999995,97.3,2.35,58.29,WARNING,30.7
3140,2026-08-04T22:07:00.000,4.3,100,14.92,544.20000000000005,93.7,1.7,58.41,WARNING,29.4
3152,2026-08-04T22:10:00.000,4.01,93.7,14.54,553.29999999999995,88.1,1.77,58.47,OK,29.3
3405,2026-08-04T22:18:00.000,5.07,97,16.22,588.1,93.4,2.11,58.55,OK,29.5
3648,2026-08-04T22:23:00.000,5,99,15.28,618.9,92.9,2.4,58.6,OK,36.799999999999997
2954,2026-08-04T22:26:00.000,4.8,95.7,12.5,537.9,86.6,2.46,58.63,OK,30.5
3287,2026-08-04T22:30:00.000,4.87,96.8,13.89,547.9,91,1.85,58.73,OK,33
2909,2026-08-04T22:34:00.000,3.92,93.2,12.31,533.5,84.2,2.88,58.83,OK,28.6
3319,2026-08-04T22:39:00.000,4.72,96.4,14.76,575,87,1.75,58.9,OK,25.3
3654,2026-08-04T22:44:00.000,5.08,98,16.13,584.70000000000005,92.3,2.09,58.92,OK,39.799999999999997
3271,2026-08-04T22:51:00.000,4.62,91.1,15.51,556.1,80.7,1.82,58.95,OK,24
4040,2026-08-04T22:59:00.000,4.8099999999999996,103,18.16,630.79999999999995,95.2,2.2200000000000002,59.04,WARNING,35
3045,2026-08-04T23:02:00.000,4.22,97.1,12.76,528,95.6,1.99,59.08,OK,38.299999999999997
3408,2026-08-04T23:08:00.000,4.29,101.6,15.89,594.29999999999995,98,1.72,59.13,WARNING,35
3779,2026-08-04T23:14:00.000,4.78,98.4,16.05,610.70000000000005,94.5,2.72,59.23,OK,30.6
3664,2026-08-04T23:16:00.000,4.3499999999999996,94.4,16.86,607.9,91.9,1.94,59.35,OK,31.2
4224,2026-08-04T23:19:00.000,4.43,99.9,16.04,648.6,92.2,2.59,59.42,OK,24.7
3400,2026-08-04T23:23:00.000,4.46,91.7,15.19,556.1,82.2,2.04,59.52,OK,28.7
2960,2026-08-04T23:31:00.000,4.21,89.2,14.06,494,79.900000000000006,2.02,59.61,OK,24.8
3289,2026-08-04T23:33:00.000,5.31,97.4,14.6,589,93.7,1.98,59.7,OK,35.299999999999997
2952,2026-08-04T23:36:00.000,4.8,97.6,13.91,549.6,90.7,1.74,59.76,OK,40.1
3272,2026-08-04T23:42:00.000,4.45,97.4,15.91,549.20000000000005,92.6,1.96,59.85,OK,34.5
3646,2026-08-04T23:47:00.000,4.74,96.5,15.99,560.1,86.8,3.04,59.89,WARNING,33.200000000000003
3442,2026-08-04T23:54:00.000,4.9800000000000004,97.9,16.350000000000001,593.6,90.3,2.2999999999999998,59.98,OK,42.7
3145,2026-08-04T23:58:00.000,4.37,103.9,15.14,564.6,98.9,2.44,60.06,WARNING,37.299999999999997
2923,2026-08-05T00:06:00.000,4.3,91.5,13.07,534.6,82.2,2.1,60.17,OK,29.7
3259,2026-08-05T00:14:00.000,4.46,93.5,12.59,525.20000000000005,85.9,1.86,60.23,OK,28.4
3312,2026-08-05T00:16:00.000,4.47,100,15.11,550.1,90.5,1.95,60.34,WARNING,31.2
2668,2026-08-05T00:21:00.000,3.83,91.1,13.96,500.4,84.2,2.1,60.42,OK,29.4
2731,2026-08-05T00:25:00.000,4.6399999999999997,92.5,14.07,496.3,84,2.0499999999999998,60.53,OK,28.6
2966,2026-08-05T00:32:00.000,4.2699999999999996,94.6,14.16,522.79999999999995,84.5,1.79,60.55,OK,29.6
2580,2026-08-05T00:39:00.000,4.58,93.7,12.01,464.4,87.8,1.89,60.58,OK,36.6
2390,2026-08-05T00:45:00.000,4.41,93.4,12.5,470.4,91,1.87,60.68,OK,23.9
2642,2026-08-05T00:51:00.000,4.3,97.5,11.54,508.4,89.4,2.33,60.78,OK,37.299999999999997
3114,2026-08-05T00:57:00.000,4.8600000000000003,97,14.76,557,92,1.88,60.82,OK,29.1
2992,2026-08-05T01:00:00.000,4.2699999999999996,98.6,14.87,544.29999999999995,97.1,1.61,60.94,OK,30.8
2777,2026-08-05T01:04:00.000,4.08,92.7,13.15,504.2,87.2,1.63,61.03,OK,26.9
2581,2026-08-05T01:07:00.000,3.87,98.5,11.57,513.20000000000005,95,1.64,61.09,OK,39.9
3014,2026-08-05T01:13:00.000,4.4000000000000004,96.1,13.99,530.6,88.5,1.96,61.16,OK,30.7
2971,2026-08-05T01:20:00.000,4.6100000000000003,94.9,14.2,559.79999999999995,89,1.64,61.2,OK,40.299999999999997
3270,2026-08-05T01:24:00.000,4.6399999999999997,98.2,14.04,568,87.3,1.84,61.28,OK,34
1930,2026-08-05T01:28:00.000,4.49,86.9,9.8800000000000008,425.5,79,1.96,61.32,OK,22.1
2172,2026-08-05T01:34:00.000,4.1100000000000003,90,11.86,452.9,87.4,1.99,61.43,OK,40.799999999999997
3085,2026-08-05T01:37:00.000,4.26,93.2,15.16,526.1,87.7,1.71,61.47,OK,37.4
2895,2026-08-05T01:39:00.000,4.41,91.2,13.74,530.70000000000005,88.2,1.55,61.55,OK,27.3
3030,2026-08-05T01:45:00.000,4.6900000000000004,97.7,13.37,528.9,88.7,1.64,61.64,OK,25.7
2363,2026-08-05T01:51:00.000,3.92,85.9,9.82,479.8,83.1,1.54,61.7,OK,33.200000000000003
2511,2026-08-05T01:53:00.000,3.88,93.5,12.54,491.1,91.9,1.6,61.75,OK,36.5
2172,2026-08-05T02:00:00.000,4.29,94.8,9.73,447.1,90.4,1.28,61.86,OK,39.4
1774,2026-08-05T02:02:00.000,3.99,88,9.84,420.1,83,1.1299999999999999,61.91,OK,26.3
2612,2026-08-05T02:06:00.000,4.2,90.7,12.07,483.2,82.1,1.69,62.03,OK,24.3
3030,2026-08-05T02:08:00.000,4.22,94.5,14.69,524.70000000000005,86.8,1.69,62.08,OK,36.700000000000003
2447,2026-08-05T02:12:00.000,3.95,95.2,11.05,487.3,92.8,1.35,62.15,OK,26.9
2225,2026-08-05T02:19:00.000,4.07,89.7,9.98,461.5,81.099999999999994,1.35,62.22,OK,28.3
2055,2026-08-05T02:21:00.000,4.13,89.2,11.02,434,80.8,2.2000000000000002,62.29,OK,36.799999999999997
2807,2026-08-05T02:24:00.000,4.66,91.3,13.29,504.4,83.9,1.58,62.34,OK,24.6
2416,2026-08-05T02:32:00.000,4.1100000000000003,93.5,12.59,473.6,85.6,1.49,62.43,OK,32.700000000000003
2401,2026-08-05T02:36:00.000,3.64,90.4,13.07,482.4,86.8,1.41,62.48,OK,31.1
1823,2026-08-05T02:39:00.000,4.2300000000000004,90.3,9.4499999999999993,431.3,87.9,1.81,62.57,OK,29.1
1978,2026-08-05T02:41:00.000,4.24,89,11.09,441.9,82.8,1.24,62.62,OK,25.4
2526,2026-08-05T02:44:00.000,4.46,92.9,10.86,478.6,90.3,1.33,62.72,OK,27.4
2054,2026-08-05T02:50:00.000,4.29,94.9,9.56,480.7,86.1,1.48,62.77,OK,33.299999999999997
1981,2026-08-05T02:58:00.000,4.16,84.7,10.43,393.9,79.8,1.28,62.86,OK,25.6
3057,2026-08-05T03:00:00.000,4.46,94.3,13.86,524.4,86.4,2.71,62.96,WARNING,31.6
2173,2026-08-05T03:04:00.000,3.56,89.5,9.11,459.4,83.4,1.34,63,OK,32.4
2058,2026-08-05T03:12:00.000,3.58,91.5,12.29,467.1,81.599999999999994,1.94,63.03,OK,40.799999999999997
2041,2026-08-05T03:19:00.000,3.72,90.2,8.6999999999999993,445.9,82.3,1.81,63.06,OK,27.7
1822,2026-08-05T03:21:00.000,3.98,91.3,9.4499999999999993,418,91.4,1.17,63.11,OK,37.299999999999997
2004,2026-08-05T03:28:00.000,4.41,87.9,11.35,452.1,82.4,1.27,63.18,OK,37.299999999999997
2679,2026-08-05T03:33:00.000,4.71,91.1,12.67,492.2,87,1.77,63.26,OK,33.1
2115,2026-08-05T03:40:00.000,3.7,93.8,11.43,440.3,84.5,1.79,63.38,OK,30.7
1382,2026-08-05T03:46:00.000,3.48,83.4,7.63,384.3,76.7,1.28,63.43,OK,27.2
1758,2026-08-05T03:50:00.000,3.19,91.8,9.76,439.7,84,1.1599999999999999,63.45,OK,33.5
1919,2026-08-05T03:52:00.000,4.41,85.1,11.45,399.3,79.5,1.44,63.51,OK,30.1
1326,2026-08-05T03:58:00.000,2.96,85.8,7.71,395.3,81.7,1.43,63.62,OK,40.200000000000003
1661,2026-08-05T04:06:00.000,3.54,92.4,9.73,423.4,86.3,1.25,63.73,OK,39.200000000000003
1460,2026-08-05T04:14:00.000,3.99,89.7,8.3699999999999992,400.4,87.2,0.93,63.76,OK,22.4
1630,2026-08-05T04:18:00.000,3.7,94.3,9.32,422.6,87,1.56,63.85,OK,42.8
1765,2026-08-05T04:24:00.000,3.9,88.5,10.09,423.6,82.5,2.15,63.88,OK,32.299999999999997
1957,2026-08-05T04:28:00.000,3.88,91.5,9.24,442,87.6,1.36,63.96,OK,42.9
1282,2026-08-05T04:34:00.000,2.81,87.8,7.01,365.6,79.5,1.83,64.069999999999993,OK,28.5
1629,2026-08-05T04:38:00.000,3.8,86.4,8.6300000000000008,379.7,80,1.18,64.17,OK,37.4
1518,2026-08-05T04:42:00.000,3.76,89.5,9.42,379.3,84.2,1.1499999999999999,64.28,OK,30.9
1529,2026-08-05T04:47:00.000,3.39,86,9.6999999999999993,393,82.2,1.29,64.319999999999993,OK,26.5
1293,2026-08-05T04:51:00.000,3.67,89.9,9.57,374.7,87.2,1.17,64.34,OK,24.8
1538,2026-08-05T04:56:00.000,3.41,88.3,8.52,381.6,81.400000000000006,1.35,64.42,OK,27.2
1702,2026-08-05T04:58:00.000,4.16,87.1,8.9600000000000009,397.1,81.099999999999994,1.06,64.489999999999995,OK,24.3
1018,2026-08-05T05:05:00.000,3.24,88.2,7.17,345.4,82.9,0.95,64.55,OK,36.799999999999997
2085,2026-08-05T05:07:00.000,4.09,89.3,9.8000000000000007,434,83.4,2.27,64.62,OK,28.1
1786,2026-08-05T05:13:00.000,3.77,93.3,10.61,411.2,88.7,1.19,64.650000000000006,OK,40.9
882,2026-08-05T05:16:00.000,3.47,84.1,5.72,340.4,76.7,1.49,64.739999999999995,OK,33.9
1917,2026-08-05T05:19:00.000,3.78,93.8,9.19,419.4,91,1.91,64.84,OK,34.6
1918,2026-08-05T05:26:00.000,4.03,89.8,8.9700000000000006,428.8,83.8,1.47,64.91,OK,33
1190,2026-08-05T05:28:00.000,3.61,88.6,7.06,369.6,81.3,0.83,64.94,OK,29.1
1417,2026-08-05T05:33:00.000,3.03,91.8,8.17,388.3,85.8,1.01,65.05,OK,38.5
1356,2026-08-05T05:37:00.000,3.69,88,7.55,370.5,77.3,1.59,65.08,OK,30.5
822,2026-08-05T05:44:00.000,2.97,89.3,5.43,353.8,82.1,0.72,65.180000000000007,OK,40.1
1644,2026-08-05T05:52:00.000,3.57,88.8,10.59,416.4,83.9,1.22,65.260000000000005,OK,34.700000000000003
800,2026-08-05T05:58:00.000,3.03,89,6.01,355.4,83.6,1.22,65.34,OK,39.5
1348,2026-08-05T06:05:00.000,3.36,83.6,8.51,362.1,74.099999999999994,1.66,65.42,OK,30.7
1778,2026-08-05T06:09:00.000,4.21,87,10.130000000000001,415.3,86,1.49,65.52,OK,31.1
800,2026-08-05T06:13:00.000,2.69,84.2,5.78,336.1,76.099999999999994,1.47,65.63,OK,28.8
1092,2026-08-05T06:16:00.000,2.39,84,6.15,376.2,75.400000000000006,1.02,65.75,OK,39.9
1578,2026-08-05T06:18:00.000,3.38,90.2,8.51,414.7,80.5,1.39,65.790000000000006,OK,36.299999999999997
1304,2026-08-05T06:23:00.000,3.31,93.6,8.4,373.8,87.3,1.1100000000000001,65.86,OK,34.5
1440,2026-08-05T06:26:00.000,3.24,87.6,7.63,383.9,83.8,1.1499999999999999,65.900000000000006,OK,36.200000000000003
894,2026-08-05T06:34:00.000,2.88,85.6,7.1,331.2,81.8,1.48,65.94,OK,30.4
800,2026-08-05T06:38:00.000,3.4,85.3,3.86,324.39999999999998,78,1,66.06,OK,41
1038,2026-08-05T06:42:00.000,3.28,90.9,7.1,347.4,84.6,1.07,66.150000000000006,OK,38.799999999999997
1189,2026-08-05T06:44:00.000,4.26,87.2,8.2100000000000009,362.6,80.3,0.86,66.25,OK,34
1295,2026-08-05T06:49:00.000,3.16,87.6,9,325.2,86.5,1.06,66.349999999999994,OK,31.7
1229,2026-08-05T06:57:00.000,3.51,89,6.45,351.7,85.7,0.84,66.41,OK,40.6
1406,2026-08-05T07:04:00.000,3.68,89.1,8.7100000000000009,393.4,80.400000000000006,1.5,66.430000000000007,OK,38.5
1095,2026-08-05T07:06:00.000,3.25,84.1,8.83,377.7,76.599999999999994,0.92,66.55,OK,33.299999999999997
800,2026-08-05T07:14:00.000,2.77,86.9,8.35,328.2,78.400000000000006,0.78,66.650000000000006,OK,35.700000000000003
800,2026-08-05T07:20:00.000,3.11,86.5,6.3,318.3,77.900000000000006,3.51,66.77,OK,38.5
1296,2026-08-05T07:26:00.000,3.65,84.9,7.18,349.1,78.599999999999994,0.87,66.819999999999993,OK,35.6
1377,2026-08-05T07:29:00.000,3.3,82.3,9.68,358.7,80.599999999999994,0.96,66.900000000000006,OK,27.4
1709,2026-08-05T07:36:00.000,3.58,88.6,10.08,408.1,80.900000000000006,1.32,66.92,OK,30.1
1862,2026-08-05T07:43:00.000,3.71,89.1,11.8,428,81.8,2.69,67.040000000000006,OK,30.6
1350,2026-08-05T07:45:00.000,3.22,84.6,9.8699999999999992,360,77,1.26,67.11,OK,31.8
1135,2026-08-05T07:49:00.000,3.76,89.8,5.99,358.5,85.9,1.01,67.17,OK,35.200000000000003
856,2026-08-05T07:55:00.000,3.27,83.1,6.93,332.4,81.2,0.67,67.25,OK,26.5
800,2026-08-05T07:58:00.000,3.09,85.3,6.56,336.9,80,1.1399999999999999,67.319999999999993,OK,25.7
1024,2026-08-05T08:04:00.000,3.6,82.8,7.92,342.3,78.400000000000006,1.25,67.34,OK,25.8
963,2026-08-05T08:12:00.000,3.33,83.4,6.9,327.9,78.3,1.1499999999999999,67.37,OK,24.4
1667,2026-08-05T08:18:00.000,4.08,87.4,11.14,381.7,80.400000000000006,1.06,67.41,OK,30.3
1206,2026-08-05T08:24:00.000,3.11,84,7.55,352.7,75.900000000000006,1.33,67.45,OK,22.8
923,2026-08-05T08:32:00.000,3.43,86,6.55,346.8,85.7,1.21,67.55,OK,29.5
800,2026-08-05T08:40:00.000,3.14,85.8,7.27,326.3,83.6,0.72,67.58,OK,36.1
1196,2026-08-05T08:46:00.000,3.82,90.2,7.58,372.2,78.2,1.51,67.680000000000007,OK,37.4
1061,2026-08-05T08:48:00.000,3.66,84.4,7.22,356.8,77.599999999999994,1.1599999999999999,67.7,OK,34.700000000000003
860,2026-08-05T08:52:00.000,3.3,84.3,5.56,345.2,79.400000000000006,0.72,67.73,OK,33.5
800,2026-08-05T08:54:00.000,3.26,85.1,5.58,331.1,82.7,0.83,67.790000000000006,OK,27.1
1222,2026-08-05T08:57:00.000,3.35,88,6.62,370.5,84.7,1.1200000000000001,67.819999999999993,OK,25.7
894,2026-08-05T09:04:00.000,3.62,84.6,6.18,291.60000000000002,79.400000000000006,0.81,67.930000000000007,OK,26
931,2026-08-05T09:11:00.000,2.99,90.7,5.95,350.4,86.2,0.77,67.959999999999994,OK,43.3
883,2026-08-05T09:14:00.000,3.18,86.2,5.59,359.2,78.3,0.77,68.08,OK,42.5
2054,2026-08-05T09:17:00.000,4.09,88.9,10.37,419.8,85.4,1.74,68.180000000000007,OK,28.5
1127,2026-08-05T09:21:00.000,3.07,88,8.31,371.4,80,1.32,68.260000000000005,OK,30.6
800,2026-08-05T09:23:00.000,2.79,86.1,5.27,340.6,79.900000000000006,1.6,68.37,OK,38.299999999999997
800,2026-08-05T09:26:00.000,3.5,83.1,6.62,324,77.2,1.1399999999999999,68.41,OK,27.1
800,2026-08-05T09:28:00.000,2.68,82.9,7.11,296.39999999999998,81.400000000000006,0.86,68.47,OK,25.6
1016,2026-08-05T09:32:00.000,3.65,82,5.79,315.89999999999998,74,1.17,68.52,WARNING,26.4
1725,2026-08-05T09:36:00.000,3.56,88.9,8.51,413.2,82.8,1.42,68.64,OK,39.6
1946,2026-08-05T09:39:00.000,3.4,87.2,11.95,451.3,84.2,1.4,68.69,OK,25.3
1077,2026-08-05T09:41:00.000,3.77,88,7.5,326,83.6,1.02,68.81,OK,22.7
1303,2026-08-05T09:46:00.000,2.8,88.3,8.57,367.6,79.7,1.07,68.86,OK,38.5
1133,2026-08-05T09:54:00.000,3.73,86.9,7.02,365.7,77.5,1.77,68.930000000000007,OK,35.200000000000003
1367,2026-08-05T10:02:00.000,4.46,89.6,7.86,373.7,86.8,1.93,68.98,OK,31.9
1141,2026-08-05T10:06:00.000,3.92,89.3,5.65,355.2,82.1,1.79,69.069999999999993,OK,41.4
1048,2026-08-05T10:09:00.000,3.19,86,6.73,367.6,82.1,1.18,69.11,OK,34.6
1031,2026-08-05T10:16:00.000,3.82,86.3,7.96,354.2,81.5,1.2,69.13,OK,32
1529,2026-08-05T10:20:00.000,3.98,86.2,8.4600000000000009,396.4,79.2,1.0900000000000001,69.180000000000007,OK,31
1756,2026-08-05T10:22:00.000,3.42,87.4,11.45,392.8,79,1.05,69.25,OK,34.5
1163,2026-08-05T10:29:00.000,2.99,89.8,7.22,351.8,85.4,0.88,69.37,OK,33.299999999999997
1595,2026-08-05T10:36:00.000,3.66,91,7.55,404.1,85.4,1.31,69.44,OK,36.799999999999997
1417,2026-08-05T10:41:00.000,3.73,84.1,9.14,375.9,79.5,1.1100000000000001,69.48,OK,34.9
1250,2026-08-05T10:49:00.000,3.77,87.8,8.92,371.2,81.400000000000006,0.96,69.569999999999993,OK,25.2
1643,2026-08-05T10:57:00.000,3.97,102,8.5299999999999994,425.3,82.8,1.18,69.650000000000006,OK,33.5
1900,2026-08-05T11:04:00.000,3.84,90.6,11.14,429,83.2,1.1100000000000001,69.739999999999995,OK,35.700000000000003
1163,2026-08-05T11:09:00.000,3.14,91.6,7.13,371.6,88.1,1.1599999999999999,69.78,OK,40.700000000000003
1362,2026-08-05T11:14:00.000,3.79,87.5,9.5299999999999994,328.2,83.4,1.1299999999999999,69.89,OK,40
2013,2026-08-05T11:22:00.000,4.2300000000000004,90.3,11.48,430.9,84.1,2.41,69.930000000000007,OK,29.2
1509,2026-08-05T11:27:00.000,3.57,91.6,8.8699999999999992,403.7,86.2,1.38,69.97,OK,29.8
1271,2026-08-05T11:33:00.000,3.36,87,8.83,358.1,81.400000000000006,1.29,70.040000000000006,OK,32.799999999999997
1634,2026-08-05T11:35:00.000,3.46,87.9,10.11,386.9,80.099999999999994,1,70.09,OK,31.3
1603,2026-08-05T11:40:00.000,3.05,91.9,11.55,436.5,87.1,0.99,70.12,OK,27.1
1996,2026-08-05T11:48:00.000,3.56,91.2,10.47,449.1,81.5,1.35,70.22,OK,39.200000000000003
1638,2026-08-05T11:55:00.000,4.13,88.9,7.73,394.7,82.1,1.2,70.31,OK,23.9
1676,2026-08-05T11:57:00.000,3.67,88,8.7200000000000006,421.9,77.400000000000006,1.42,70.400000000000006,OK,39.299999999999997
1689,2026-08-05T12:04:00.000,3.42,91.2,10.06,404.5,85.2,1.1599999999999999,70.459999999999994,OK,31.1
1793,2026-08-05T12:10:00.000,3.71,88.9,9.3000000000000007,396.4,80.900000000000006,1.66,70.540000000000006,OK,33.6
2293,2026-08-05T12:13:00.000,3.83,95.2,10.95,462.5,88.2,1.24,70.569999999999993,OK,35.4
2044,2026-08-05T12:19:00.000,4.01,89.6,10.62,428.7,84.2,1.43,70.59,OK,31.9
1454,2026-08-05T12:27:00.000,3.36,91.7,10.36,380.7,87.1,1.21,70.680000000000007,OK,39.799999999999997
1946,2026-08-05T12:34:00.000,3.81,87.1,9.42,411.7,81.599999999999994,1.28,70.790000000000006,OK,37.4
1997,2026-08-05T12:38:00.000,3.12,89.5,8.82,435.7,84.4,1.66,70.819999999999993,OK,27.8
2037,2026-08-05T12:45:00.000,3.48,92.3,12.28,454,84,1.35,70.87,OK,36.700000000000003
1416,2026-08-05T12:47:00.000,3.63,85.9,9.02,375.7,82.4,1.38,70.91,OK,32.5
2015,2026-08-05T12:54:00.000,3.78,90.4,8.9600000000000009,435.4,84.4,1.33,70.97,OK,29.8
1794,2026-08-05T12:57:00.000,3.85,96.4,9.4,433.8,91.1,1.1100000000000001,71.069999999999993,OK,31.5
1499,2026-08-05T13:02:00.000,3.67,84.6,9.26,380.5,78.400000000000006,1.86,71.17,OK,26.1
2476,2026-08-05T13:09:00.000,4.57,94,12,494.1,89.4,1.93,71.22,OK,31.7
1983,2026-08-05T13:16:00.000,2.8,90.2,9.9499999999999993,433.1,85.2,1.46,71.28,OK,35.9
2019,2026-08-05T13:19:00.000,3.77,95.1,10.69,460.2,89.8,1.62,71.33,WARNING,36.9
2451,2026-08-05T13:25:00.000,4.3,92.5,14.04,479.5,91.1,1.4,71.44,OK,28.1
2531,2026-08-05T13:33:00.000,4.1399999999999997,93.5,12.16,476.7,83.7,1.8,71.48,OK,38.299999999999997
2115,2026-08-05T13:40:00.000,3.79,91.6,10.37,462.9,84.7,2.4300000000000002,71.58,OK,31.9
2242,2026-08-05T13:45:00.000,3.77,95.7,11.25,489.6,87.7,1.51,71.7,OK,30.2
1909,2026-08-05T13:51:00.000,3.55,89.8,9.61,416.6,81,1.8,71.73,OK,34.5
1962,2026-08-05T13:58:00.000,3.62,93.5,8.76,449.6,85.1,1.54,71.819999999999993,OK,34.4
2776,2026-08-05T14:02:00.000,3.94,93.4,13.15,495.1,85,2.11,71.86,OK,39.299999999999997
2368,2026-08-05T14:07:00.000,3.93,92.8,11.68,445.7,85.8,1.39,71.97,OK,29.4
2721,2026-08-05T14:09:00.000,3.91,96.4,12.37,523,88.3,2.0499999999999998,72.06,OK,42.7
2353,2026-08-05T14:14:00.000,4.37,95.3,10.98,483.3,87.7,1.41,72.12,OK,31.7
2588,2026-08-05T14:17:00.000,3.85,92.7,12.15,496.8,80.8,1.92,72.19,OK,29.6
1860,2026-08-05T14:20:00.000,4.24,95.5,11.39,433.3,90.3,1.1399999999999999,72.209999999999994,OK,40.6
2800,2026-08-05T14:28:00.000,4.63,90.9,15.45,523.79999999999995,87.4,2,72.290000000000006,OK,26.3
2518,2026-08-05T14:33:00.000,4.55,90,13.08,472.9,88.1,2.4700000000000002,72.37,OK,31.7
2392,2026-08-05T14:36:00.000,4.07,88.6,11.65,492.8,87.3,1.76,72.459999999999994,OK,25.7
2805,2026-08-05T14:42:00.000,3.86,96,12.38,528.29999999999995,90,1.68,72.510000000000005,OK,33.9
2961,2026-08-05T14:44:00.000,3.81,90.2,13.64,505.6,78.900000000000006,2.02,72.540000000000006,OK,23.4
2500,2026-08-05T14:48:00.000,4.43,89.5,13.91,466.7,88.2,1.67,72.64,OK,40.299999999999997
2251,2026-08-05T14:54:00.000,3.96,88.8,11.97,443.4,84.3,1.23,72.73,OK,22.9
3280,2026-08-05T14:58:00.000,4.3499999999999996,99.2,15.68,573.79999999999995,95.8,1.99,72.790000000000006,OK,41.3
2648,2026-08-05T15:00:00.000,4.42,93.1,12.31,505,91.7,1.58,72.91,OK,34.1
2079,2026-08-05T15:05:00.000,4.8,90.3,11.1,435.4,84.4,1.34,73.010000000000005,OK,40
2630,2026-08-05T15:08:00.000,4.16,96.3,13.39,502.7,91.1,2.25,73.08,OK,31.1
2961,2026-08-05T15:13:00.000,4.74,95.7,13.64,546.20000000000005,88,2.4900000000000002,73.16,OK,26.6
2800,2026-08-05T15:18:00.000,4.22,93.5,11.95,526.29999999999995,88,2.31,73.27,OK,25.3
2809,2026-08-05T15:25:00.000,4.58,97.8,13.15,522,96.8,5.98,73.34,OK,32.700000000000003
2756,2026-08-05T15:32:00.000,4.3099999999999996,90.8,11.59,516.70000000000005,85.9,1.49,73.430000000000007,OK,27.4
2757,2026-08-05T15:34:00.000,4.55,95.1,13.81,537.1,93,2.1,73.45,OK,37.9
2481,2026-08-05T15:40:00.000,4.29,94.3,11.77,495.5,90.3,1.58,73.56,OK,25.8
2497,2026-08-05T15:42:00.000,3.88,91.9,12.86,462.5,85.5,1.98,73.61,OK,25.8
3102,2026-08-05T15:50:00.000,3.91,99.3,14.37,549.70000000000005,96.3,2.02,73.650000000000006,OK,29.5
3428,2026-08-05T15:57:00.000,3.89,90.7,16.93,573.79999999999995,81.5,2.35,73.69,OK,23.8
2923,2026-08-05T16:05:00.000,4.5199999999999996,91.2,14.31,538.79999999999995,84.3,2.06,73.77,OK,35.299999999999997
3526,2026-08-05T16:10:00.000,5.18,94.1,17.13,572.9,88.4,2.34,73.819999999999993,OK,23
3447,2026-08-05T16:14:00.000,4.8099999999999996,99.8,16.2,596.4,92.9,1.93,73.89,OK,36.700000000000003
3037,2026-08-05T16:16:00.000,4.87,96.9,13.34,535.29999999999995,88,2.11,73.97,OK,30.8
3326,2026-08-05T16:22:00.000,5.13,98,14.05,556.79999999999995,91.8,1.77,74.069999999999993,OK,39.6
3294,2026-08-05T16:24:00.000,4.7,98.7,15.96,547.1,94.5,2.38,74.11,OK,30.2
2965,2026-08-05T16:27:00.000,3.56,97.1,14.14,520.29999999999995,87,2.52,74.209999999999994,OK,35.799999999999997
2404,2026-08-05T16:35:00.000,3.63,93.5,10.93,480.6,92.5,1.37,74.3,OK,34.799999999999997
3226,2026-08-05T16:41:00.000,4.24,98.4,14.65,558.79999999999995,88.7,1.7,74.34,OK,27.2
3440,2026-08-05T16:44:00.000,4.1500000000000004,95.6,15.31,567,90.3,1.73,74.38,OK,25
3017,2026-08-05T16:48:00.000,3.83,93.5,15.2,533.79999999999995,90.9,1.55,74.41,OK,32.1
3929,2026-08-05T16:53:00.000,4.87,100.5,17.11,637.4,93.8,2.17,74.510000000000005,WARNING,38.799999999999997
3603,2026-08-05T16:56:00.000,4.32,96.6,16.5,622.4,92.8,2.36,74.55,OK,36.9
2741,2026-08-05T16:59:00.000,3.97,93.1,12.87,505.9,86,2.41,74.62,OK,30.1
3202,2026-08-05T17:06:00.000,4.59,95.8,14.11,578.79999999999995,88.8,2.0499999999999998,74.66,OK,39
2990,2026-08-05T17:11:00.000,4.1100000000000003,90.7,15.03,527.9,84.7,2.2400000000000002,74.709999999999994,OK,27.4
3168,2026-08-05T17:15:00.000,4.5199999999999996,93.4,14.11,536.79999999999995,85.2,1.89,74.83,OK,26.5
3537,2026-08-05T17:22:00.000,4.5999999999999996,95.2,16.62,604.79999999999995,84.8,1.89,74.94,OK,37.5
3231,2026-08-05T17:30:00.000,4.8600000000000003,98.5,16.13,549.79999999999995,90.6,2.38,75,OK,33.4
3130,2026-08-05T17:35:00.000,4.21,97.5,14.95,547.29999999999995,90.4,1.62,75.06,OK,32.5
3372,2026-08-05T17:38:00.000,4.09,98.5,14.8,566.4,91.1,1.77,75.099999999999994,OK,28.2
3614,2026-08-05T17:40:00.000,4.6100000000000003,97.9,14.97,637.20000000000005,91.3,2.37,75.209999999999994,OK,37.200000000000003
3619,2026-08-05T17:43:00.000,5.47,98.7,18.57,585.5,90.3,2.4900000000000002,75.27,OK,30.3
3580,2026-08-05T17:48:00.000,5.28,93.5,16.93,570.6,84.5,2.4500000000000002,75.3,OK,26.2
3851,2026-08-05T17:54:00.000,5.45,96.6,17.57,634.4,89.6,2.46,75.41,OK,27.9
3346,2026-08-05T18:00:00.000,4.7,98.9,17.13,564.5,94.2,2.13,75.47,OK,30.3
3257,2026-08-05T18:05:00.000,4.55,99.6,16.170000000000002,542.5,91.8,1.91,75.569999999999993,OK,33.1
3333,2026-08-05T18:11:00.000,4.2,97.7,16,582.6,94.8,2.31,75.599999999999994,OK,34.799999999999997
3108,2026-08-05T18:16:00.000,4.59,96.7,14.51,531,88.1,2.04,75.66,OK,29
3103,2026-08-05T18:18:00.000,3.96,95.9,14.35,539.4,84.4,2.13,75.709999999999994,OK,35
3656,2026-08-05T18:23:00.000,4.6399999999999997,101.7,17.7,613.5,95.1,2.2400000000000002,75.78,WARNING,36.200000000000003
3690,2026-08-05T18:31:00.000,4.93,96,15.38,601.9,90.1,2.62,75.819999999999993,OK,31.9
2474,2026-08-05T18:33:00.000,3.88,92.4,13.13,471.8,87.7,1.62,75.89,OK,28.9
3729,2026-08-05T18:39:00.000,4.9000000000000004,101.7,14.93,606.6,97.7,2.44,75.989999999999995,WARNING,33.200000000000003
3255,2026-08-05T18:43:00.000,4.34,95.9,13.81,545.4,92.4,2.37,76.08,OK,35.299999999999997
3177,2026-08-05T18:49:00.000,3.58,94.2,14.64,566.5,89.2,1.69,76.180000000000007,OK,25
3282,2026-08-05T18:54:00.000,4.8,96.9,16.45,566.9,88.8,3.01,76.22,WARNING,29.1
2951,2026-08-05T19:00:00.000,4.57,95.6,13.92,499.8,87.4,1.57,76.260000000000005,OK,25.1
3331,2026-08-05T19:04:00.000,4.37,94.7,15.01,527.5,89.8,2.04,76.349999999999994,OK,31.5
4056,2026-08-05T19:10:00.000,4.9000000000000004,103,17.11,648.9,97.5,2.52,76.44,WARNING,40.6
2839,2026-08-05T19:14:00.000,5.15,95.5,14.54,521.6,91.4,2.14,76.5,OK,26.1
3591,2026-08-05T19:22:00.000,4.9400000000000004,99.1,16.46,605.6,93.2,2.14,76.599999999999994,OK,27.4
3709,2026-08-05T19:25:00.000,4.54,99.6,16.489999999999998,584.5,89.9,2.34,76.7,OK,37.200000000000003
3565,2026-08-05T19:33:00.000,4.8099999999999996,98.5,17.5,588.9,93.2,1.82,76.760000000000005,OK,38.700000000000003
3890,2026-08-05T19:38:00.000,5.07,99.5,15.86,628.4,97.4,1.97,76.819999999999993,OK,33.6
3688,2026-08-05T19:43:00.000,4.68,95.3,17.84,578.4,89.5,2.73,76.87,OK,26.9
3570,2026-08-05T19:47:00.000,4.6399999999999997,97.3,14.76,573.5,90.7,1.77,76.900000000000006,OK,24.9
3688,2026-08-05T19:49:00.000,4.16,97.6,15.82,593.29999999999995,94.8,2.2200000000000002,76.94,OK,27.9
3661,2026-08-05T19:53:00.000,4.75,92.1,17.059999999999999,621.20000000000005,81.8,1.93,77.02,OK,32.200000000000003
3180,2026-08-05T19:56:00.000,4.03,95.8,15.28,544.1,89.4,1.61,77.069999999999993,OK,27.5
3511,2026-08-05T20:01:00.000,4.25,97.3,16.32,593.4,90.5,2.37,77.17,OK,36.1
3182,2026-08-05T20:06:00.000,4.32,96.6,14.44,567,93.7,1.97,77.260000000000005,OK,32.700000000000003
2797,2026-08-05T20:12:00.000,4.4000000000000004,96.9,14.31,512.79999999999995,86.1,1.46,77.319999999999993,OK,27
3892,2026-08-05T20:20:00.000,4.2300000000000004,94.4,17.8,616.5,85,2.08,77.430000000000007,OK,22.1
3041,2026-08-05T20:28:00.000,4.3,93.8,15.39,506.2,84.8,1.77,77.5,OK,29.3
3602,2026-08-05T20:32:00.000,4.2,97.6,16.05,620.79999999999995,94.4,2.02,77.56,OK,33.200000000000003
3390,2026-08-05T20:35:00.000,5.35,95.8,15.96,571.4,92.7,2,77.62,OK,40.299999999999997
2873,2026-08-05T20:41:00.000,3.81,92.9,14.9,517.1,88.5,2.1,77.69,OK,24
2897,2026-08-05T20:43:00.000,4.26,97.2,15.38,507.1,90.8,1.59,77.73,OK,37.4
3290,2026-08-05T20:49:00.000,4.1100000000000003,96.5,14.57,552.4,91.2,1.99,77.8,OK,35.6
3272,2026-08-05T20:57:00.000,4.6500000000000004,97.2,13.97,598.4,92.8,1.83,77.88,OK,29.5
2981,2026-08-05T21:00:00.000,3.52,100.1,13.1,536.70000000000005,93.6,2.0099999999999998,78,WARNING,37
2540,2026-08-05T21:08:00.000,4.63,91.8,11.33,478.7,80.7,2.31,78.099999999999994,OK,33.299999999999997
3354,2026-08-05T21:12:00.000,5.43,96.1,18.100000000000001,559.20000000000005,93.5,2.2999999999999998,78.13,OK,30.9
2028,2026-08-05T21:14:00.000,4.2300000000000004,92.1,12.62,398.8,88.8,1.36,78.19,OK,39.700000000000003
3152,2026-08-05T21:21:00.000,4.46,100.1,14.73,554,94.4,1.59,78.22,WARNING,31.2
3405,2026-08-05T21:26:00.000,4.46,97.5,14.67,579.6,90.3,2.1,78.290000000000006,OK,28
2339,2026-08-05T21:32:00.000,3.63,95,11.63,460.9,92.8,1.82,78.31,OK,32.200000000000003
3019,2026-08-05T21:35:00.000,3.93,96.2,14.31,541.4,89.6,1.6,78.39,OK,37.4
2806,2026-08-05T21:43:00.000,4,99,11.87,526.1,92.5,1.89,78.47,OK,32.5
2984,2026-08-05T21:47:00.000,4.53,98,14.09,484.8,87.1,2.11,78.53,OK,33.200000000000003
3234,2026-08-05T21:53:00.000,4.3600000000000003,92.4,15.34,554.9,85.2,1.69,78.58,OK,25.5
2396,2026-08-05T22:00:00.000,3.99,90.4,11.25,481,85,1.98,78.650000000000006,OK,35.4
2764,2026-08-05T22:03:00.000,4.34,93.5,13.04,496.3,90.2,1.52,78.73,OK,28.9
2759,2026-08-05T22:10:00.000,4.58,94.1,13.91,522.29999999999995,88.5,1.67,78.81,OK,26.6
2108,2026-08-05T22:18:00.000,4.53,91.8,11.05,431.7,82.1,1.67,78.849999999999994,OK,37.6
2965,2026-08-05T22:20:00.000,3.82,92.3,13.3,529.29999999999995,89.8,1.68,78.92,OK,28.1
3308,2026-08-05T22:26:00.000,5.22,98.8,15.22,569.20000000000005,94.7,2.33,78.94,OK,31.1
2945,2026-08-05T22:34:00.000,4.82,96.1,15.23,545.5,87.5,1.65,78.98,OK,32.799999999999997
2729,2026-08-05T22:40:00.000,4.51,93.3,14.49,515.70000000000005,89.5,1.71,79,OK,30
2966,2026-08-05T22:44:00.000,4.25,94.1,13.01,525.5,88,1.66,79.03,OK,35.200000000000003
2419,2026-08-05T22:47:00.000,3.89,94.2,13.32,520.70000000000005,85.5,1.34,79.09,OK,38.799999999999997
2291,2026-08-05T22:50:00.000,4.3899999999999997,88.8,11.39,483.2,81.900000000000006,1.5,79.2,WARNING,26.4
2751,2026-08-05T22:55:00.000,4.0999999999999996,95.3,13.54,497.6,88,1.72,79.25,OK,27.6
2623,2026-08-05T23:03:00.000,3.48,94,13.47,494.6,91.2,1.67,79.31,OK,26.1
2623,2026-08-05T23:08:00.000,4.1399999999999997,91.2,11.37,492.7,86,1.47,79.37,OK,32
2184,2026-08-05T23:11:00.000,3.75,88,11.47,428.2,86.4,1.41,79.45,WARNING,26.6
1929,2026-08-05T23:19:00.000,4.1100000000000003,94.5,11.44,423.1,89.8,1.8,79.5,OK,35
2062,2026-08-05T23:26:00.000,3.37,91.8,10.91,455,84.7,1.62,79.62,OK,27
2098,2026-08-05T23:32:00.000,4.6900000000000004,95.2,11.18,454.2,87.8,1.32,79.7,OK,40.9
1652,2026-08-05T23:40:00.000,3.56,93.5,10.15,392.4,86.7,1.1399999999999999,79.75,OK,37.5
2503,2026-08-05T23:42:00.000,3.5,92.8,12.05,483.6,87.5,1.92,79.819999999999993,OK,40.9
1856,2026-08-05T23:47:00.000,3.77,88.2,10.08,405.8,84.9,1.0900000000000001,79.87,OK,26.5
1807,2026-08-05T23:52:00.000,3.83,93.4,10.18,416.2,88.8,1.18,79.97,OK,27
2156,2026-08-06,4.29,97.1,11.5,503.8,91.7,1.23,80.010000000000005,OK,39.200000000000003
1900,2026-08-06T00:02:00.000,3.76,93.7,9.7100000000000009,436.8,88.9,2.29,80.06,OK,39.299999999999997
1635,2026-08-06T00:06:00.000,3.68,88.6,10.23,414,86,1.1000000000000001,80.09,OK,27.5
1644,2026-08-06T00:12:00.000,3.63,91.4,8.67,421.9,86.2,1.4,80.16,OK,35.4
2315,2026-08-06T00:20:00.000,3.59,90.9,11.02,469.7,86.5,1.33,80.25,OK,27.4
1980,2026-08-06T00:27:00.000,3.83,90.2,10.47,438.1,82.6,1.73,80.31,OK,36.799999999999997
1538,2026-08-06T00:32:00.000,3.58,85.8,9.69,399.2,79.900000000000006,1.36,80.39,OK,28.2
2547,2026-08-06T00:40:00.000,3.82,99.5,11.47,500.9,88.3,1.94,80.44,OK,35.4
1759,2026-08-06T00:44:00.000,3.05,87.7,9.44,415.8,77.900000000000006,1.41,80.47,OK,29.7
2164,2026-08-06T00:52:00.000,3.75,94,10.25,455.8,84.8,1.29,80.56,OK,31.3
1911,2026-08-06T00:55:00.000,4.04,85,9.86,414.8,80.400000000000006,1.18,80.650000000000006,OK,32.1
1954,2026-08-06T01:00:00.000,4.33,88.7,9.68,405.9,83.1,1.31,80.77,OK,29.4
1898,2026-08-06T01:02:00.000,3.7,89.9,10.210000000000001,413.7,80.7,1.21,80.86,OK,31.4
1379,2026-08-06T01:05:00.000,3.43,87.5,6.8,372.6,84.6,1.38,80.94,OK,35.299999999999997
2619,2026-08-06T01:08:00.000,4.09,91,13.24,490.9,83.5,2.04,80.989999999999995,OK,29.7
1539,2026-08-06T01:14:00.000,3.63,92.9,9.68,417.6,86,1.04,81.09,OK,39.4
2065,2026-08-06T01:22:00.000,3.68,92.1,9.6199999999999992,449.7,86.8,2.14,81.180000000000007,OK,32.4
1472,2026-08-06T01:26:00.000,3.76,84.5,8.7100000000000009,386.8,78.599999999999994,1.23,81.260000000000005,OK,21.4
1334,2026-08-06T01:32:00.000,2.65,87.8,9.18,352,79.599999999999994,1.67,81.36,OK,38.200000000000003
2173,2026-08-06T01:35:00.000,4.16,86.5,9.86,444.6,80.5,1.72,81.41,OK,25.4
2211,2026-08-06T01:41:00.000,3.79,91,12.91,442.5,85.7,2.04,81.5,OK,40.1
1799,2026-08-06T01:49:00.000,3.68,88.3,10.1,442.9,84.9,1.06,81.569999999999993,OK,36.4
1896,2026-08-06T01:51:00.000,3.22,89,9.52,412.1,85.4,1.4,81.599999999999994,OK,31
1148,2026-08-06T01:56:00.000,3.25,95.4,7.01,374.4,91.4,0.94,81.650000000000006,OK,34.700000000000003
1793,2026-08-06T01:58:00.000,3.88,90.8,9.9499999999999993,460.3,83.9,1.45,81.77,OK,41
1764,2026-08-06T02:06:00.000,4.1100000000000003,87.7,9.56,419.3,84.7,1.24,81.83,OK,28.2
1665,2026-08-06T02:09:00.000,3.65,87.9,9.9,355.7,82,1.83,81.89,OK,31.8
2064,2026-08-06T02:15:00.000,3.98,90.5,10.25,459.2,86.5,1.61,82.01,OK,25.1
800,2026-08-06T02:19:00.000,3.39,84.1,5.8,319.39999999999998,76.7,1.45,82.09,OK,39.200000000000003
1377,2026-08-06T02:23:00.000,3.23,86,8.5500000000000007,352.4,78.900000000000006,2.1800000000000002,82.2,OK,33.799999999999997
1936,2026-08-06T02:26:00.000,4.22,91.9,9.67,435.7,85.2,1.69,82.29,OK,26.5
1005,2026-08-06T02:34:00.000,2.78,87.6,6.76,354,77.599999999999994,1.01,82.33,OK,34
1600,2026-08-06T02:41:00.000,3.88,89.8,9.93,381.6,83.9,1.2,82.42,OK,33.5
1181,2026-08-06T02:46:00.000,2.95,89.4,6.12,369.3,84,1.33,82.47,OK,32
1361,2026-08-06T02:54:00.000,3.01,85.6,8.4600000000000009,378.9,82.4,1.5,82.53,OK,22
940,2026-08-06T03:00:00.000,2.98,81.599999999999994,7.37,349.6,73.400000000000006,0.92,82.57,OK,25.8
2082,2026-08-06T03:02:00.000,4.08,91.2,11.87,446.6,86.4,1.6,82.65,OK,27.2
869,2026-08-06T03:04:00.000,2.81,88.1,6.63,339.4,79.599999999999994,1.23,82.68,OK,35.5
1206,2026-08-06T03:08:00.000,3.73,82.8,7.63,331.9,74,1.34,82.74,OK,29.1
1143,2026-08-06T03:10:00.000,3.33,90.1,6.42,366.4,81.599999999999994,2.12,82.77,OK,41.3
1592,2026-08-06T03:15:00.000,3.19,89.5,8.67,404.5,82.7,1.46,82.79,OK,27.6
1224,2026-08-06T03:18:00.000,3.27,90.3,8.68,362.6,79.099999999999994,0.95,82.87,OK,36.700000000000003
800,2026-08-06T03:24:00.000,3.41,87.2,5.38,333.4,82.7,1.56,82.94,OK,30.5
942,2026-08-06T03:26:00.000,3.65,90.1,4.95,357.4,80.2,0.92,82.96,OK,43.8
800,2026-08-06T03:34:00.000,3.37,89.6,7.42,319.39999999999998,84,0.87,83.04,OK,38.4
1164,2026-08-06T03:37:00.000,3.71,85.1,7.34,349.6,78.099999999999994,1.06,83.1,OK,34.200000000000003
1748,2026-08-06T03:44:00.000,3.63,95.3,10.47,455.5,92.8,1.28,83.15,OK,39
1042,2026-08-06T03:50:00.000,3.17,83.3,6.22,315.10000000000002,78.3,1.17,83.24,OK,37.9
1218,2026-08-06T03:53:00.000,3.27,91.9,7.74,386.9,88.6,1.19,83.3,OK,41.6
1474,2026-08-06T03:55:00.000,4.07,84.8,8.18,419.5,74.400000000000006,1.28,83.34,OK,26.9
835,2026-08-06T03:58:00.000,2.85,88.8,6.78,307.39999999999998,80.400000000000006,1.21,83.42,OK,32.200000000000003
1452,2026-08-06T04:03:00.000,3.52,89.9,8.7100000000000009,411,88.9,1.76,83.48,OK,30.9
1727,2026-08-06T04:07:00.000,3.82,87.9,10.18,421.6,81.099999999999994,1.26,83.52,OK,30.6
800,2026-08-06T04:13:00.000,3.07,85.8,6.1,338.2,86.3,0.99,83.56,OK,36
1438,2026-08-06T04:19:00.000,3.98,87.4,9.48,386.6,81.2,1.02,83.67,OK,32.799999999999997
800,2026-08-06T04:24:00.000,3.25,88.8,5.66,318.10000000000002,80.7,1.47,83.71,OK,38.1
800,2026-08-06T04:27:00.000,3.27,81.400000000000006,7.12,304,76.8,1.06,83.8,OK,29.8
1416,2026-08-06T04:33:00.000,3.57,87.9,9.58,377.2,83,1.24,83.84,OK,33.200000000000003
1128,2026-08-06T04:37:00.000,3.7,90.7,7.69,376.7,86.6,1.1200000000000001,83.88,OK,42.1
850,2026-08-06T04:39:00.000,3.11,79.599999999999994,5.69,342.6,74.099999999999994,1.56,83.94,OK,26.6
1789,2026-08-06T04:47:00.000,3.52,85.4,8.0299999999999994,436.8,78.5,1.36,84.03,OK,27.2
889,2026-08-06T04:53:00.000,3.35,87.3,6.39,329.1,78.5,1.24,84.12,OK,25.5
1386,2026-08-06T04:58:00.000,3.76,81.099999999999994,7.36,354.2,75.7,1.27,84.17,OK,23
894,2026-08-06T05:05:00.000,3.44,82.1,6.15,326,72.5,0.86,84.24,OK,26.5
1160,2026-08-06T05:10:00.000,2.5099999999999998,90.5,9.5500000000000007,390.5,81.5,0.85,84.26,OK,29.2
1172,2026-08-06T05:14:00.000,3.33,89.4,7.41,361.4,84.1,0.98,84.3,OK,37.299999999999997
1029,2026-08-06T05:19:00.000,3.28,89.4,5.82,341.9,84.3,0.89,84.38,OK,30.8
800,2026-08-06T05:22:00.000,3.43,82.7,5.76,342.6,81.2,1.02,84.47,OK,28.6
1102,2026-08-06T05:28:00.000,2.97,84.6,8.23,329.3,78.599999999999994,1.02,84.5,OK,37.1
805,2026-08-06T05:34:00.000,3.38,84.6,6.54,313.7,74.7,1.06,84.61,OK,27.5
852,2026-08-06T05:40:00.000,2.97,85.8,7.11,310.10000000000002,78.400000000000006,1.1100000000000001,84.68,OK,28
1224,2026-08-06T05:43:00.000,3.4,83.9,9.4700000000000006,380.4,78.7,0.98,84.72,OK,34.799999999999997
1205,2026-08-06T05:46:00.000,3.86,88.6,7.66,371.6,81.099999999999994,0.93,84.8,OK,37.1
800,2026-08-06T05:52:00.000,3.25,83.2,7.65,334.3,80.400000000000006,1.4,84.89,OK,31
1111,2026-08-06T05:58:00.000,3.41,85.4,8,335.8,82.3,1.0900000000000001,84.93,OK,25.5
1049,2026-08-06T06:03:00.000,3.47,88.8,6.64,369.8,83.8,1.66,85.01,OK,30.9
800,2026-08-06T06:11:00.000,3.4,86.2,7.59,280.2,80.3,0.71,85.08,OK,37.5
800,2026-08-06T06:13:00.000,2.16,89.8,6.5,309.5,85,1.18,85.18,WARNING,37.4
800,2026-08-06T06:21:00.000,3.47,84.5,7.51,323.8,81.400000000000006,1.33,85.29,OK,30.4
1075,2026-08-06T06:24:00.000,3.73,89.1,7.1,366.1,84.6,1.04,85.37,OK,32.5
984,2026-08-06T06:29:00.000,3.27,89.7,5.29,334.9,83.5,1.53,85.49,OK,36.9
1175,2026-08-06T06:35:00.000,2.69,91.3,5.64,335,85.2,0.89,85.54,OK,42.2
807,2026-08-06T06:42:00.000,2.89,87.4,6.8,312.5,81.2,1.6,85.61,OK,37.299999999999997
1067,2026-08-06T06:48:00.000,2.86,90.4,6.76,336.7,86,1.41,85.63,OK,29.2
1107,2026-08-06T06:56:00.000,3.32,89.6,5.73,398,81,0.82,85.66,OK,40.799999999999997
1270,2026-08-06T07:04:00.000,3.44,90.4,8.4,382.1,85.1,1.46,85.77,OK,35.799999999999997
1685,2026-08-06T07:10:00.000,4.0999999999999996,84.1,10.130000000000001,385,76.8,1.08,85.8,OK,25.3
1563,2026-08-06T07:18:00.000,4.0599999999999996,89.9,9.0500000000000007,373.9,80.400000000000006,1.24,85.87,OK,28.9
1177,2026-08-06T07:20:00.000,4.21,91.2,7.49,352.4,79.8,1.43,85.98,OK,38.200000000000003
800,2026-08-06T07:23:00.000,2.91,86.3,7,326.2,83.6,1.64,86.07,OK,39.200000000000003
1058,2026-08-06T07:30:00.000,3.26,90.4,7.05,345.6,83.6,1.1599999999999999,86.11,OK,34.5
1578,2026-08-06T07:38:00.000,3.63,84.5,8.7100000000000009,423.7,78.2,1.05,86.19,OK,24.2
1255,2026-08-06T07:45:00.000,3.21,83.3,6.85,349.5,76.599999999999994,1.34,86.23,OK,24.9
854,2026-08-06T07:53:00.000,3.28,85.9,5.28,337.4,81.900000000000006,0.91,86.32,OK,28.8
1242,2026-08-06T07:59:00.000,3.67,86.9,7.87,353.9,81.099999999999994,1.75,86.44,OK,26.6
1170,2026-08-06T08:04:00.000,4.18,86,6.88,369.2,80.5,1.36,86.51,OK,33
1797,2026-08-06T08:08:00.000,3.95,88.2,11.31,409.6,79.7,1.85,86.55,OK,37.299999999999997
1173,2026-08-06T08:12:00.000,2.95,90.2,7.68,378.6,83.7,1.25,86.6,OK,32.6
1544,2026-08-06T08:14:00.000,3.13,86.4,7.93,397.4,79.900000000000006,2.0299999999999998,86.63,OK,38.4
1663,2026-08-06T08:21:00.000,3.33,90.8,9.5500000000000007,435,86.4,1.23,86.75,OK,33.700000000000003
1011,2026-08-06T08:24:00.000,3.54,83.2,6.93,341.6,74,0.74,86.81,OK,27.4
1208,2026-08-06T08:27:00.000,3.42,86.5,8.11,369.3,83.7,0.95,86.86,OK,26.3
1343,2026-08-06T08:35:00.000,3.02,86.9,8.6,354.6,80.2,1.43,86.89,OK,29.4
1565,2026-08-06T08:37:00.000,3.23,93.2,8.31,379.7,92.8,1.46,86.92,OK,32.799999999999997
1334,2026-08-06T08:44:00.000,3.78,92.8,8.41,391.3,90.2,1.37,87.01,OK,38
1086,2026-08-06T08:48:00.000,3.78,85.1,9.11,345.9,75.400000000000006,1.19,87.06,OK,27.2
1240,2026-08-06T08:52:00.000,2.61,88.9,7.17,378.5,84.5,1.06,87.18,OK,26
1948,2026-08-06T09:00:00.000,3.95,84.2,9.94,416.6,85.6,1.23,87.29,OK,25.1
2371,2026-08-06T09:06:00.000,4.3499999999999996,90.3,10.64,474.6,88.3,1.5,87.38,OK,24.9
1779,2026-08-06T09:11:00.000,3.57,91.3,10.87,407.6,81.5,1.83,87.45,OK,40.799999999999997
2077,2026-08-06T09:17:00.000,4.29,84.4,10.71,443.2,80.5,1.21,87.52,OK,25.6
1850,2026-08-06T09:25:00.000,4.37,88.7,8.6,407.7,82.8,1.3,87.62,OK,30.6
1999,2026-08-06T09:32:00.000,4.1500000000000004,94,9.4,444.2,86,1.32,87.71,OK,33
2042,2026-08-06T09:40:00.000,3.96,94.3,9.85,438.1,90.2,1.21,87.74,OK,43.6
2048,2026-08-06T09:43:00.000,3.52,93.3,11.8,465,92.2,1.48,87.79,OK,35.700000000000003
1963,2026-08-06T09:51:00.000,4.42,88.7,10.5,421.2,82.5,2.68,87.87,OK,35.200000000000003
1918,2026-08-06T09:57:00.000,3.49,86.7,10.029999999999999,416.2,82.5,1.3,87.99,OK,26.1
1755,2026-08-06T10:00:00.000,3.87,90.5,8.9700000000000006,411.5,82.8,1.37,88.03,OK,36.5
2110,2026-08-06T10:06:00.000,3.67,91.2,10.89,462.3,86.7,1.82,88.06,OK,28
2064,2026-08-06T10:11:00.000,3.5,91.4,10.16,444.1,90.6,1.17,88.13,OK,27.2
1667,2026-08-06T10:17:00.000,4.1100000000000003,89.3,10.54,403.4,81.2,2.0499999999999998,88.17,OK,31.4
2430,2026-08-06T10:23:00.000,4.55,92.9,12.15,474.5,82.8,1.54,88.2,OK,38.4
2391,2026-08-06T10:29:00.000,3.68,90.7,10.94,476.7,82.8,2.06,88.24,OK,29.9
2141,2026-08-06T10:32:00.000,4.07,91.2,10.35,442.4,84.5,1.67,88.33,OK,37.9
2516,2026-08-06T10:38:00.000,4.09,90,13.81,471.5,89.7,1.85,88.36,OK,27.2
2388,2026-08-06T10:45:00.000,3.66,89.2,11.67,467.9,80.3,2.11,88.43,OK,27.3
2009,2026-08-06T10:53:00.000,3.5,92.9,11.92,433.1,88,1.49,88.54,OK,34.700000000000003
1558,2026-08-06T10:57:00.000,3.42,90.8,9.15,391.2,80.400000000000006,1.04,88.64,OK,39.4
1576,2026-08-06T11:01:00.000,3.64,92.4,9.41,370.7,81.599999999999994,1.57,88.73,OK,40.6
2695,2026-08-06T11:09:00.000,4.9400000000000004,91.4,12.45,521.20000000000005,87.2,1.55,88.77,OK,24.9
2273,2026-08-06T11:14:00.000,4.34,91.8,12.19,464.4,87.5,1.64,88.86,OK,32
2184,2026-08-06T11:22:00.000,4.07,86.2,10.07,448,80.8,2.4500000000000002,88.91,OK,28.6
2112,2026-08-06T11:24:00.000,3.82,93.6,10.220000000000001,439.9,88.7,1.79,88.98,OK,33.799999999999997
2395,2026-08-06T11:32:00.000,3.48,91.9,12.2,468.3,82.7,1.46,89.01,OK,25.5
2723,2026-08-06T11:38:00.000,4.01,93.7,12.77,490.3,85.4,1.77,89.09,OK,29.7
2148,2026-08-06T11:44:00.000,4.26,95.6,11.05,445,89.4,2,89.2,OK,39.5
2494,2026-08-06T11:47:00.000,4.38,97.6,12.71,488.4,89.5,1.45,89.32,OK,33.299999999999997
3421,2026-08-06T11:49:00.000,4.1900000000000004,94.4,15.44,573,90.1,2.14,89.39,OK,29.1
3155,2026-08-06T11:56:00.000,4.3099999999999996,101.6,14.62,564.5,91.2,2.02,89.46,WARNING,40.5
1767,2026-08-06T11:58:00.000,3.2,92.1,11.35,430.9,86.7,1.26,89.58,OK,28.5
1942,2026-08-06T12:06:00.000,4.0599999999999996,87.6,8.5,446.4,84.3,1.27,89.63,OK,24.5
3237,2026-08-06T12:12:00.000,4.68,93.5,14.39,562.79999999999995,88.6,1.62,89.71,OK,31.8
2947,2026-08-06T12:18:00.000,3.83,97.1,13.64,531.1,87.5,2.02,89.83,OK,37.799999999999997
2679,2026-08-06T12:24:00.000,4.3899999999999997,95.5,13.73,512.4,90.4,1.55,89.94,OK,27.5
2874,2026-08-06T12:26:00.000,4.6500000000000004,91.1,14.24,514.79999999999995,87.7,2.11,89.97,OK,30.4
2605,2026-08-06T12:30:00.000,4.47,89,10.37,475.9,80.900000000000006,1.63,90,OK,26.6
2510,2026-08-06T12:37:00.000,3.99,96.6,13.29,522.9,96.2,2.08,90.11,OK,40.200000000000003
3025,2026-08-06T12:40:00.000,4.5999999999999996,95.1,14.18,550.5,85.4,1.68,90.21,OK,29.5
2762,2026-08-06T12:44:00.000,4.57,95.4,13.82,520.70000000000005,90.8,2,90.32,OK,28.4
3124,2026-08-06T12:51:00.000,3.67,98.9,13.95,553.4,94.6,2.57,90.43,OK,41.4
2655,2026-08-06T12:59:00.000,4.38,96.9,13.34,515.79999999999995,93.7,1.67,90.46,OK,40.9
3122,2026-08-06T13:06:00.000,3.78,96.7,14.79,551.9,94.9,1.72,90.48,OK,34.200000000000003
3006,2026-08-06T13:12:00.000,4.1900000000000004,97.4,13.92,539.70000000000005,94.1,1.79,90.5,OK,40.200000000000003
2454,2026-08-06T13:14:00.000,3.97,95,13.56,500.7,91.8,1.47,90.58,OK,34
3461,2026-08-06T13:18:00.000,4.88,93.1,17.690000000000001,573.4,86.9,2.72,90.67,OK,28.8
2475,2026-08-06T13:20:00.000,4.04,93.9,12.12,504,85.6,1.69,90.69,OK,36.5
3457,2026-08-06T13:26:00.000,4.87,97.7,14.14,581.1,92,2.19,90.73,OK,38.200000000000003
3172,2026-08-06T13:34:00.000,4.3,96,15.08,529.1,93,2.27,90.77,OK,37.1
3259,2026-08-06T13:38:00.000,4.74,98.7,14.23,569.70000000000005,93.5,1.67,90.79,OK,35
2884,2026-08-06T13:46:00.000,4.46,97,13.89,517.5,90.1,1.77,90.85,OK,33.1
2948,2026-08-06T13:48:00.000,4.4000000000000004,98.4,14.22,519.1,91.8,1.58,90.93,OK,37.6
3099,2026-08-06T13:53:00.000,4.29,98,14.5,537.4,92.5,2.37,90.99,OK,33.1
2666,2026-08-06T14:01:00.000,4.0999999999999996,95.3,11.9,481.4,86.6,1.5,91.02,OK,35.6
3337,2026-08-06T14:05:00.000,4.5999999999999996,91.9,13.89,571.6,88.2,1.75,91.05,OK,27.1
3029,2026-08-06T14:08:00.000,4.12,96.9,13.11,545.5,92.7,1.76,91.11,OK,40.6
2430,2026-08-06T14:10:00.000,4.0199999999999996,94.7,11.92,485.9,88.4,1.31,91.15,OK,35.6
3850,2026-08-06T14:18:00.000,4.95,99.1,18.27,598.4,96.2,2.29,91.18,OK,30.8
3299,2026-08-06T14:25:00.000,4.54,99,14.78,574.1,96.1,2.52,91.2,OK,32.799999999999997
3336,2026-08-06T14:31:00.000,4.18,98.6,16.170000000000002,599.79999999999995,95.9,1.77,91.31,OK,36.299999999999997
2996,2026-08-06T14:37:00.000,4.2699999999999996,96.8,12.24,538.9,88,1.73,91.4,OK,37.200000000000003
3369,2026-08-06T14:41:00.000,4.6100000000000003,96.3,15.72,560.29999999999995,93.3,2.67,91.48,OK,37.700000000000003
3524,2026-08-06T14:48:00.000,4.51,98.2,17.3,568.70000000000005,95.4,1.85,91.53,OK,38
2771,2026-08-06T14:54:00.000,4.3,96.6,12.4,504.4,85,2.04,91.58,OK,31.3
3504,2026-08-06T15:01:00.000,4.49,96.7,15.61,607.9,91.4,2.99,91.68,OK,31.9
2934,2026-08-06T15:06:00.000,4.3899999999999997,95.8,13.9,522.4,92.4,1.58,91.72,OK,27.4
2866,2026-08-06T15:09:00.000,4.58,90,14.18,490.6,87.6,2.2000000000000002,91.76,OK,31.1
3019,2026-08-06T15:13:00.000,4.29,92.8,13.05,537.4,84.6,1.62,91.81,OK,30.3
4072,2026-08-06T15:17:00.000,5.14,96,16.649999999999999,625,87.9,2.2000000000000002,91.84,OK,32.200000000000003
3620,2026-08-06T15:23:00.000,5.18,93.5,16.79,572.5,88.1,2.33,91.92,OK,36.700000000000003
3348,2026-08-06T15:30:00.000,4.5599999999999996,92.6,15.69,571.5,85.1,1.81,91.96,OK,33.5
3958,2026-08-06T15:32:00.000,5.15,98.1,16.489999999999998,619.5,93.7,2.48,92.07,OK,28.1
3047,2026-08-06T15:38:00.000,4.1500000000000004,101,14.73,549.4,96.8,1.67,92.13,WARNING,39.700000000000003
3016,2026-08-06T15:40:00.000,4.53,89.6,13.94,529.29999999999995,87,1.79,92.17,OK,25.1
3061,2026-08-06T15:46:00.000,4.28,96.7,13.41,564.1,91.3,2.2200000000000002,92.26,OK,36.6
4044,2026-08-06T15:54:00.000,4.3099999999999996,99,16.91,640.1,91.9,2.54,92.28,OK,30.8
3695,2026-08-06T15:56:00.000,5.26,99.6,16.16,610.5,94.1,1.82,92.34,OK,36.6
3108,2026-08-06T16:03:00.000,4.32,95.4,16.940000000000001,529.6,89,1.58,92.45,OK,33
5288,2026-08-06T16:11:00.000,4.6399999999999997,95.1,14.74,523.6,87,2.71,92.49,OK,35.4
3498,2026-08-06T16:19:00.000,4.62,92.9,15.01,614.70000000000005,92.6,2.4900000000000002,92.57,OK,36.200000000000003
3003,2026-08-06T16:21:00.000,4,96,13.3,546.6,93.4,1.66,92.68,OK,29.3
3338,2026-08-06T16:26:00.000,4.99,98.4,15.75,553.20000000000005,90.4,1.98,92.78,OK,28.3
3052,2026-08-06T16:34:00.000,4.63,96.8,14.12,558.20000000000005,87.1,1.65,92.87,OK,37.700000000000003
3374,2026-08-06T16:41:00.000,4.2699999999999996,98.5,15.27,573.4,95.5,1.77,92.9,OK,38
3682,2026-08-06T16:46:00.000,5.07,95.7,15.99,591.79999999999995,93.3,2.44,93,OK,35.4
4004,2026-08-06T16:51:00.000,5.52,97.3,16.43,617.70000000000005,97.6,2.1800000000000002,93.07,OK,27.5
2843,2026-08-06T16:57:00.000,4.4000000000000004,94,13.53,522.4,91.6,1.6,93.15,OK,24.5
3597,2026-08-06T17:04:00.000,5.09,93.7,17.96,605.9,87.1,1.97,93.2,OK,25.4
3619,2026-08-06T17:07:00.000,5.17,99.8,16.059999999999999,612.1,98.3,1.89,93.26,OK,40.4
3295,2026-08-06T17:12:00.000,4.2,103.3,14.95,604.4,96.5,2.44,93.31,WARNING,37.4
3163,2026-08-06T17:16:00.000,4.67,96.7,15.12,547.9,85.4,2.39,93.35,OK,32.9
3155,2026-08-06T17:19:00.000,4,94.1,14.54,547.20000000000005,87.8,1.59,93.37,OK,35.799999999999997
2707,2026-08-06T17:23:00.000,4.12,100.6,12.18,529.70000000000005,95.8,1.8,93.42,WARNING,30.8
3619,2026-08-06T17:28:00.000,4.54,98.8,15.74,605.20000000000005,89.4,2.33,93.45,OK,31.7
3070,2026-08-06T17:32:00.000,4.28,93.3,13.76,571.5,91.4,2.0099999999999998,93.47,OK,31.2
2744,2026-08-06T17:40:00.000,3.94,95.3,13.85,545.4,89.3,1.82,93.58,OK,37.9
3430,2026-08-06T17:46:00.000,4.34,93.9,14.95,566.4,82.9,1.9,93.67,OK,36.1
3415,2026-08-06T17:50:00.000,4.24,94.2,14.41,539.9,86.7,2.2200000000000002,93.71,OK,28.6
3590,2026-08-06T17:53:00.000,4.12,97.9,17.09,549.79999999999995,93.2,2.06,93.73,OK,23.5
3917,2026-08-06T17:58:00.000,4.79,95.3,17.989999999999998,623.6,83.2,2.67,93.84,OK,28.3
3282,2026-08-06T18:02:00.000,4.0999999999999996,90.4,15.26,547.20000000000005,83,2.5,93.94,OK,21.8
3149,2026-08-06T18:06:00.000,4.18,98.2,13.9,562.9,88.8,2.4500000000000002,94,OK,31.8
3102,2026-08-06T18:10:00.000,4.03,102.8,12.12,545.5,98.6,2.04,94.02,WARNING,38.700000000000003
3121,2026-08-06T18:17:00.000,3.93,96.4,16.43,571.6,87,2.06,94.07,OK,29
2949,2026-08-06T18:21:00.000,4.42,99.1,15.91,516.20000000000005,89.9,1.6,94.12,OK,30.8
3039,2026-08-06T18:24:00.000,4.46,92.4,14.27,526.20000000000005,89,2.08,94.17,OK,31.6
2921,2026-08-06T18:31:00.000,4.3899999999999997,98,13.87,523.5,96.8,2.14,94.19,OK,40
2792,2026-08-06T18:33:00.000,4.2300000000000004,99.3,12.57,529.4,93.6,1.82,94.22,OK,40.799999999999997
3745,2026-08-06T18:39:00.000,5.0199999999999996,98,14.54,598,93.5,2.34,94.28,WARNING,35
3603,2026-08-06T18:44:00.000,4.67,93.8,15.89,580.70000000000005,86,2.09,94.39,OK,25.2
2447,2026-08-06T18:46:00.000,4.6399999999999997,90.9,10.199999999999999,496.7,83.4,1.83,94.42,OK,25.4
3190,2026-08-06T18:53:00.000,4.01,95.6,15.37,568.29999999999995,92.4,1.81,94.46,OK,26.5
3035,2026-08-06T18:59:00.000,3.88,95.3,14.43,542.79999999999995,88,2.25,94.57,OK,33.9
3088,2026-08-06T19:03:00.000,3.66,97.6,13.56,529.6,88.9,1.8,94.64,OK,37.9
2507,2026-08-06T19:05:00.000,3.49,88.8,13,487.1,82.4,1.53,94.76,OK,27.4
2346,2026-08-06T19:11:00.000,3.85,92.6,12.76,484.2,90.2,1.76,94.87,OK,30.1
2951,2026-08-06T19:17:00.000,4.24,97.4,13.84,531,93.1,1.81,94.94,OK,33.799999999999997
2817,2026-08-06T19:19:00.000,4.59,96.1,13.15,507.4,92.6,1.65,95.01,OK,35.9
2731,2026-08-06T19:23:00.000,4.1500000000000004,91.6,12.99,497.2,84.2,1.92,95.13,OK,30
2826,2026-08-06T19:27:00.000,4.87,89.9,15,515.29999999999995,78.2,1.9,95.16,OK,30
3084,2026-08-06T19:34:00.000,4.51,96.2,14.36,563.9,93.1,2.0699999999999998,95.26,OK,33.6
3158,2026-08-06T19:39:00.000,4.6399999999999997,96.4,15.07,536.6,85.9,1.76,95.37,OK,39.4
2480,2026-08-06T19:45:00.000,4.33,99.3,13.93,499.7,92.4,2.21,95.46,OK,41.4
2487,2026-08-06T19:50:00.000,3.9,98.3,11.33,508,92.7,1.59,95.56,OK,39
2824,2026-08-06T19:57:00.000,4.93,88.2,10.74,515.5,84.3,1.75,95.61,OK,25.7
3173,2026-08-06T20:01:00.000,4.5999999999999996,97.1,14.69,567.4,87.2,1.74,95.72,OK,38.9
2643,2026-08-06T20:08:00.000,4.79,91.2,13.37,488.5,87.6,1.89,95.8,OK,29.7
2742,2026-08-06T20:14:00.000,4.62,91.2,12.33,502.7,86.7,2.0699999999999998,95.91,OK,32.4
2186,2026-08-06T20:19:00.000,4.12,91.8,11.61,435.7,87.7,2.08,95.95,OK,34.4
1867,2026-08-06T20:24:00.000,3.65,87.7,11.21,412,81.2,1.53,95.99,OK,29.8
3417,2026-08-06T20:29:00.000,4.6100000000000003,94.2,13.88,558.20000000000005,90.4,1.82,96.11,OK,29.7
2676,2026-08-06T20:37:00.000,4.3600000000000003,89.6,11.95,482.5,82.4,1.62,96.13,OK,25.3
2194,2026-08-06T20:44:00.000,3.5,95.2,11.52,471.4,86.3,1.28,96.16,OK,33
1772,2026-08-06T20:50:00.000,2.9,90.6,8.83,392.3,85.1,1.21,96.24,OK,37.1
2999,2026-08-06T20:58:00.000,4.2300000000000004,95.8,13.57,515.79999999999995,88.6,2.16,96.26,OK,35
2133,2026-08-06T21:01:00.000,3.74,95,11.27,467.9,90.9,1.5,96.37,OK,33.799999999999997
2104,2026-08-06T21:04:00.000,4.08,89.3,9.7899999999999991,441.5,83.1,1.32,96.41,OK,27.2
2154,2026-08-06T21:08:00.000,4.3899999999999997,90.6,9.34,435.5,83,1.37,96.43,OK,25.2
2423,2026-08-06T21:14:00.000,4.08,89.9,11.53,482.2,86.7,1.32,96.51,OK,28.2
2569,2026-08-06T21:20:00.000,3.75,90.5,12.73,485.5,86.2,1.85,96.56,OK,25.8
2211,2026-08-06T21:22:00.000,3.94,92.4,11.92,463.3,84.7,1.93,96.64,OK,33.6
1919,2026-08-06T21:27:00.000,3.81,93,9.06,436.8,86.1,1.85,96.72,OK,40.1
3060,2026-08-06T21:31:00.000,4.32,96.8,13.4,538.20000000000005,91.5,1.78,96.77,OK,29.7
2054,2026-08-06T21:37:00.000,3.49,95.4,11.36,436.9,89.2,1.41,96.85,OK,38.9
2200,2026-08-06T21:39:00.000,4.63,91.2,10.119999999999999,452.2,81.099999999999994,1.91,96.94,WARNING,30.7
1641,2026-08-06T21:41:00.000,3.85,94.4,8.3699999999999992,415.6,89.5,1.21,97.04,OK,41.9
2339,2026-08-06T21:47:00.000,4.26,89.5,12.98,473.1,82.1,1.56,97.15,OK,29
2488,2026-08-06T21:51:00.000,3.45,94.5,11.82,491.9,86.2,1.68,97.22,OK,31.1
1775,2026-08-06T21:55:00.000,3.3,86.5,8.68,406.8,84.7,1.08,97.33,OK,26.1
1402,2026-08-06T21:58:00.000,2.98,85.3,8.5399999999999991,381.7,80.3,0.94,97.38,OK,27.7
1883,2026-08-06T22:01:00.000,3.65,91.2,10.63,406.1,80.7,1.58,97.48,OK,25.3
2651,2026-08-06T22:05:00.000,4.66,87.1,13.19,497.6,76.599999999999994,1.42,97.52,OK,28
1733,2026-08-06T22:07:00.000,3.58,91.7,9.4700000000000006,427.5,88.2,1.93,97.58,OK,33.5
2815,2026-08-06T22:14:00.000,4.1399999999999997,96.7,12.63,473.4,85,1.87,97.64,OK,39
1703,2026-08-06T22:17:00.000,3.09,88.1,10.93,423.3,84.2,1.35,97.66,OK,24.7
1232,2026-08-06T22:19:00.000,3.47,90.8,8.74,392.4,84.1,0.95,97.74,OK,29.4
1663,2026-08-06T22:22:00.000,3.49,86.3,8.74,408.5,79.099999999999994,1.44,97.78,OK,30.5
1158,2026-08-06T22:24:00.000,3.75,86.1,7.54,323.5,79,1.45,97.82,OK,39.9
1533,2026-08-06T22:29:00.000,3.25,92.1,8.1199999999999992,399.6,82.6,0.96,97.91,WARNING,34.6
1890,2026-08-06T22:35:00.000,3.72,87.8,10.28,412.2,80.5,1.47,97.95,OK,24.2
1566,2026-08-06T22:39:00.000,3.35,91.7,9.11,401.1,86.2,1.64,97.98,OK,31.2
2087,2026-08-06T22:44:00.000,3.71,94.2,11.1,456.5,86.7,2.0699999999999998,98,OK,37.6
1487,2026-08-06T22:48:00.000,3.75,92,10,403.7,82.8,1.48,98.12,OK,42.6
1125,2026-08-06T22:56:00.000,2.92,87.4,8.09,358.1,79.900000000000006,0.94,98.14,OK,36.1
1673,2026-08-06T23:03:00.000,3.58,88.3,8.65,401.3,83.7,1.34,98.26,OK,30.4
1543,2026-08-06T23:05:00.000,3.49,95.1,7.92,424.5,91.4,1.74,98.31,OK,37.4
1561,2026-08-06T23:08:00.000,3.83,85.2,9.2100000000000009,377.9,79,1.72,98.39,OK,23.4
1098,2026-08-06T23:11:00.000,3.16,89.4,7.98,335.8,85,1.35,98.5,OK,32
1613,2026-08-06T23:19:00.000,4,86.2,11.12,392.7,80.8,1.48,98.57,OK,29.6
1981,2026-08-06T23:22:00.000,3.11,90,9.2200000000000006,429.9,81.900000000000006,1.19,98.63,OK,37.9
1010,2026-08-06T23:30:00.000,3.45,84.6,7.82,327.9,76.5,1.38,98.67,OK,23.1
800,2026-08-06T23:36:00.000,3.17,83.7,5.85,328.4,78.7,0.66,98.74,OK,26.5
883,2026-08-06T23:42:00.000,3.52,87.4,8.17,325.10000000000002,81.400000000000006,0.75,98.78,OK,28.8
1391,2026-08-06T23:49:00.000,3.13,87.8,8.0399999999999991,389.6,85.4,1.23,98.84,OK,33.4
816,2026-08-06T23:53:00.000,3.75,85.9,7.42,300.10000000000002,76.400000000000006,1.43,98.87,OK,38.700000000000003
1472,2026-08-06T23:56:00.000,4.03,86,10.91,372.5,78.599999999999994,1.25,98.93,OK,34.9
1461,2026-08-07T00:01:00.000,3.32,92.5,9.0500000000000007,407.2,88.3,0.93,99.03,OK,24.9
1444,2026-08-07T00:05:00.000,3.68,86.4,7.88,373.4,79.900000000000006,0.98,99.08,OK,39
2202,2026-08-07T00:11:00.000,3.46,100.3,10.67,458.2,92.3,1.6,99.15,WARNING,35.1
800,2026-08-07T00:17:00.000,3.37,85.6,5.44,345.1,85,1.22,99.18,OK,25.7
800,2026-08-07T00:20:00.000,2.84,88.1,5.71,347.3,84.4,0.84,99.27,OK,38.1
1687,2026-08-07T00:26:00.000,3.81,83.8,8.76,383,82.3,1.03,99.33,OK,24.8
1408,2026-08-07T00:28:00.000,3.12,90.1,10.6,380.3,82.6,1.08,99.37,OK,34
1606,2026-08-07T00:34:00.000,4.05,85.7,8.42,396.9,80.2,1.56,99.42,OK,34
800,2026-08-07T00:41:00.000,3.35,86,6.43,329.5,78,1.34,99.49,OK,35.799999999999997
800,2026-08-07T00:44:00.000,3.81,89.6,6.69,307.60000000000002,83.6,1.1499999999999999,99.52,OK,37.6
1500,2026-08-07T00:48:00.000,3.66,83.3,9.11,363.3,79.3,1.32,99.55,OK,25.4
1084,2026-08-07T00:54:00.000,2.76,88.4,8.93,357.8,82.5,0.86,99.62,OK,31.9
1589,2026-08-07T00:59:00.000,3.69,89.3,7.75,413.3,86.2,1.1299999999999999,99.73,OK,37
970,2026-08-07T01:07:00.000,4.13,87,5.74,334,81.099999999999994,1.25,99.81,OK,29.3
1029,2026-08-07T01:12:00.000,3.23,83.6,6.27,333.2,79.5,1.32,99.86,OK,33.9
1893,2026-08-07T01:14:00.000,3.91,93.3,11.42,434,85.6,1.34,99.92,OK,30.5
800,2026-08-07T01:18:00.000,3.35,88.6,6.79,329.1,83.8,1.02,99.95,OK,37.6
1329,2026-08-07T01:20:00.000,3.05,83.9,9.92,371.2,77.7,1.72,100.07,OK,24.8
800,2026-08-07T01:27:00.000,3.28,81.7,4.58,352.9,76.599999999999994,0.76,100.17,OK,24.7
800,2026-08-07T01:29:00.000,3.35,90.7,6.85,316.60000000000002,81.7,0.91,100.21,OK,40.299999999999997
1301,2026-08-07T01:32:00.000,3.71,85.9,8.4700000000000006,355.2,83.8,1.52,100.3,OK,29.2
800,2026-08-07T01:35:00.000,3.02,85,4.83,315.60000000000002,79.5,1.9,100.4,OK,38.5
1335,2026-08-07T01:38:00.000,3.12,88.7,8.58,376.3,79.099999999999994,0.89,100.42,OK,30.1
945,2026-08-07T01:43:00.000,2.98,85.5,7.25,325.5,81.900000000000006,1.03,100.49,OK,23
800,2026-08-07T01:49:00.000,3.09,83.2,5.72,312.10000000000002,76.8,1.3,100.6,OK,28.4
975,2026-08-07T01:53:00.000,3.27,88.4,7.39,326.2,85,1.02,100.72,OK,26.1
803,2026-08-07T02:01:00.000,2.67,87.4,5.33,311.60000000000002,80.5,0.7,100.75,OK,39.4
800,2026-08-07T02:04:00.000,3.52,85.9,6.96,301.2,80.3,1.2,100.77,OK,24.7
830,2026-08-07T02:08:00.000,3.43,90.2,7.47,339.2,83.1,1.66,100.86,OK,41.1
800,2026-08-07T02:10:00.000,4.0599999999999996,82.8,5.55,310.39999999999998,78.3,0.88,100.89,OK,34.6
800,2026-08-07T02:18:00.000,3.24,87.6,7.13,337.4,84.4,1.21,100.95,OK,28.9
800,2026-08-07T02:25:00.000,3.06,88.6,4.99,335.6,81.599999999999994,0.81,101.04,OK,34.200000000000003
1177,2026-08-07T02:31:00.000,2.81,89.8,7.73,391,81.5,1.58,101.16,OK,39.299999999999997
1153,2026-08-07T02:36:00.000,2.87,82,7.58,347.8,81.599999999999994,1.05,101.22,OK,35.9
800,2026-08-07T02:44:00.000,2.77,87,5.98,328.6,79.400000000000006,0.69,101.29,OK,35.700000000000003
962,2026-08-07T02:48:00.000,2.81,84.5,6.53,320.39999999999998,79.8,0.77,101.36,OK,34.4
1495,2026-08-07T02:54:00.000,3.4,85.6,10.220000000000001,382.6,77.599999999999994,1.24,101.4,OK,33.700000000000003
800,2026-08-07T02:58:00.000,2.88,86.7,3.98,330.5,80.099999999999994,0.85,101.46,OK,38.4
927,2026-08-07T03:00:00.000,3.66,81.599999999999994,8.14,308.8,79.099999999999994,1.42,101.51,OK,36
1704,2026-08-07T03:03:00.000,3.84,89.7,8.2899999999999991,418,87.4,1.1200000000000001,101.59,OK,34.1
1168,2026-08-07T03:05:00.000,3.54,91.6,9.1300000000000008,366.8,82.8,1.27,101.67,OK,39
1357,2026-08-07T03:09:00.000,2.89,89,9.16,376.6,84.6,1.25,101.71,OK,30.7
1296,2026-08-07T03:14:00.000,3.42,90.3,8.39,376.2,83.7,1.4,101.77,OK,30.8
1233,2026-08-07T03:18:00.000,2.82,87.8,8.91,361.8,78.900000000000006,1.47,101.81,OK,36.799999999999997
812,2026-08-07T03:25:00.000,3.38,84.8,5.91,326.60000000000002,79,0.86,101.89,OK,24.4
800,2026-08-07T03:33:00.000,2.94,81.099999999999994,6.79,331.1,71,0.83,101.92,OK,25.2
1323,2026-08-07T03:38:00.000,3.02,83.8,8.01,388.4,78.7,1.43,101.98,OK,35.6
1282,2026-08-07T03:43:00.000,3.32,83.1,8.2799999999999994,354.8,76.8,0.83,102,OK,25
1192,2026-08-07T03:51:00.000,3.17,84.7,8.44,361.4,78.900000000000006,1.08,102.07,OK,29.4
1226,2026-08-07T03:55:00.000,3.65,87,8.33,348.9,84.2,1.95,102.14,OK,38.5
867,2026-08-07T03:59:00.000,2.98,88.1,6.18,368.7,82.1,0.83,102.25,OK,28.9
800,2026-08-07T04:04:00.000,3.15,86.9,6.39,336.8,84.1,0.69,102.33,OK,39.1
910,2026-08-07T04:08:00.000,2.85,90.6,6.57,326.10000000000002,84.7,1.29,102.41,OK,29.1
1094,2026-08-07T04:14:00.000,3.12,88.2,6.75,375.3,85.4,0.96,102.5,OK,22.3
990,2026-08-07T04:19:00.000,2.94,82.6,7.9,311.5,73.7,0.89,102.59,OK,27.3
1764,2026-08-07T04:26:00.000,3.54,91.7,10.85,405.2,82.8,1.92,102.64,OK,29.4
1749,2026-08-07T04:34:00.000,3.85,91.3,11.75,407.1,86.2,1.29,102.71,OK,27.9
1549,2026-08-07T04:39:00.000,3.7,87.8,8.27,389.9,86.3,1.26,102.78,OK,31.5
1696,2026-08-07T04:43:00.000,4.1100000000000003,89.8,10.41,418.5,84.1,1.0900000000000001,102.89,OK,33.1
836,2026-08-07T04:45:00.000,2.7,86.1,6.77,313.5,81.900000000000006,0.66,102.92,OK,40.6
